phase,measure,ms
both,query,3.9353
both,query,3.1249
both,query,1.4719
both,query,5.0967
both,query,4.5030
both,query,3.0930
both,query,4.4882
both,query,2.8737
both,query,2.3483
both,query,4.1094
both,query,5.2632
both,query,8.1810
both,query,5.7962
both,query,4.3011
both,query,6.6569
both,query,7.8288
both,query,6.3027
both,query,6.8691
both,query,4.6702
both,query,6.5982
both,query,11.9948
both,query,7.3564
both,query,6.0344
both,query,4.1287
both,query,3.9929
both,query,5.5836
both,query,7.2837
both,query,3.2101
both,query,2.7054
both,query,4.0833
both,query,2.0940
both,query,1.6672
both,query,3.1661
both,query,4.8015
both,query,4.4001
both,query,7.2147
both,query,3.5869
both,query,3.3502
both,query,3.3579
both,query,2.6949
both,query,5.7489
both,query,5.3209
both,query,3.7695
both,query,12.2831
both,query,4.3357
both,query,4.9691
both,query,3.5076
both,query,4.4429
both,query,8.6022
both,query,18.3056
both,query,1.6655
both,query,3.9915
both,query,14.6092
both,query,2.7721
both,query,1.4924
both,query,4.0715
both,query,5.0793
both,query,4.2899
both,query,4.7590
both,query,4.4378
both,query,4.7737
both,query,5.5409
both,query,3.9573
both,query,6.4122
both,query,4.4606
both,query,4.2748
both,query,2.4338
both,query,9.3973
both,query,4.1175
both,query,5.0749
both,query,3.3310
both,query,3.5529
both,query,5.3302
both,query,7.0189
both,query,3.9133
both,query,4.8730
both,query,4.2910
both,query,2.4563
both,query,3.8398
both,query,2.7672
both,query,2.3125
both,query,8.5381
both,query,7.8606
both,query,5.5605
both,query,5.4405
both,query,3.1737
both,query,1.9372
both,query,7.8329
both,query,4.4352
both,query,3.5386
both,query,8.8093
both,query,6.6607
both,query,10.2280
both,query,6.9563
both,query,3.0295
both,query,2.5827
both,query,3.4600
both,query,3.9658
both,query,6.3264
both,query,4.6865
both,query,7.7184
both,query,7.9673
both,query,8.7998
both,query,3.5394
both,query,7.4644
both,query,4.8448
both,query,8.1960
both,query,4.0932
both,query,7.9420
both,query,5.9994
both,query,2.6714
both,query,15.7509
both,query,6.3792
both,query,6.9971
both,query,4.5565
both,query,8.3819
both,query,3.0487
both,query,4.2090
both,query,7.3365
both,query,4.6528
both,query,6.7790
both,query,3.9515
both,query,3.2613
both,query,5.0462
both,query,6.1391
both,query,5.1810
both,query,5.4992
both,query,5.3183
both,query,5.1783
both,query,4.1569
both,query,6.9616
both,query,10.3004
both,query,3.7904
both,query,2.9186
both,query,3.4430
both,query,7.3492
both,query,5.0196
both,query,4.0100
both,query,1.1892
both,query,5.3184
both,query,3.6187
both,query,2.5073
both,query,3.4367
both,query,5.9816
both,query,4.0918
both,query,3.1004
both,query,3.0991
both,query,2.8235
both,query,1.7132
both,query,3.2313
both,query,9.4791
both,query,3.0927
both,query,4.7867
both,query,2.8174
both,query,2.0879
both,query,2.0409
both,query,4.8017
both,query,4.2165
both,query,5.2904
both,query,3.9715
both,query,2.4270
both,query,2.3239
both,query,4.0549
both,query,3.2281
both,query,5.1504
both,query,2.9930
both,query,4.4554
both,query,4.9352
both,query,4.3944
both,query,13.1794
both,query,12.1476
both,query,3.4430
both,query,3.7557
both,query,4.4660
both,query,4.9436
both,query,5.8261
both,query,6.7806
both,query,5.2720
both,query,3.7113
both,query,5.2831
both,query,4.1083
both,query,9.8010
both,query,2.6584
both,query,10.8270
both,query,1.9730
both,query,3.1105
both,query,14.4737
both,query,2.2035
both,query,7.7154
both,query,4.8282
both,query,3.5638
both,query,7.6796
both,query,4.9228
both,query,3.2975
both,query,4.4380
both,query,1.6756
both,query,1.9498
both,query,6.9059
both,query,2.0794
both,query,2.2669
both,query,8.0410
both,query,5.3910
both,query,2.6688
both,query,3.4913
both,query,2.0448
both,query,1.3672
both,query,3.0023
both,query,6.1832
both,query,5.8847
both,query,3.5480
both,query,3.7523
both,query,8.1899
both,query,7.0184
both,query,5.1256
both,query,3.4983
both,query,2.7833
both,query,3.9007
both,query,4.0605
both,query,4.9045
both,query,3.5149
both,query,7.1967
both,query,4.7838
both,query,5.6208
both,query,3.9333
both,query,4.9069
both,query,2.7204
both,query,4.7401
both,query,5.0856
both,query,3.5579
both,query,4.4668
both,query,4.5790
both,query,8.9612
both,query,5.7474
both,query,6.4876
both,query,6.5881
both,query,3.6204
both,query,3.3807
both,query,3.5475
both,query,3.8257
both,query,10.7949
both,query,6.0395
both,query,5.0036
both,query,7.1855
both,query,4.4476
both,query,4.5795
both,query,2.5427
both,query,3.9686
both,query,3.5254
both,query,6.3957
both,query,2.7200
both,query,2.6397
both,query,5.3925
both,query,5.5648
both,query,4.7060
both,query,3.9475
both,query,2.5554
both,query,3.3746
both,query,4.8530
both,query,2.9491
both,query,4.3463
both,query,5.4846
both,query,3.5477
both,query,3.4418
both,query,5.6668
both,query,6.7287
both,query,7.4968
both,query,3.5951
both,query,2.7671
both,query,5.3450
both,query,7.2534
both,query,4.9080
both,query,7.7824
both,query,2.9308
both,query,6.4923
both,query,4.2212
both,query,4.7362
both,query,6.4858
both,query,5.0414
both,query,1.7764
both,query,5.1065
both,query,5.2885
both,query,2.7477
both,query,9.3704
both,query,8.0997
both,query,6.0928
both,query,4.1939
both,query,3.9411
both,query,4.9706
both,query,5.1528
both,query,15.2544
both,query,1.8798
both,query,3.5733
both,query,3.7442
both,query,1.7775
both,query,4.0783
both,query,7.4096
both,query,2.8396
both,query,3.3935
both,query,2.1406
both,query,3.0946
both,query,18.7431
both,query,2.5574
both,query,3.7224
both,query,3.7398
both,query,3.6419
both,query,2.2153
both,query,2.4046
both,query,3.6619
both,query,4.6516
both,query,3.7109
both,query,4.8081
both,query,3.3064
both,query,3.6401
both,query,2.7220
both,query,2.5533
both,query,2.3418
both,query,3.9986
both,query,5.6003
both,query,3.5935
both,query,5.8972
both,query,3.7476
both,query,5.8279
both,query,5.1875
both,query,3.8401
both,query,4.3654
both,query,3.0889
both,query,8.6620
both,query,5.9342
both,query,3.2993
both,query,6.4596
both,query,9.4165
both,query,3.4894
both,query,6.0625
both,query,4.1659
both,query,4.2851
both,query,5.8352
both,query,4.4166
both,query,3.9357
both,query,2.8145
both,query,4.6154
both,query,4.6885
both,query,6.7321
both,query,3.7406
both,query,4.1376
both,query,1.6647
both,query,4.0849
both,query,4.8740
both,query,2.3243
both,query,4.5818
both,query,3.4896
both,query,3.8653
both,query,4.0863
both,query,3.9296
both,query,2.5462
both,query,5.3366
both,query,4.8163
both,query,4.6938
both,query,2.3849
both,query,4.3528
both,query,4.9780
both,query,4.6174
both,query,4.5937
both,query,2.2000
both,query,12.1369
both,query,2.4075
both,query,2.1614
both,query,2.6484
both,query,6.1024
both,query,3.4704
both,query,6.4030
both,query,5.4116
both,query,8.0623
both,query,3.1408
both,query,4.2117
both,query,2.3236
both,query,14.4577
both,query,13.4984
both,query,1.4809
both,query,9.5597
both,query,1.7884
both,query,7.1311
both,query,7.7335
both,query,3.6913
both,query,7.4003
both,query,2.5672
both,query,9.7871
both,query,4.1358
both,query,7.6481
both,query,5.3859
both,query,3.8887
both,query,4.8661
both,query,4.5029
both,query,5.7735
both,query,14.6049
both,query,4.4444
both,query,2.7379
both,query,3.8629
both,query,4.1615
both,query,4.6648
both,query,4.9212
both,query,5.9093
both,query,7.0639
both,query,3.4771
both,query,3.3246
both,query,9.2299
both,query,5.1330
both,query,2.6724
both,query,5.4640
both,query,6.9443
both,query,3.8311
both,query,4.8308
both,query,2.9168
both,query,6.6144
both,query,3.2618
both,query,3.9925
both,query,2.6594
both,query,3.8021
both,query,5.8918
both,query,5.0068
both,query,3.3482
both,query,4.0637
both,query,2.6719
both,query,5.5766
both,query,3.7846
both,query,4.5002
both,query,1.8364
both,query,4.8155
both,query,5.6657
both,query,6.1920
both,query,3.9026
both,query,8.8377
both,query,5.2424
both,query,3.5822
both,query,4.4206
both,query,4.3255
both,query,4.1759
both,query,2.0407
both,query,3.6816
both,query,2.1534
both,query,6.9401
both,query,1.3917
both,query,7.1443
both,query,3.0496
both,query,5.5862
both,query,5.5256
both,query,14.9178
both,query,3.4595
both,query,4.0381
both,query,3.3146
both,query,3.2074
both,query,4.2518
both,query,3.3610
both,query,3.1594
both,query,6.6039
both,query,4.6802
both,query,2.3282
both,query,2.5847
both,query,5.0981
both,query,3.8962
both,query,5.2038
both,query,8.6017
both,query,4.2991
both,query,4.8190
both,query,3.7239
both,query,3.8771
both,query,4.6001
both,query,5.4585
both,query,2.3666
both,query,6.4474
both,query,4.1465
both,query,4.1285
both,query,4.4481
both,query,12.1728
both,query,5.4377
both,query,7.1600
both,query,8.5605
both,query,7.3162
both,query,5.6212
both,query,10.5512
both,query,7.5786
both,query,5.9691
both,query,6.4996
both,query,4.1443
both,query,3.8830
both,query,5.1715
both,query,4.6287
both,query,8.8405
both,query,9.4600
both,query,5.0229
both,query,3.7728
both,query,3.6920
both,query,4.3168
both,query,5.8052
both,query,3.1708
both,query,2.0345
both,query,3.0418
both,query,2.2227
both,query,2.0939
both,query,1.6538
both,query,1.1661
both,query,9.1496
both,query,3.8882
both,query,5.2292
both,query,3.8869
both,query,8.8819
both,query,4.7264
both,query,3.7971
both,query,3.7746
both,query,4.9272
both,query,8.5233
both,query,4.7700
both,query,3.5131
both,query,2.6533
both,query,3.5194
both,query,5.9983
both,query,2.5876
both,query,1.8071
both,query,6.6168
both,query,2.5006
both,query,3.2025
both,query,3.1351
both,query,2.1923
both,query,6.1651
both,query,4.0236
both,query,5.6863
both,query,8.8733
both,query,4.0487
both,query,4.2690
both,query,6.9118
both,query,9.0166
both,query,3.5474
both,query,5.0654
both,query,4.2260
both,query,5.7473
both,query,3.6309
both,query,4.8037
both,query,5.3878
both,query,3.6446
both,query,4.2322
both,query,2.4420
both,query,1.8972
both,query,4.4262
both,query,19.7563
both,query,3.3803
both,query,5.9434
both,query,5.0041
both,query,3.0731
both,query,4.8015
both,query,4.6143
both,query,1.6994
both,query,1.5849
both,query,2.4080
both,query,2.3658
both,query,3.7826
both,query,3.9637
both,query,2.3623
both,query,3.8638
both,query,3.4179
both,query,3.6972
both,query,2.6699
both,query,3.3721
both,query,3.2006
both,query,5.1564
both,query,3.9504
both,query,4.5289
both,query,3.4403
both,query,5.9487
both,query,9.1094
both,query,4.0875
both,query,1.8997
both,query,4.3180
both,query,4.0445
both,query,4.8748
both,query,6.9357
both,query,4.3385
both,query,9.5568
both,query,6.7485
both,query,5.4111
both,query,8.3532
both,query,6.1389
both,query,7.0502
both,query,2.9770
both,query,4.6573
both,query,5.5239
both,query,5.9381
both,query,12.1286
both,query,2.1835
both,query,5.4935
both,query,2.4165
both,query,5.2855
both,query,7.7050
both,query,3.1940
both,query,12.3565
both,query,4.4863
both,query,2.8096
both,query,4.1556
both,query,4.2551
both,query,4.0470
both,query,4.5675
both,query,3.0628
both,query,3.9395
both,query,4.3837
both,query,2.0676
both,query,7.9341
both,query,2.4490
both,query,5.6796
both,query,4.3123
both,query,6.6399
both,query,5.1566
both,query,6.6253
both,query,7.7976
both,query,12.5187
both,query,5.9628
both,query,4.3151
both,query,3.1244
both,query,3.8989
both,query,5.1042
both,query,5.5200
both,query,2.6417
both,query,4.2524
both,query,6.3450
both,query,5.5789
both,query,5.1114
both,query,6.0919
both,query,4.8113
both,query,14.7073
both,query,3.8478
both,query,4.5395
both,query,5.7137
both,query,5.9591
both,query,7.0804
both,query,3.1240
both,query,3.9783
both,query,4.8626
both,query,3.7556
both,query,1.8272
both,query,8.5078
both,query,5.9411
both,query,4.0730
both,query,4.4958
both,query,3.5128
both,query,2.8813
both,query,6.4494
both,query,3.0298
both,query,5.6075
both,query,15.6222
both,query,3.4476
both,query,7.9602
both,query,3.6041
both,query,2.9755
both,query,4.5338
both,query,2.9960
both,query,2.3049
both,query,4.1773
both,query,3.9493
both,query,5.9906
both,query,4.1641
both,query,2.5592
both,query,2.3768
both,query,4.8290
both,query,2.4949
both,query,3.5075
both,query,3.1760
both,query,2.6890
both,query,2.6425
both,query,7.7758
both,query,5.5112
both,query,7.5366
both,query,5.8997
both,query,2.9466
both,query,7.3631
both,query,2.0735
both,query,2.5917
both,query,4.0151
both,query,3.2816
both,query,4.9112
both,query,6.4802
both,query,8.7000
both,query,5.6787
both,query,3.4970
both,query,9.5627
both,query,4.6335
both,query,2.7428
both,query,3.6764
both,query,7.3200
both,query,7.9731
both,query,9.4785
both,query,11.3245
both,query,3.1547
both,query,6.1580
both,query,3.1543
both,query,3.2223
both,query,4.0765
both,query,3.0895
both,query,3.5268
both,query,5.6650
both,query,2.8577
both,query,3.9451
both,query,1.3210
both,query,1.5172
both,query,7.2504
both,query,4.0058
both,query,4.1531
both,query,3.1027
both,query,6.0589
both,query,4.5056
both,query,6.6972
both,query,8.2583
both,query,3.0797
both,query,8.8287
both,query,10.6669
both,query,1.7896
both,query,4.3221
both,query,3.9416
both,query,2.4663
both,query,5.1550
both,query,6.4786
both,query,3.5339
both,query,5.9654
both,query,4.1095
both,query,3.3814
both,query,1.8315
both,query,6.9744
both,query,3.9664
both,query,4.8784
both,query,4.8774
both,query,5.6672
both,query,5.1590
both,query,1.8419
both,query,10.6132
both,query,1.6557
both,query,6.1957
both,query,3.0041
both,query,3.5089
both,query,3.9911
both,query,4.6995
both,query,6.0558
both,query,1.2149
both,query,6.9098
both,query,2.8159
both,query,6.1629
both,query,1.6067
both,query,4.5507
both,query,5.4959
both,query,3.9015
both,query,2.5675
both,query,6.7951
both,query,11.9394
both,query,3.9317
both,query,1.8166
both,query,6.5630
both,query,6.1546
both,query,3.5583
both,query,4.2344
both,query,3.2061
both,query,4.9960
both,query,4.6873
both,query,5.1225
both,query,3.1657
both,query,4.2722
both,query,4.6906
both,query,5.7742
both,query,8.4784
both,query,4.9736
both,query,2.8461
both,query,3.4357
both,query,4.4520
both,query,5.3219
both,query,7.3649
both,query,2.6956
both,query,4.9275
both,query,3.6150
both,query,4.5941
both,query,6.4689
both,query,13.0528
both,query,2.1196
both,query,7.8324
both,query,7.0364
both,query,4.8866
both,query,13.7117
both,query,5.7975
both,query,6.0243
both,query,6.3248
both,query,7.8860
both,query,4.7664
both,query,16.5391
both,query,5.5843
both,query,4.3847
both,query,4.1088
both,query,15.0296
both,query,6.7315
both,query,3.3566
both,query,3.8292
both,query,2.8741
both,query,4.0434
both,query,1.8335
both,query,7.4847
both,query,4.1963
both,query,1.5524
both,query,1.6664
both,query,8.4175
both,query,3.8008
both,query,5.3504
both,query,2.6731
both,query,5.7928
both,query,3.1161
both,query,3.1068
both,query,2.9423
both,query,3.7579
both,query,7.6656
both,query,15.5147
both,query,4.7703
both,query,5.9029
both,query,4.1204
both,query,3.6234
both,query,11.4475
both,query,4.9381
both,query,3.7805
both,query,1.9507
both,query,4.3841
both,query,3.3418
both,query,4.3997
both,query,4.7320
both,query,3.3661
both,query,9.5330
both,query,5.8595
both,query,3.6719
both,query,3.8275
both,query,4.3422
both,query,2.4001
both,query,8.8256
both,query,3.8757
both,query,3.1890
both,query,5.2725
both,query,3.3816
both,query,4.9492
both,query,4.2843
both,query,4.7522
both,query,6.4837
both,query,2.6485
both,query,7.0054
both,query,4.6423
both,query,3.2704
both,query,3.8388
both,query,2.0723
both,query,3.0935
both,query,4.3642
both,query,1.6364
both,query,3.3262
both,query,2.7622
both,query,5.5115
both,query,2.5579
both,query,4.5448
both,query,5.1298
both,query,5.5575
both,query,4.9033
both,query,5.0416
both,query,8.1374
both,query,4.7186
both,query,3.0818
both,query,7.1130
both,query,5.7909
both,query,5.4635
both,query,5.4119
both,query,6.5776
both,query,6.7606
both,query,3.7343
both,query,5.9912
both,query,4.2550
both,query,3.9139
both,query,3.8598
both,query,5.4465
both,query,1.4555
both,query,1.9204
both,query,2.4747
both,query,7.7829
both,query,5.6048
both,query,6.3867
both,query,8.7939
both,query,3.7756
both,query,6.2166
both,query,3.9188
both,query,15.1620
both,query,10.1068
both,query,8.1691
both,query,14.0933
both,query,3.2930
both,query,6.0567
both,query,7.9812
both,query,13.8760
both,query,2.6534
both,query,5.4482
both,query,2.2466
both,query,3.2823
both,query,3.1550
both,query,2.7948
both,query,1.9395
both,query,2.8610
both,query,1.2424
both,query,1.9386
both,query,6.2348
both,query,4.6590
both,query,5.1837
both,query,8.3888
both,query,6.4331
both,query,5.4892
both,query,4.6771
both,query,2.7904
both,query,6.8501
both,query,3.6503
both,query,2.5595
both,query,5.5618
both,query,2.5975
both,query,5.1910
both,query,3.9189
both,query,5.8646
both,query,2.9219
both,query,3.3851
both,query,3.5011
both,query,4.7884
both,query,3.4882
both,query,5.0892
both,query,7.5772
both,query,2.4704
both,query,5.3317
both,query,4.1667
both,query,2.3880
both,query,6.7785
both,query,3.7165
both,query,5.1817
both,query,4.8277
both,query,6.8054
both,query,7.1012
both,query,2.7331
both,query,3.0680
both,query,4.4665
both,query,4.6790
both,query,3.1631
both,query,8.2649
both,query,5.6081
both,query,3.2606
both,query,4.7649
both,query,3.5206
both,query,3.6252
both,query,6.1998
both,query,3.6236
both,query,6.0507
both,query,3.8770
both,query,6.8281
both,query,3.2662
both,query,6.5936
both,query,3.1973
both,query,2.3057
both,query,3.0343
both,query,5.3920
both,query,5.4501
both,query,4.6071
both,query,3.7693
both,query,2.7465
both,query,3.0700
both,query,3.4344
both,query,4.8193
both,query,4.4035
both,query,3.0541
both,query,3.3111
both,query,5.3514
both,query,4.1856
both,query,5.8723
both,query,2.7798
both,query,6.9643
both,query,2.9091
both,query,7.3332
both,query,2.5002
both,query,5.9853
both,query,17.8587
both,query,1.6321
both,query,5.7187
both,query,7.0139
both,query,7.8719
both,query,22.3707
both,query,7.7276
both,query,2.7473
both,query,7.6407
both,query,7.2722
both,query,4.7665
both,query,6.2957
both,query,5.1292
both,query,3.9970
both,query,2.7027
both,query,4.6868
both,query,8.4375
both,query,3.2935
both,query,4.4247
both,query,3.2637
both,query,3.4564
both,query,4.2101
both,query,4.4336
both,query,3.3534
both,query,3.8731
both,query,4.6641
both,query,8.3272
both,query,7.4156
both,query,2.4748
both,query,2.2422
both,query,6.5836
both,query,1.4047
both,query,4.9471
both,query,6.4812
both,query,3.1926
both,query,9.3531
both,query,2.8152
both,query,5.4724
both,query,4.7385
both,query,4.1050
both,query,4.3918
both,query,6.8469
both,query,2.7766
both,query,2.8247
both,query,5.9906
both,query,4.2406
both,query,5.8667
both,query,4.3681
both,query,5.4712
both,query,6.4972
both,query,5.6327
both,query,4.5245
both,query,5.9277
both,query,2.9874
both,query,1.8026
both,query,4.0846
both,query,2.4223
both,query,6.1561
both,query,7.9413
both,query,5.8833
both,query,4.3872
both,query,2.2765
both,query,4.7191
both,query,2.9086
both,query,4.0751
both,query,2.0763
both,query,4.6565
both,query,4.2193
both,query,6.5412
both,query,4.2884
both,query,9.3776
both,query,5.8375
both,query,2.7208
both,query,3.3969
both,query,26.7642
both,query,3.5213
both,query,3.0164
both,query,4.7415
both,query,3.3809
both,query,5.0900
both,query,3.1288
both,query,3.9996
both,query,2.0677
both,query,1.5006
both,query,4.7021
both,query,3.9360
both,query,4.1562
both,query,4.2317
both,query,4.5295
both,query,3.3642
both,query,11.0824
both,query,2.1364
both,query,4.6661
both,query,4.1440
both,query,2.2894
both,query,6.2466
both,query,7.2502
both,query,2.2791
both,query,4.9140
both,query,8.9163
both,query,4.7107
both,query,7.9661
both,query,5.0065
both,query,6.6592
both,query,5.5021
both,query,7.5596
both,query,3.1902
both,query,6.8102
both,query,11.1966
both,query,6.9494
both,query,5.8762
both,query,4.5943
both,query,1.5579
both,query,4.5026
both,query,4.3651
both,query,2.2616
both,query,3.0420
both,query,4.3009
both,query,3.1809
both,query,3.6776
both,query,3.2480
both,query,4.3749
both,query,2.6272
both,query,2.8437
both,query,1.6902
both,query,2.6498
both,query,9.3259
both,query,4.6059
both,query,4.2105
both,query,5.3257
both,query,4.9019
both,query,4.4923
both,query,4.3572
both,query,9.5085
both,query,6.5530
both,query,6.2085
both,query,5.7396
both,query,7.0951
both,query,3.3175
both,query,4.2207
both,query,5.2477
both,query,8.6701
both,query,2.4738
both,query,4.6983
both,query,4.9045
both,query,8.8847
both,query,5.8420
both,query,5.8859
both,query,3.5740
both,query,4.3562
both,query,3.3209
both,query,2.3593
both,query,6.5103
both,query,3.3952
both,query,3.5506
both,query,1.9180
both,query,4.8966
both,query,4.8145
both,query,3.6768
both,query,3.0429
both,query,4.7639
both,query,4.5286
both,query,3.6723
both,query,3.3247
both,query,4.8610
both,query,3.3323
both,query,8.3899
both,query,3.4466
both,query,5.3637
both,query,2.7793
both,query,3.5502
both,query,2.6322
both,query,2.2599
both,query,2.3594
both,query,3.4951
both,query,5.1928
both,query,2.5334
both,query,2.2110
both,query,3.1223
both,query,3.4329
both,query,4.0642
both,query,3.7058
both,query,5.2841
both,query,3.1885
both,query,4.8958
both,query,4.2843
both,query,5.2302
both,query,2.4397
both,query,5.3955
both,query,4.5105
both,query,3.6291
both,query,4.3573
both,query,5.9549
both,query,3.6075
both,query,4.3346
both,query,3.5500
both,query,3.5784
both,query,4.4691
both,query,2.6295
both,query,3.7091
both,query,4.2175
both,query,4.8646
both,query,3.1614
both,query,4.0916
both,query,9.5922
both,query,6.7553
both,query,2.6380
both,query,7.4647
both,query,3.6036
both,query,3.3655
both,query,3.0089
both,query,6.6400
both,query,4.7756
both,query,6.3425
both,query,6.0071
both,query,10.4831
both,query,3.9672
both,query,3.9487
both,query,3.7766
both,query,2.9757
both,query,5.6537
both,query,5.1365
both,query,3.8006
both,query,5.8088
both,query,3.7065
both,query,5.6772
both,query,9.1024
both,query,8.7564
both,query,4.8773
both,query,5.2867
both,query,5.6326
both,query,6.3970
both,query,8.0906
both,query,7.8362
both,query,7.4127
both,query,5.6040
both,query,11.1385
both,query,4.5828
both,query,1.7975
both,query,3.1006
both,query,1.9281
both,query,2.0930
both,query,6.0712
both,query,2.1067
both,query,5.8763
both,query,5.9463
both,query,10.2727
both,query,5.9054
both,query,9.7187
both,query,4.6806
both,query,3.3857
both,query,3.6532
both,query,2.3393
both,query,3.8186
both,query,7.8602
both,query,3.6660
both,query,4.0057
both,query,7.9132
both,query,3.7004
both,query,6.7613
both,query,5.3139
both,query,4.1323
both,query,2.9338
both,query,2.9277
both,query,4.2547
both,query,19.7363
both,query,2.9039
both,query,4.6389
both,query,2.7633
both,query,1.6416
both,query,5.3421
both,query,3.8989
both,query,3.4720
both,query,5.7681
both,query,11.6578
both,query,6.7713
both,query,7.1012
both,query,4.6756
both,query,3.3092
both,query,4.4715
both,query,4.4306
both,query,5.1785
both,query,3.0315
both,query,11.4103
both,query,4.7534
both,query,5.2128
both,query,4.5347
both,query,4.1366
both,query,3.6733
both,query,2.1361
both,query,10.1673
both,query,3.9582
both,query,4.3136
both,query,3.4404
both,query,3.3629
both,query,2.8491
both,query,4.6605
both,query,8.6569
both,query,4.1289
both,query,6.2941
both,query,8.5044
both,query,3.4250
both,query,8.9990
both,query,2.4251
both,query,3.8048
both,query,4.5795
both,query,6.1924
both,query,4.5545
both,query,2.5329
both,query,1.7206
both,query,2.1879
both,query,22.9044
both,query,2.4615
both,query,1.9280
both,query,16.7683
both,query,1.9864
both,query,7.9849
both,query,8.4993
both,query,5.7455
both,query,7.7475
both,query,10.1463
both,query,2.5063
both,query,3.5265
both,query,5.1407
both,query,2.5228
both,query,2.3755
both,query,4.7910
both,query,8.8248
both,query,3.3703
both,query,3.8153
both,query,3.7514
both,query,5.8652
both,query,2.3251
both,query,2.5100
both,query,9.7689
both,query,5.1171
both,query,6.6377
both,query,2.9756
both,query,3.0225
both,query,4.7572
both,query,10.0531
both,query,4.8247
both,query,3.9687
both,query,9.6425
both,query,3.5386
both,query,2.6578
both,query,2.5623
both,query,3.7892
both,query,4.2539
both,query,6.4554
both,query,2.6752
both,query,5.0316
both,query,4.0424
both,query,4.2955
both,query,3.5190
both,query,1.6591
both,query,4.0132
both,query,4.2020
both,query,3.1289
both,query,3.5315
both,query,4.0695
both,query,2.7450
both,query,3.9260
both,query,3.7338
both,query,3.9108
both,query,4.9673
both,query,1.3770
both,query,2.2049
both,query,7.8097
both,query,4.1123
both,query,5.9249
both,query,3.7928
both,query,3.0627
both,query,4.6983
both,query,4.0874
both,query,2.5543
both,query,7.6583
both,query,4.5231
both,query,3.2857
both,query,3.3785
both,query,2.2640
both,query,2.0143
both,query,3.5821
both,query,1.1732
both,query,2.6180
both,query,4.7512
both,query,2.9527
both,query,4.3574
both,query,4.3360
both,query,5.3285
both,query,4.6089
both,query,2.1385
both,query,2.8474
both,query,2.3353
both,query,3.7731
both,query,3.1179
both,query,8.8703
both,query,6.0634
both,query,8.7685
both,query,2.4554
both,query,3.6763
both,query,4.9030
both,query,4.4533
both,query,8.2919
both,query,5.9537
both,query,5.6255
both,query,7.2321
both,query,4.7060
both,query,5.7285
both,query,4.2169
both,query,2.9883
both,query,3.0420
both,query,3.0454
both,query,9.2037
both,query,7.7430
both,query,4.8031
both,query,2.2943
both,query,4.2924
both,query,6.0964
both,query,5.6784
both,query,4.4357
both,query,3.3745
both,query,4.1697
both,query,3.5664
both,query,2.9208
both,query,4.0799
both,query,7.8382
both,query,5.2604
both,query,6.5037
both,query,4.4054
both,query,4.9677
both,query,2.9672
both,query,3.0423
both,query,5.7504
both,query,7.7674
both,query,8.8557
both,query,9.7036
both,query,14.9448
both,query,3.0713
both,query,4.1562
both,query,3.5710
both,query,3.8961
both,query,3.3265
both,query,8.0651
both,query,6.5040
both,query,2.8260
both,query,4.6277
both,query,5.6366
both,query,5.4151
both,query,2.4529
both,query,5.5118
both,query,9.9631
both,query,3.7212
both,query,2.6488
both,query,3.0905
both,query,2.7301
both,query,6.7326
both,query,3.6970
both,query,5.6911
both,query,7.6100
both,query,4.5124
both,query,5.7093
both,query,3.6330
both,query,1.6817
both,query,8.6099
both,query,9.3191
both,query,3.1553
both,query,4.0980
both,query,3.2520
both,query,4.9746
both,query,4.3340
both,query,4.7315
both,query,5.1935
both,query,4.6955
both,query,2.2371
both,query,7.9312
both,query,5.5815
both,query,3.4414
both,query,4.0577
both,query,4.4504
both,query,5.5362
both,query,5.7717
both,query,3.8516
both,query,3.5756
both,query,4.8323
both,query,4.2805
both,query,4.8324
both,query,2.3660
both,query,5.7365
both,query,10.4619
both,query,2.2732
both,query,3.7925
both,query,3.3302
both,query,5.4925
both,query,3.7723
both,query,12.4895
both,query,25.2026
both,query,5.5527
both,query,3.1927
both,query,5.1473
both,query,6.0015
both,query,4.7568
both,query,5.2995
both,query,4.4459
both,query,5.4128
both,query,5.6690
both,query,2.5594
both,query,2.4716
both,query,5.0906
both,query,3.9709
both,query,5.9292
both,query,3.2472
both,query,9.0374
both,query,2.5021
both,query,1.8572
both,query,5.5590
both,query,3.4026
both,query,5.9991
both,query,8.2085
both,query,6.9662
both,query,2.8227
both,query,4.1149
both,query,3.7521
both,query,4.2071
both,query,3.2913
both,query,2.9686
both,query,6.3580
both,query,5.3990
both,query,5.7030
both,query,5.3135
both,query,3.4761
both,query,5.7137
both,query,2.9510
both,query,5.0445
both,query,6.0790
both,query,6.7321
both,query,4.9635
both,query,5.4231
both,query,6.6305
both,query,5.6813
both,query,5.1175
both,query,3.9659
both,query,2.1814
both,query,3.0804
both,query,6.6696
both,query,4.4001
both,query,6.1838
both,query,7.4093
both,query,6.1605
both,query,6.0194
both,query,7.1978
both,query,3.4701
both,query,9.1171
both,query,4.8132
both,query,3.4604
both,query,6.1219
both,query,5.1809
both,query,3.6610
both,query,3.7241
both,query,5.8235
both,query,3.8378
both,query,4.6008
both,query,1.9107
both,query,8.6731
both,query,3.1730
both,query,4.3314
both,query,2.2558
both,query,2.5990
both,query,2.4374
both,query,8.5030
both,query,4.0154
both,query,3.8813
both,query,2.1519
both,query,4.4483
both,query,4.6187
both,query,5.0168
both,query,2.5206
both,query,1.3667
both,query,5.0260
both,query,2.7807
both,query,4.1663
both,query,6.2122
both,query,6.2005
both,query,3.2552
both,query,3.1788
both,query,3.5560
both,query,2.5159
both,query,4.3184
both,query,8.1736
both,query,2.8325
both,query,6.6607
both,query,6.5123
both,query,2.9908
both,query,6.9510
both,query,6.0890
both,query,9.1772
both,query,5.9781
both,query,3.4294
both,query,5.8652
both,query,2.4574
both,query,7.6150
both,query,5.0870
both,query,2.7544
both,query,1.3661
both,query,7.0643
both,query,3.9773
both,query,5.0728
both,query,13.6547
both,query,3.2822
both,query,7.8133
both,query,8.6796
both,query,7.9698
both,query,5.1681
both,query,7.6254
both,query,13.8961
both,query,7.7424
both,query,14.0477
both,query,2.5746
both,query,11.3432
both,query,6.8904
both,query,12.0748
both,query,4.3136
both,query,3.9518
both,query,4.5731
both,query,1.6254
both,query,2.5319
both,query,4.4419
both,query,4.7140
both,query,5.8526
both,query,3.4867
both,query,4.3716
both,query,2.5615
both,query,2.4824
both,query,3.9447
both,query,3.7814
both,query,6.4751
both,query,4.2427
both,query,3.1870
both,query,3.4398
both,query,3.0624
both,query,8.1297
both,query,5.7179
both,query,5.7662
both,query,6.6376
both,query,5.1385
both,query,1.8437
both,query,5.0056
both,query,4.9675
both,query,2.4080
both,query,5.7023
both,query,1.6049
both,query,3.2064
both,query,2.1920
both,query,4.0406
both,query,4.7482
both,query,6.4156
both,query,3.8160
both,query,3.8170
both,query,4.9581
both,query,6.5593
both,query,5.3197
both,query,7.1227
both,query,3.4168
both,query,3.9309
both,query,4.4053
both,query,3.9581
both,query,9.3191
both,query,4.5914
both,query,4.1442
both,query,2.3076
both,query,2.0223
both,query,3.1222
both,query,3.4430
both,query,8.4915
both,query,3.5152
both,query,5.8101
both,query,11.5649
both,query,5.0132
both,query,8.6009
both,query,4.0942
both,query,4.2650
both,query,4.3502
both,query,3.4386
both,query,4.6809
both,query,2.6691
both,query,1.8699
both,query,2.3706
both,query,1.6158
both,query,2.7144
both,query,3.2204
both,query,4.1814
both,query,4.6832
both,query,3.6300
both,query,2.2268
both,query,7.5072
both,query,3.6119
both,query,3.8130
both,query,5.9190
both,query,3.8967
both,query,4.4204
both,query,3.9101
both,query,2.4877
both,query,1.8001
both,query,5.8593
both,query,11.9392
both,query,2.2318
both,query,7.2664
both,query,2.3145
both,query,2.3070
both,query,4.1757
both,query,5.9755
both,query,5.2600
both,query,6.3703
both,query,5.5090
both,query,9.2091
both,query,2.3697
both,query,3.4958
both,query,5.2462
both,query,6.0146
both,query,6.6257
both,query,3.6371
both,query,3.5180
both,query,4.2273
both,query,3.3049
both,query,3.9762
both,query,1.6644
both,query,4.8231
both,query,2.1490
both,query,5.3879
both,query,6.8475
both,query,4.6545
both,query,8.6591
both,query,5.7668
both,query,5.2974
both,query,6.4477
both,query,1.3782
both,query,1.9548
both,query,3.6758
both,query,4.2845
both,query,5.1232
both,query,2.0596
both,query,2.5648
both,query,2.2902
both,query,3.0774
both,query,6.1230
both,query,6.3842
both,query,6.3582
both,query,2.9509
both,query,2.4055
both,query,1.3381
both,query,4.6632
both,query,6.9964
both,query,3.6279
both,query,2.9609
both,query,4.2679
both,query,3.7342
both,query,8.7648
both,query,6.8842
both,query,6.3357
both,query,3.6020
both,query,4.7101
both,query,3.6897
both,query,4.1312
both,query,3.4175
both,query,10.0019
both,query,7.5289
both,query,4.7673
both,query,3.5123
both,query,6.4675
both,query,4.7997
both,query,5.5026
both,query,6.0122
both,query,4.9827
both,query,2.6023
both,query,3.5505
both,query,1.2933
both,query,5.3618
both,query,6.0015
both,query,5.2786
both,query,4.0534
both,query,5.2459
both,query,6.5815
both,query,3.1773
both,query,4.7505
both,query,5.1223
both,query,5.1703
both,query,2.9157
both,query,4.6473
both,query,2.5900
both,query,4.8612
both,query,3.2179
both,query,5.5133
both,query,3.9081
both,query,3.3493
both,query,5.4607
both,query,5.7206
both,query,3.3574
both,query,6.4291
both,query,4.2707
both,query,5.8360
both,query,8.0172
both,query,4.8953
both,query,7.6986
both,query,27.7686
both,query,1.9947
both,query,8.2449
both,query,47.3700
both,query,4.3465
both,query,5.4343
both,query,1.7665
both,query,2.0375
both,query,1.4540
both,query,2.4509
both,query,2.5821
both,query,3.2515
both,query,4.2061
both,query,6.7181
both,query,3.8744
both,query,3.0471
both,query,2.6629
both,query,5.8536
both,query,3.8891
both,query,3.3124
both,query,2.1156
both,query,2.4901
both,query,3.5020
both,query,6.8396
both,query,1.3895
both,query,4.7191
both,query,8.7955
both,query,7.0361
both,query,7.7177
both,query,4.7128
both,query,6.0734
both,query,6.2724
both,query,3.6227
both,query,3.5445
both,query,5.2355
both,query,4.9458
both,query,4.4413
both,query,4.5366
both,query,2.2434
both,query,2.2554
both,query,3.1166
both,query,2.9839
both,query,5.7475
both,query,5.7683
both,query,1.6836
both,query,1.3509
both,query,2.9636
both,query,4.1865
both,query,4.3452
both,query,1.6055
both,query,2.6936
both,query,4.3371
both,query,3.8573
both,query,8.1642
both,query,10.0404
both,query,3.8923
both,query,3.5087
both,query,4.2690
both,query,4.4188
both,query,5.1512
both,query,5.1183
both,query,5.2409
both,query,2.4790
both,query,4.7316
both,query,4.8749
both,query,5.0086
both,query,2.3230
both,query,7.1262
both,query,2.1048
both,query,5.1562
both,query,3.5268
both,query,3.7444
both,query,2.6480
both,query,3.3422
both,query,3.9626
both,query,3.2692
both,query,4.0938
both,query,4.4692
both,query,4.2855
both,query,4.7840
both,query,4.8221
both,query,3.2569
both,query,3.9073
both,query,4.4599
both,query,3.4212
both,query,3.3813
both,query,5.8955
both,query,2.2284
both,query,5.8144
both,query,5.7379
both,query,9.3144
both,query,5.1299
both,query,3.0694
both,query,3.3488
both,query,4.2527
both,query,7.2432
both,query,6.2563
both,query,9.8395
both,query,8.3618
both,query,6.2698
both,query,3.2389
both,query,4.5429
both,query,8.5768
both,query,1.7905
both,query,8.3247
both,query,6.1979
both,query,5.0362
both,query,16.8568
both,query,3.6455
both,query,1.3603
both,query,2.5009
both,query,5.4125
both,query,3.3791
both,query,7.7483
both,query,4.8828
both,query,4.1450
both,query,3.7154
both,query,4.0215
both,query,4.1581
both,query,3.5016
both,query,1.8674
both,query,1.5529
both,query,3.5997
both,query,9.2529
both,query,6.1685
both,query,3.6364
both,query,9.9768
both,query,6.1004
both,query,6.1957
both,query,2.7517
both,query,5.1803
both,query,11.5629
both,query,5.3282
both,query,4.9270
both,query,4.7730
both,query,4.1570
both,query,3.9978
both,query,4.3137
both,query,3.2507
both,query,6.1212
both,query,6.3821
both,query,5.8833
both,query,2.0927
both,query,2.0557
both,query,5.1766
both,query,6.4564
both,query,4.5457
both,query,1.7601
both,query,4.3433
both,query,2.3125
both,query,5.0416
both,query,2.1045
both,query,5.1264
both,query,6.0463
both,query,3.3433
both,query,3.7381
both,query,4.7228
both,query,5.1595
both,query,5.5120
both,query,14.3325
both,query,15.2451
both,query,6.2254
both,query,4.8976
both,query,3.2720
both,query,2.8305
both,query,3.5116
both,query,5.3850
both,query,3.6052
both,query,4.8887
both,query,3.8589
both,query,6.7531
both,query,8.7325
both,query,3.2418
both,query,4.2881
both,query,4.7009
both,query,4.6621
both,query,3.2812
both,query,5.5607
both,query,12.0144
both,query,3.1447
both,query,1.3931
both,query,4.8620
both,query,5.3594
both,query,4.8091
both,query,2.4212
both,query,4.0304
both,query,9.6857
both,query,2.4610
both,query,4.0853
both,query,3.6594
both,query,6.7450
both,query,4.3655
both,query,2.1730
both,query,2.6204
both,query,3.4356
both,query,6.2479
both,query,11.0844
both,query,8.6259
both,query,3.1883
both,query,5.6043
both,query,7.8977
both,query,1.9193
both,query,1.4911
both,query,3.1208
both,query,2.9224
both,query,2.7641
both,query,3.2040
both,query,5.5607
both,query,4.8684
both,query,2.3279
both,query,3.7454
both,query,6.5819
both,query,4.7425
both,query,2.4937
both,query,2.9341
both,query,3.4312
both,query,4.6869
both,query,2.9322
both,query,2.7281
both,query,2.7181
both,query,2.8666
both,query,4.4440
both,query,2.1787
both,transaction,17.2808
both,transaction,16.8759
both,transaction,25.1510
both,transaction,43.4507
both,transaction,39.2472
both,transaction,35.0706
both,transaction,24.4836
both,transaction,30.7599
both,transaction,15.1193
both,transaction,18.2352
both,transaction,38.5681
both,transaction,46.2975
both,transaction,43.3619
both,transaction,40.6572
both,transaction,43.3218
both,transaction,48.8306
both,transaction,35.2909
both,transaction,33.9522
both,transaction,40.0168
both,transaction,32.9954
both,transaction,40.0011
both,transaction,53.6122
both,transaction,50.9452
both,transaction,36.3388
both,transaction,36.0263
both,transaction,48.6858
both,transaction,46.4292
both,transaction,31.7625
both,transaction,23.8964
both,transaction,21.6972
both,transaction,44.5458
both,transaction,34.3260
both,transaction,19.3765
both,transaction,32.0648
both,transaction,36.5540
both,transaction,54.2806
both,transaction,42.2138
both,transaction,31.3664
both,transaction,25.4580
both,transaction,21.0591
both,transaction,38.5164
both,transaction,41.5777
both,transaction,22.9382
both,transaction,36.8652
both,transaction,38.0237
both,transaction,43.7189
both,transaction,36.8368
both,transaction,34.2279
both,transaction,38.4253
both,transaction,49.5259
both,transaction,23.1073
both,transaction,31.0731
both,transaction,42.5691
both,transaction,28.5638
both,transaction,27.2454
both,transaction,39.0021
both,transaction,23.9711
both,transaction,38.5909
both,transaction,27.9693
both,transaction,25.7040
both,transaction,33.7489
both,transaction,50.0511
both,transaction,72.9823
both,transaction,43.4197
both,transaction,38.8717
both,transaction,40.7760
both,transaction,29.4660
both,transaction,28.8648
both,transaction,27.8962
both,transaction,37.4194
both,transaction,18.1147
both,transaction,33.0288
both,transaction,40.9807
both,transaction,38.9657
both,transaction,35.6937
both,transaction,28.7842
both,transaction,38.0848
both,transaction,24.8999
both,transaction,44.6105
both,transaction,20.3452
both,transaction,23.5519
both,transaction,25.1338
both,transaction,53.9785
both,transaction,37.2242
both,transaction,51.6743
both,transaction,41.1203
both,transaction,38.8042
both,transaction,34.1724
both,transaction,59.2018
both,transaction,34.8442
both,transaction,59.5818
both,transaction,32.2631
both,transaction,45.6819
both,transaction,35.3557
both,transaction,28.9821
both,transaction,18.0198
both,transaction,35.7852
both,transaction,35.0158
both,transaction,30.8826
both,transaction,31.3321
both,transaction,65.1220
both,transaction,43.8085
both,transaction,37.5741
both,transaction,38.1280
both,transaction,31.9067
both,transaction,42.9246
both,transaction,47.4788
both,transaction,29.9242
both,transaction,50.0424
both,transaction,41.7064
both,transaction,40.3856
both,transaction,48.2724
both,transaction,45.2789
both,transaction,34.7673
both,transaction,33.3845
both,transaction,36.4907
both,transaction,46.7776
both,transaction,24.7171
both,transaction,41.7098
both,transaction,48.0317
both,transaction,40.2745
both,transaction,46.7052
both,transaction,24.3013
both,transaction,44.9743
both,transaction,47.2836
both,transaction,52.8970
both,transaction,38.2202
both,transaction,28.4323
both,transaction,40.7871
both,transaction,51.1013
both,transaction,48.4685
both,transaction,44.2538
both,transaction,32.0387
both,transaction,33.3279
both,transaction,32.6091
both,transaction,25.9795
both,transaction,30.8133
both,transaction,25.1359
both,transaction,24.7788
both,transaction,36.8756
both,transaction,34.2515
both,transaction,34.8532
both,transaction,36.8683
both,transaction,33.3832
both,transaction,26.5767
both,transaction,35.7647
both,transaction,34.0078
both,transaction,26.9655
both,transaction,20.2948
both,transaction,36.4945
both,transaction,39.6376
both,transaction,44.9277
both,transaction,34.0392
both,transaction,30.6039
both,transaction,23.6674
both,transaction,24.2607
both,transaction,32.2497
both,transaction,80.3890
both,transaction,35.2552
both,transaction,39.1338
both,transaction,16.9475
both,transaction,22.5750
both,transaction,38.3539
both,transaction,31.4032
both,transaction,24.6276
both,transaction,31.0827
both,transaction,48.0766
both,transaction,39.9580
both,transaction,40.9677
both,transaction,38.7490
both,transaction,37.4042
both,transaction,33.0894
both,transaction,25.9008
both,transaction,26.8034
both,transaction,42.1459
both,transaction,50.7099
both,transaction,62.9054
both,transaction,57.8614
both,transaction,30.2918
both,transaction,62.2305
both,transaction,38.1307
both,transaction,48.8159
both,transaction,42.0661
both,transaction,33.3790
both,transaction,34.2576
both,transaction,14.4873
both,transaction,57.7570
both,transaction,24.8862
both,transaction,44.2957
both,transaction,29.5930
both,transaction,42.1435
both,transaction,43.6257
both,transaction,35.4961
both,transaction,30.6182
both,transaction,30.3389
both,transaction,27.8521
both,transaction,14.1497
both,transaction,33.3887
both,transaction,15.4841
both,transaction,14.5318
both,transaction,65.2543
both,transaction,45.2884
both,transaction,49.2623
both,transaction,34.9933
both,transaction,35.2090
both,transaction,17.2193
both,transaction,14.5430
both,transaction,30.4900
both,transaction,46.4071
both,transaction,42.9957
both,transaction,39.8975
both,transaction,53.7546
both,transaction,48.3875
both,transaction,37.1305
both,transaction,34.4704
both,transaction,25.6645
both,transaction,37.4082
both,transaction,34.4673
both,transaction,39.6752
both,transaction,44.2560
both,transaction,44.4136
both,transaction,42.6596
both,transaction,25.5813
both,transaction,40.3604
both,transaction,41.1147
both,transaction,39.0318
both,transaction,39.4139
both,transaction,30.7823
both,transaction,19.8175
both,transaction,30.9186
both,transaction,38.9409
both,transaction,38.2338
both,transaction,39.6872
both,transaction,48.6670
both,transaction,39.5792
both,transaction,32.8697
both,transaction,32.1783
both,transaction,40.4136
both,transaction,34.5070
both,transaction,61.8236
both,transaction,29.0218
both,transaction,37.5060
both,transaction,47.0734
both,transaction,33.1159
both,transaction,60.6500
both,transaction,24.2207
both,transaction,26.0162
both,transaction,28.7336
both,transaction,26.5512
both,transaction,40.9873
both,transaction,27.2557
both,transaction,36.4987
both,transaction,33.2502
both,transaction,41.6343
both,transaction,32.6437
both,transaction,32.4307
both,transaction,28.5586
both,transaction,41.0709
both,transaction,19.3030
both,transaction,20.3150
both,transaction,39.6875
both,transaction,38.2308
both,transaction,37.8416
both,transaction,28.3688
both,transaction,41.9810
both,transaction,35.7758
both,transaction,28.8388
both,transaction,30.0297
both,transaction,40.4705
both,transaction,38.9546
both,transaction,33.3419
both,transaction,33.6898
both,transaction,30.4054
both,transaction,23.9226
both,transaction,27.5949
both,transaction,31.0751
both,transaction,46.9242
both,transaction,47.0479
both,transaction,16.6844
both,transaction,27.6555
both,transaction,21.5865
both,transaction,48.9964
both,transaction,57.7899
both,transaction,51.7742
both,transaction,50.8896
both,transaction,45.3957
both,transaction,28.7073
both,transaction,51.1524
both,transaction,49.3637
both,transaction,49.9457
both,transaction,26.4443
both,transaction,25.3642
both,transaction,26.9542
both,transaction,29.4732
both,transaction,12.1600
both,transaction,37.3845
both,transaction,24.6272
both,transaction,32.1830
both,transaction,28.1601
both,transaction,32.3658
both,transaction,67.1932
both,transaction,33.3922
both,transaction,25.7170
both,transaction,39.6892
both,transaction,44.1289
both,transaction,15.3991
both,transaction,37.3736
both,transaction,33.6576
both,transaction,40.8437
both,transaction,38.6249
both,transaction,45.2984
both,transaction,50.4722
both,transaction,54.1462
both,transaction,29.3997
both,transaction,33.7081
both,transaction,22.6071
both,transaction,38.2846
both,transaction,41.8975
both,transaction,29.7436
both,transaction,40.1280
both,transaction,53.4066
both,transaction,45.7038
both,transaction,28.4369
both,transaction,38.4130
both,transaction,36.5493
both,transaction,42.0218
both,transaction,46.1612
both,transaction,41.4656
both,transaction,45.9472
both,transaction,33.7852
both,transaction,38.1603
both,transaction,33.1726
both,transaction,48.2980
both,transaction,40.6641
both,transaction,32.6331
both,transaction,32.1973
both,transaction,29.4757
both,transaction,44.8565
both,transaction,27.3046
both,transaction,48.2048
both,transaction,37.9983
both,transaction,35.1829
both,transaction,38.6871
both,transaction,29.1655
both,transaction,14.7677
both,transaction,24.4342
both,transaction,33.9750
both,transaction,24.1769
both,transaction,34.2180
both,transaction,30.2024
both,transaction,46.1782
both,transaction,28.1100
both,transaction,65.5326
both,transaction,24.8698
both,transaction,34.2360
both,transaction,37.2969
both,transaction,41.8407
both,transaction,44.7220
both,transaction,23.4895
both,transaction,38.7989
both,transaction,38.6787
both,transaction,44.1326
both,transaction,30.0013
both,transaction,43.6939
both,transaction,23.1079
both,transaction,25.4468
both,transaction,32.7974
both,transaction,39.9099
both,transaction,15.4873
both,transaction,16.2075
both,transaction,13.9925
both,transaction,35.8102
both,transaction,24.8698
both,transaction,28.2367
both,transaction,37.8790
both,transaction,45.3644
both,transaction,35.3658
both,transaction,28.5565
both,transaction,60.0619
both,transaction,31.2954
both,transaction,62.5407
both,transaction,37.4700
both,transaction,23.1606
both,transaction,61.2622
both,transaction,31.7053
both,transaction,42.8128
both,transaction,27.4821
both,transaction,34.7515
both,transaction,44.1804
both,transaction,41.2898
both,transaction,32.5418
both,transaction,17.4885
both,transaction,34.9788
both,transaction,46.7313
both,transaction,45.8021
both,transaction,45.1968
both,transaction,30.0898
both,transaction,19.0965
both,transaction,29.8073
both,transaction,25.6034
both,transaction,67.8515
both,transaction,49.9435
both,transaction,36.5002
both,transaction,30.8929
both,transaction,39.2764
both,transaction,44.5212
both,transaction,30.2896
both,transaction,45.0142
both,transaction,45.4684
both,transaction,30.1890
both,transaction,40.9556
both,transaction,30.0096
both,transaction,55.2110
both,transaction,38.0541
both,transaction,41.3145
both,transaction,32.6843
both,transaction,37.2738
both,transaction,23.7113
both,transaction,38.9254
both,transaction,44.1871
both,transaction,39.9260
both,transaction,31.0204
both,transaction,47.1025
both,transaction,45.6065
both,transaction,39.7947
both,transaction,36.6266
both,transaction,39.7638
both,transaction,45.3076
both,transaction,29.9668
both,transaction,38.3938
both,transaction,44.0073
both,transaction,47.4465
both,transaction,33.7869
both,transaction,39.3530
both,transaction,28.4332
both,transaction,25.4809
both,transaction,18.0425
both,transaction,31.9838
both,transaction,37.1503
both,transaction,54.0467
both,transaction,33.3795
both,transaction,48.3408
both,transaction,29.1829
both,transaction,40.3180
both,transaction,65.7390
both,transaction,41.8736
both,transaction,42.5429
both,transaction,32.7985
both,transaction,39.8153
both,transaction,36.7050
both,transaction,32.7762
both,transaction,37.3192
both,transaction,31.0861
both,transaction,39.0046
both,transaction,32.0310
both,transaction,32.9518
both,transaction,18.1168
both,transaction,21.1206
both,transaction,41.0000
both,transaction,41.2844
both,transaction,38.5743
both,transaction,38.5879
both,transaction,32.1640
both,transaction,46.5458
both,transaction,31.5804
both,transaction,45.3076
both,transaction,26.5067
both,transaction,36.0334
both,transaction,37.1054
both,transaction,26.7084
both,transaction,32.5884
both,transaction,45.7919
both,transaction,40.6354
both,transaction,42.7083
both,transaction,61.4574
both,transaction,65.7218
both,transaction,32.8469
both,transaction,42.0389
both,transaction,56.0262
both,transaction,38.4308
both,transaction,46.4204
both,transaction,34.1345
both,transaction,46.3636
both,transaction,47.9488
both,transaction,30.6744
both,transaction,22.8290
both,transaction,38.7678
both,transaction,37.1500
both,transaction,39.4040
both,transaction,32.5863
both,transaction,35.1310
both,transaction,29.2009
both,transaction,34.2566
both,transaction,31.0960
both,transaction,19.9355
both,transaction,18.6529
both,transaction,17.6005
both,transaction,14.7480
both,transaction,14.3025
both,transaction,7.8637
both,transaction,55.6287
both,transaction,37.6709
both,transaction,49.3849
both,transaction,34.7694
both,transaction,45.6470
both,transaction,41.4342
both,transaction,36.9752
both,transaction,38.4604
both,transaction,49.8220
both,transaction,38.4109
both,transaction,40.8331
both,transaction,43.8842
both,transaction,27.0910
both,transaction,30.7188
both,transaction,27.1326
both,transaction,15.5004
both,transaction,28.4380
both,transaction,22.8373
both,transaction,32.2593
both,transaction,24.5790
both,transaction,34.7811
both,transaction,37.8762
both,transaction,47.0907
both,transaction,29.1267
both,transaction,28.3922
both,transaction,44.4461
both,transaction,36.5404
both,transaction,38.6018
both,transaction,50.7050
both,transaction,46.4582
both,transaction,32.7301
both,transaction,42.5586
both,transaction,44.7933
both,transaction,41.3640
both,transaction,27.6399
both,transaction,27.3399
both,transaction,18.3288
both,transaction,28.7541
both,transaction,32.9392
both,transaction,17.8397
both,transaction,16.3516
both,transaction,35.2040
both,transaction,61.0413
both,transaction,35.4498
both,transaction,36.3553
both,transaction,38.1987
both,transaction,30.4758
both,transaction,31.5898
both,transaction,28.5298
both,transaction,38.9297
both,transaction,22.2401
both,transaction,37.1610
both,transaction,27.0018
both,transaction,32.4049
both,transaction,26.3425
both,transaction,35.9526
both,transaction,34.8390
both,transaction,22.9815
both,transaction,26.9850
both,transaction,28.5714
both,transaction,31.3815
both,transaction,19.2156
both,transaction,30.0626
both,transaction,80.0896
both,transaction,39.2890
both,transaction,36.4989
both,transaction,33.7307
both,transaction,43.5366
both,transaction,33.3175
both,transaction,23.5874
both,transaction,30.9825
both,transaction,31.6763
both,transaction,45.0662
both,transaction,35.6434
both,transaction,49.2667
both,transaction,33.7767
both,transaction,34.2827
both,transaction,33.1863
both,transaction,49.7872
both,transaction,50.4151
both,transaction,57.3164
both,transaction,48.9882
both,transaction,61.0922
both,transaction,53.7707
both,transaction,43.2697
both,transaction,43.6979
both,transaction,37.2610
both,transaction,44.4894
both,transaction,44.8754
both,transaction,29.6782
both,transaction,32.5256
both,transaction,41.2612
both,transaction,42.6649
both,transaction,27.3740
both,transaction,36.2719
both,transaction,37.3442
both,transaction,30.7051
both,transaction,26.3587
both,transaction,32.3952
both,transaction,17.1274
both,transaction,71.6373
both,transaction,44.4393
both,transaction,34.1675
both,transaction,35.4577
both,transaction,36.0530
both,transaction,39.7040
both,transaction,42.4042
both,transaction,40.5448
both,transaction,40.8823
both,transaction,45.0290
both,transaction,41.4588
both,transaction,66.2977
both,transaction,32.0547
both,transaction,31.7525
both,transaction,39.5747
both,transaction,40.3924
both,transaction,48.9773
both,transaction,45.6566
both,transaction,46.9246
both,transaction,34.4192
both,transaction,46.3784
both,transaction,46.0641
both,transaction,43.4006
both,transaction,43.8215
both,transaction,27.2382
both,transaction,51.9964
both,transaction,36.4313
both,transaction,40.2160
both,transaction,40.7744
both,transaction,49.4560
both,transaction,47.6534
both,transaction,30.4995
both,transaction,34.6506
both,transaction,33.9030
both,transaction,41.1373
both,transaction,23.2647
both,transaction,36.7147
both,transaction,36.2163
both,transaction,31.4192
both,transaction,27.7895
both,transaction,26.4856
both,transaction,29.3920
both,transaction,25.4509
both,transaction,26.2845
both,transaction,35.7781
both,transaction,48.3110
both,transaction,33.1768
both,transaction,33.7492
both,transaction,24.8417
both,transaction,42.0785
both,transaction,22.4528
both,transaction,33.5530
both,transaction,37.2675
both,transaction,33.3452
both,transaction,32.4043
both,transaction,36.6087
both,transaction,27.3077
both,transaction,17.3137
both,transaction,16.4753
both,transaction,39.0687
both,transaction,34.8724
both,transaction,46.6934
both,transaction,38.3569
both,transaction,31.3460
both,transaction,25.0600
both,transaction,30.2338
both,transaction,38.0595
both,transaction,44.0850
both,transaction,40.6674
both,transaction,34.0083
both,transaction,29.7768
both,transaction,26.5248
both,transaction,21.9327
both,transaction,29.6105
both,transaction,37.0601
both,transaction,41.2712
both,transaction,42.3627
both,transaction,65.5809
both,transaction,48.3567
both,transaction,29.5155
both,transaction,51.8122
both,transaction,37.5058
both,transaction,13.9369
both,transaction,26.5514
both,transaction,78.0091
both,transaction,54.4347
both,transaction,49.3477
both,transaction,45.5803
both,transaction,36.0334
both,transaction,46.8397
both,transaction,55.4743
both,transaction,31.5930
both,transaction,27.1581
both,transaction,28.9590
both,transaction,30.8491
both,transaction,45.2978
both,transaction,18.0817
both,transaction,21.2721
both,transaction,17.9897
both,transaction,10.1945
both,transaction,77.4049
both,transaction,43.3440
both,transaction,39.4261
both,transaction,27.9837
both,transaction,38.6626
both,transaction,40.8397
both,transaction,41.3494
both,transaction,37.8342
both,transaction,49.4683
both,transaction,47.3288
both,transaction,45.8505
both,transaction,46.1823
both,transaction,38.9578
both,transaction,34.7760
both,transaction,35.2596
both,transaction,37.3579
both,transaction,30.7474
both,transaction,30.4309
both,transaction,49.5631
both,transaction,47.5468
both,transaction,32.4969
both,transaction,38.9071
both,transaction,37.8327
both,transaction,39.5235
both,transaction,42.0081
both,transaction,30.4727
both,transaction,31.8035
both,transaction,48.7625
both,transaction,23.2242
both,transaction,45.1112
both,transaction,20.9267
both,transaction,41.8982
both,transaction,39.7020
both,transaction,26.7364
both,transaction,18.0303
both,transaction,22.0744
both,transaction,34.6179
both,transaction,36.7646
both,transaction,36.2565
both,transaction,15.5150
both,transaction,36.4840
both,transaction,37.4809
both,transaction,29.6554
both,transaction,43.0394
both,transaction,40.9095
both,transaction,30.9705
both,transaction,35.1437
both,transaction,49.1605
both,transaction,24.4682
both,transaction,28.1979
both,transaction,37.5957
both,transaction,26.2007
both,transaction,40.5595
both,transaction,50.3771
both,transaction,36.8776
both,transaction,33.6858
both,transaction,34.6559
both,transaction,42.2768
both,transaction,26.8267
both,transaction,27.9141
both,transaction,41.8447
both,transaction,41.9883
both,transaction,54.1443
both,transaction,30.3209
both,transaction,30.7492
both,transaction,23.3039
both,transaction,38.2171
both,transaction,45.6525
both,transaction,41.7261
both,transaction,35.4228
both,transaction,29.9559
both,transaction,31.4820
both,transaction,28.7508
both,transaction,44.2489
both,transaction,36.8427
both,transaction,49.5233
both,transaction,55.7923
both,transaction,49.1176
both,transaction,60.5844
both,transaction,53.3852
both,transaction,53.6110
both,transaction,48.1296
both,transaction,64.3412
both,transaction,37.9884
both,transaction,46.8826
both,transaction,48.3293
both,transaction,36.9528
both,transaction,32.5795
both,transaction,23.0766
both,transaction,41.5061
both,transaction,34.0539
both,transaction,32.8954
both,transaction,30.2779
both,transaction,31.1614
both,transaction,42.4753
both,transaction,8.4801
both,transaction,16.4612
both,transaction,18.1517
both,transaction,11.5911
both,transaction,9.6323
both,transaction,94.4685
both,transaction,34.0898
both,transaction,31.2840
both,transaction,33.1655
both,transaction,45.1000
both,transaction,46.5296
both,transaction,37.3829
both,transaction,56.9073
both,transaction,38.8740
both,transaction,42.7882
both,transaction,47.5617
both,transaction,44.0213
both,transaction,40.2525
both,transaction,34.2025
both,transaction,34.9873
both,transaction,45.0875
both,transaction,28.2059
both,transaction,34.5542
both,transaction,38.5366
both,transaction,40.5019
both,transaction,21.5782
both,transaction,32.8953
both,transaction,28.3622
both,transaction,37.3284
both,transaction,53.4892
both,transaction,53.0028
both,transaction,41.8736
both,transaction,24.2524
both,transaction,24.8828
both,transaction,29.0758
both,transaction,44.2180
both,transaction,36.6449
both,transaction,35.9241
both,transaction,37.9002
both,transaction,26.6238
both,transaction,28.9556
both,transaction,38.0379
both,transaction,30.1608
both,transaction,30.5029
both,transaction,32.7535
both,transaction,38.2243
both,transaction,50.4512
both,transaction,29.8258
both,transaction,29.2997
both,transaction,30.8717
both,transaction,30.5114
both,transaction,34.8968
both,transaction,21.1331
both,transaction,28.3181
both,transaction,22.5213
both,transaction,31.7512
both,transaction,30.0082
both,transaction,36.8967
both,transaction,34.6733
both,transaction,41.2307
both,transaction,38.6311
both,transaction,38.1904
both,transaction,43.6236
both,transaction,30.8490
both,transaction,20.9381
both,transaction,25.3382
both,transaction,36.2850
both,transaction,40.1772
both,transaction,32.1840
both,transaction,48.8082
both,transaction,33.3630
both,transaction,31.6675
both,transaction,44.2690
both,transaction,39.6694
both,transaction,35.0893
both,transaction,34.1230
both,transaction,36.9531
both,transaction,27.9884
both,transaction,28.1750
both,transaction,27.9756
both,transaction,42.7762
both,transaction,46.6938
both,transaction,43.0949
both,transaction,71.6657
both,transaction,30.2421
both,transaction,31.7266
both,transaction,44.5263
both,transaction,59.9418
both,transaction,59.8116
both,transaction,58.3521
both,transaction,58.5770
both,transaction,33.4209
both,transaction,33.9424
both,transaction,37.6644
both,transaction,47.8185
both,transaction,46.8299
both,transaction,35.2727
both,transaction,20.2237
both,transaction,18.6263
both,transaction,30.5273
both,transaction,29.5942
both,transaction,22.8289
both,transaction,21.4083
both,transaction,19.7222
both,transaction,13.1983
both,transaction,112.7804
both,transaction,38.3710
both,transaction,33.1951
both,transaction,28.7560
both,transaction,40.3895
both,transaction,37.0407
both,transaction,43.6394
both,transaction,24.6922
both,transaction,49.7526
both,transaction,44.5795
both,transaction,28.0389
both,transaction,35.2446
both,transaction,26.4977
both,transaction,46.1866
both,transaction,25.5455
both,transaction,32.4562
both,transaction,36.2404
both,transaction,29.0684
both,transaction,50.1630
both,transaction,59.0555
both,transaction,36.6810
both,transaction,30.4309
both,transaction,48.9078
both,transaction,43.0476
both,transaction,34.8571
both,transaction,33.1685
both,transaction,18.0546
both,transaction,29.5326
both,transaction,36.8569
both,transaction,37.7178
both,transaction,46.5854
both,transaction,46.1449
both,transaction,31.2750
both,transaction,27.6628
both,transaction,32.2477
both,transaction,25.6884
both,transaction,34.7450
both,transaction,43.2676
both,transaction,28.4029
both,transaction,33.9089
both,transaction,40.5980
both,transaction,35.4611
both,transaction,38.0084
both,transaction,36.7755
both,transaction,28.8730
both,transaction,23.1182
both,transaction,23.9021
both,transaction,38.8345
both,transaction,29.4144
both,transaction,30.6292
both,transaction,31.6727
both,transaction,53.5528
both,transaction,33.7652
both,transaction,29.3857
both,transaction,37.6746
both,transaction,36.8805
both,transaction,37.0749
both,transaction,35.8863
both,transaction,34.7126
both,transaction,21.3231
both,transaction,38.2913
both,transaction,42.6948
both,transaction,41.1526
both,transaction,32.5244
both,transaction,40.2392
both,transaction,36.6449
both,transaction,41.9791
both,transaction,40.7995
both,transaction,25.9474
both,transaction,39.7278
both,transaction,31.8035
both,transaction,29.6755
both,transaction,22.1612
both,transaction,18.4784
both,transaction,50.2489
both,transaction,29.1506
both,transaction,43.6328
both,transaction,44.2719
both,transaction,66.2325
both,transaction,65.4539
both,transaction,46.0206
both,transaction,36.5129
both,transaction,39.1468
both,transaction,42.8799
both,transaction,28.3784
both,transaction,50.6783
both,transaction,58.3477
both,transaction,28.0092
both,transaction,22.4791
both,transaction,43.2749
both,transaction,35.8008
both,transaction,36.8394
both,transaction,33.7814
both,transaction,28.8302
both,transaction,32.3183
both,transaction,30.4562
both,transaction,32.1688
both,transaction,21.4742
both,transaction,19.1907
both,transaction,19.1796
both,transaction,108.7001
both,transaction,33.0542
both,transaction,26.7200
both,transaction,32.0698
both,transaction,45.3177
both,transaction,30.7625
both,transaction,37.9682
both,transaction,44.9723
both,transaction,44.4031
both,transaction,44.0789
both,transaction,34.6713
both,transaction,38.5114
both,transaction,37.8909
both,transaction,34.1153
both,transaction,39.1206
both,transaction,39.1241
both,transaction,32.0234
both,transaction,16.4311
both,transaction,27.1351
both,transaction,55.4768
both,transaction,47.8847
both,transaction,33.9081
both,transaction,33.5092
both,transaction,61.1594
both,transaction,38.6708
both,transaction,34.6268
both,transaction,31.5752
both,transaction,30.5664
both,transaction,18.1135
both,transaction,28.1338
both,transaction,25.9654
both,transaction,55.5298
both,transaction,42.8661
both,transaction,41.6841
both,transaction,39.3379
both,transaction,23.2134
both,transaction,32.5787
both,transaction,42.3028
both,transaction,25.0578
both,transaction,31.1977
both,transaction,43.6023
both,transaction,41.1639
both,transaction,49.8308
both,transaction,33.8399
both,transaction,67.1794
both,transaction,47.3053
both,transaction,31.2825
both,transaction,30.5805
both,transaction,61.3925
both,transaction,35.5386
both,transaction,33.4664
both,transaction,36.9958
both,transaction,19.2790
both,transaction,32.6160
both,transaction,36.2813
both,transaction,40.4041
both,transaction,23.5583
both,transaction,19.4655
both,transaction,39.8995
both,transaction,36.7987
both,transaction,34.4200
both,transaction,26.6835
both,transaction,32.9044
both,transaction,32.7096
both,transaction,27.5120
both,transaction,29.0031
both,transaction,44.1738
both,transaction,32.2902
both,transaction,33.3927
both,transaction,20.7853
both,transaction,30.9737
both,transaction,38.0644
both,transaction,33.2233
both,transaction,50.4854
both,transaction,44.0769
both,transaction,57.0773
both,transaction,44.0089
both,transaction,52.1344
both,transaction,47.5751
both,transaction,48.7410
both,transaction,26.2248
both,transaction,51.3555
both,transaction,47.9807
both,transaction,38.6100
both,transaction,50.6265
both,transaction,29.2624
both,transaction,24.2658
both,transaction,38.7456
both,transaction,34.8980
both,transaction,32.1157
both,transaction,34.2447
both,transaction,51.6906
both,transaction,28.0378
both,transaction,30.5803
both,transaction,30.4897
both,transaction,29.5239
both,transaction,34.4572
both,transaction,15.9537
both,transaction,16.9062
both,transaction,11.5925
both,transaction,100.4214
both,transaction,37.7561
both,transaction,30.5808
both,transaction,40.0705
both,transaction,38.6480
both,transaction,25.4911
both,transaction,36.9120
both,transaction,37.8456
both,transaction,45.7092
both,transaction,34.9132
both,transaction,45.7628
both,transaction,54.9893
both,transaction,33.2474
both,transaction,31.4551
both,transaction,38.5143
both,transaction,33.2766
both,transaction,22.8133
both,transaction,18.0709
both,transaction,48.0220
both,transaction,49.8036
both,transaction,41.8174
both,transaction,41.0287
both,transaction,37.8299
both,transaction,39.6576
both,transaction,36.7370
both,transaction,26.0521
both,transaction,30.9740
both,transaction,23.2930
both,transaction,17.3438
both,transaction,17.3837
both,transaction,40.3816
both,transaction,34.2057
both,transaction,50.6183
both,transaction,31.4304
both,transaction,35.5581
both,transaction,32.9964
both,transaction,30.3878
both,transaction,31.9870
both,transaction,41.3675
both,transaction,47.6224
both,transaction,38.3537
both,transaction,30.2606
both,transaction,39.9075
both,transaction,34.6137
both,transaction,28.1812
both,transaction,32.7228
both,transaction,30.2325
both,transaction,27.6707
both,transaction,28.3588
both,transaction,23.9556
both,transaction,25.0681
both,transaction,45.5745
both,transaction,22.6238
both,transaction,19.8337
both,transaction,39.2911
both,transaction,26.1760
both,transaction,37.7285
both,transaction,29.1380
both,transaction,39.2336
both,transaction,31.0251
both,transaction,44.9554
both,transaction,19.4255
both,transaction,28.2022
both,transaction,31.2631
both,transaction,30.1546
both,transaction,40.6538
both,transaction,52.9052
both,transaction,27.5746
both,transaction,34.7405
both,transaction,29.1144
both,transaction,44.6061
both,transaction,32.2927
both,transaction,31.4483
both,transaction,34.5982
both,transaction,29.5500
both,transaction,34.2652
both,transaction,26.8569
both,transaction,28.9074
both,transaction,40.8372
both,transaction,42.5909
both,transaction,28.0337
both,transaction,66.0175
both,transaction,23.0289
both,transaction,40.9108
both,transaction,33.3246
both,transaction,40.4233
both,transaction,37.9597
both,transaction,28.1133
both,transaction,29.9527
both,transaction,36.2942
both,transaction,29.2925
both,transaction,39.5041
both,transaction,43.1548
both,transaction,25.1234
both,transaction,44.7431
both,transaction,25.8714
both,transaction,29.4592
both,transaction,30.6331
both,transaction,37.0830
both,transaction,33.7586
both,transaction,103.1521
both,transaction,40.1533
both,transaction,44.8985
both,transaction,37.6176
both,transaction,38.9520
both,transaction,38.5329
both,transaction,42.6412
both,transaction,36.9656
both,transaction,44.7891
both,transaction,43.8498
both,transaction,29.6254
both,transaction,39.2320
both,transaction,16.1013
both,transaction,26.9872
both,transaction,31.5712
both,transaction,14.9540
both,transaction,37.6196
both,transaction,19.8805
both,transaction,37.1865
both,transaction,42.9594
both,transaction,53.5331
both,transaction,40.2957
both,transaction,36.5491
both,transaction,33.9929
both,transaction,44.6621
both,transaction,41.3600
both,transaction,20.1256
both,transaction,41.9488
both,transaction,30.8101
both,transaction,34.4267
both,transaction,37.7222
both,transaction,44.0612
both,transaction,29.4176
both,transaction,48.0074
both,transaction,36.0431
both,transaction,28.7029
both,transaction,27.4490
both,transaction,41.0177
both,transaction,30.9496
both,transaction,39.6941
both,transaction,35.1205
both,transaction,40.5822
both,transaction,43.5619
both,transaction,20.4171
both,transaction,37.0254
both,transaction,35.2502
both,transaction,25.0914
both,transaction,43.4855
both,transaction,56.4446
both,transaction,46.8012
both,transaction,31.5831
both,transaction,40.3923
both,transaction,32.6100
both,transaction,30.3441
both,transaction,34.5237
both,transaction,35.9252
both,transaction,30.6127
both,transaction,79.2805
both,transaction,37.3279
both,transaction,39.5858
both,transaction,26.9676
both,transaction,28.7776
both,transaction,37.5225
both,transaction,35.6496
both,transaction,32.0072
both,transaction,23.1400
both,transaction,43.9647
both,transaction,32.7494
both,transaction,38.4563
both,transaction,28.4307
both,transaction,35.0145
both,transaction,33.4936
both,transaction,26.4065
both,transaction,27.0427
both,transaction,50.9480
both,transaction,27.7009
both,transaction,58.1684
both,transaction,41.4975
both,transaction,43.7062
both,transaction,34.3391
both,transaction,54.2730
both,transaction,33.7270
both,transaction,32.8957
both,transaction,15.5682
both,transaction,12.4499
both,transaction,32.8001
both,transaction,16.7546
both,transaction,8.4700
both,transaction,65.4204
both,transaction,28.1899
both,transaction,34.7639
both,transaction,41.8859
both,transaction,34.1672
both,transaction,29.5251
both,transaction,36.3657
both,transaction,32.8808
both,transaction,25.1044
both,transaction,31.4798
both,transaction,21.3605
both,transaction,29.5407
both,transaction,77.0057
both,transaction,38.6790
both,transaction,38.5956
both,transaction,31.3913
both,transaction,31.1566
both,transaction,24.9153
both,transaction,15.4457
both,transaction,18.2848
both,transaction,38.7476
both,transaction,34.2045
both,transaction,33.2294
both,transaction,36.2067
both,transaction,28.3467
both,transaction,36.1355
both,transaction,52.3097
both,transaction,39.5250
both,transaction,42.9937
both,transaction,49.3843
both,transaction,27.0501
both,transaction,18.9924
both,transaction,29.8115
both,transaction,48.3956
both,transaction,33.9618
both,transaction,45.1205
both,transaction,48.4124
both,transaction,51.5596
both,transaction,43.1539
both,transaction,42.0777
both,transaction,40.4327
both,transaction,28.5835
both,transaction,31.2649
both,transaction,23.0948
both,transaction,33.9860
both,transaction,31.7966
both,transaction,46.9784
both,transaction,31.3520
both,transaction,35.2795
both,transaction,33.1968
both,transaction,27.0866
both,transaction,46.3371
both,transaction,32.5426
both,transaction,19.1149
both,transaction,47.6551
both,transaction,33.6307
both,transaction,36.2989
both,transaction,34.1716
both,transaction,37.1315
both,transaction,25.3747
both,transaction,32.8748
both,transaction,14.5964
both,transaction,39.5252
both,transaction,37.8153
both,transaction,26.0267
both,transaction,25.0710
both,transaction,24.2161
both,transaction,34.7904
both,transaction,38.0728
both,transaction,18.5918
both,transaction,33.6829
both,transaction,23.8122
both,transaction,26.3004
both,transaction,32.9275
both,transaction,82.4244
both,transaction,42.2239
both,transaction,40.7059
both,transaction,20.1805
both,transaction,38.1766
both,transaction,26.0025
both,transaction,32.7759
both,transaction,23.2359
both,transaction,36.9065
both,transaction,40.7071
both,transaction,43.1477
both,transaction,29.0143
both,transaction,31.8807
both,transaction,28.3575
both,transaction,25.1896
both,transaction,43.4477
both,transaction,39.0231
both,transaction,48.9314
both,transaction,58.9004
both,transaction,57.9562
both,transaction,62.1774
both,transaction,70.6890
both,transaction,34.3353
both,transaction,46.7767
both,transaction,28.6141
both,transaction,40.5099
both,transaction,61.9775
both,transaction,35.6879
both,transaction,21.5950
both,transaction,26.1393
both,transaction,41.1386
both,transaction,45.1863
both,transaction,37.4700
both,transaction,36.6667
both,transaction,31.4380
both,transaction,30.6344
both,transaction,33.4282
both,transaction,22.2099
both,transaction,93.8471
both,transaction,38.7395
both,transaction,37.1929
both,transaction,26.0019
both,transaction,44.2727
both,transaction,40.5016
both,transaction,36.3630
both,transaction,34.6631
both,transaction,43.0454
both,transaction,47.1606
both,transaction,38.9858
both,transaction,54.9117
both,transaction,33.6970
both,transaction,41.3037
both,transaction,40.2521
both,transaction,51.4017
both,transaction,34.2667
both,transaction,40.3989
both,transaction,48.9925
both,transaction,34.6060
both,transaction,35.0883
both,transaction,42.6557
both,transaction,45.1189
both,transaction,37.5977
both,transaction,48.7507
both,transaction,43.5510
both,transaction,24.1570
both,transaction,21.8840
both,transaction,20.8812
both,transaction,37.2040
both,transaction,52.5049
both,transaction,30.9530
both,transaction,27.8973
both,transaction,32.6470
both,transaction,32.4502
both,transaction,39.8797
both,transaction,39.7816
both,transaction,13.1327
both,transaction,35.0817
both,transaction,52.8215
both,transaction,27.3533
both,transaction,41.3401
both,transaction,34.6819
both,transaction,34.6840
both,transaction,58.9319
both,transaction,43.6208
both,transaction,30.4454
both,transaction,37.2672
both,transaction,27.4370
both,transaction,31.0220
both,transaction,31.1679
both,transaction,30.3842
both,transaction,38.9481
both,transaction,32.1834
both,transaction,38.5304
both,transaction,43.3524
both,transaction,71.0255
both,transaction,25.6771
both,transaction,25.9657
both,transaction,39.3126
both,transaction,34.9736
both,transaction,27.6216
both,transaction,28.0283
both,transaction,35.2892
both,transaction,16.8076
both,transaction,27.0030
both,transaction,17.3513
both,transaction,43.3275
both,transaction,43.5315
both,transaction,35.8554
both,transaction,56.0600
both,transaction,34.7934
both,transaction,37.4236
both,transaction,40.3820
both,transaction,58.5779
both,transaction,41.5255
both,transaction,32.3289
both,transaction,43.1801
both,transaction,31.2236
both,transaction,39.6030
both,transaction,10.7646
both,transaction,14.0113
both,transaction,28.9536
both,transaction,27.5637
both,transaction,38.5131
both,transaction,32.3518
both,transaction,48.7096
both,transaction,42.5685
both,transaction,27.1819
both,transaction,23.8964
both,transaction,32.1424
both,transaction,37.3903
both,transaction,30.1660
both,transaction,34.6092
both,transaction,29.3463
both,transaction,30.3160
both,transaction,30.3818
both,transaction,29.6196
both,transaction,26.9787
both,transaction,17.3474
both,transaction,87.8709
both,transaction,27.5007
both,transaction,48.4106
both,transaction,36.5605
both,transaction,34.0045
both,transaction,28.6580
both,transaction,36.0079
both,transaction,40.3594
both,transaction,43.3916
both,transaction,43.9966
both,transaction,38.9932
both,transaction,52.1462
both,transaction,37.7588
both,transaction,31.0412
both,transaction,42.4386
both,transaction,37.6059
both,transaction,28.4759
both,transaction,34.8088
both,transaction,35.7574
both,transaction,46.8406
both,transaction,45.4555
both,transaction,40.4800
both,transaction,52.6698
both,transaction,37.0094
both,transaction,43.7412
both,transaction,39.5057
both,transaction,42.7666
both,transaction,38.2415
both,transaction,27.3902
both,transaction,52.6431
both,transaction,37.7137
both,transaction,44.4411
both,transaction,36.1440
both,transaction,33.2820
both,transaction,30.7370
both,transaction,44.5544
both,transaction,31.2967
both,transaction,24.7115
both,transaction,36.0506
both,transaction,31.0633
both,transaction,37.9837
both,transaction,36.4288
both,transaction,34.6579
both,transaction,62.9462
both,transaction,26.2823
both,transaction,24.9788
both,transaction,24.6751
both,transaction,27.7015
both,transaction,32.1788
both,transaction,27.2120
both,transaction,36.0740
both,transaction,28.7428
both,transaction,26.8608
both,transaction,32.3118
both,transaction,36.9442
both,transaction,38.8634
both,transaction,42.3147
both,transaction,28.0892
both,transaction,20.6953
both,transaction,38.7880
both,transaction,22.4421
both,transaction,41.6828
both,transaction,43.2120
both,transaction,26.7092
both,transaction,33.4174
both,transaction,36.1957
both,transaction,28.8053
both,transaction,44.2594
both,transaction,40.0680
both,transaction,38.0055
both,transaction,21.8194
both,transaction,35.7170
both,transaction,33.2180
both,transaction,38.1304
both,transaction,32.8050
both,transaction,33.8746
both,transaction,17.0382
both,transaction,13.5203
both,transaction,30.7236
both,transaction,27.2211
both,transaction,23.0817
both,transaction,51.8010
both,transaction,28.5397
both,transaction,34.7326
both,transaction,50.2904
both,transaction,42.0596
both,transaction,41.9807
both,transaction,46.6269
both,transaction,60.9287
both,transaction,33.5841
both,transaction,35.9673
both,transaction,35.7069
both,transaction,42.8161
both,transaction,54.5342
both,transaction,38.9905
both,transaction,29.9049
both,transaction,28.5743
both,transaction,30.2627
both,transaction,22.3684
both,transaction,20.1218
both,transaction,95.2010
both,transaction,34.1208
both,transaction,40.9338
both,transaction,30.7889
both,transaction,34.3492
both,transaction,15.2479
both,transaction,31.3533
both,transaction,39.1711
both,transaction,40.5137
both,transaction,44.5315
both,transaction,44.1391
both,transaction,32.4234
both,transaction,35.4959
both,transaction,25.4927
both,transaction,46.3849
both,transaction,37.3859
both,transaction,42.8712
both,transaction,52.8468
both,transaction,33.5749
both,transaction,29.0114
both,transaction,15.6245
both,transaction,36.7046
both,transaction,51.7543
both,transaction,42.7435
both,transaction,48.7770
both,transaction,27.4874
both,transaction,15.3752
both,transaction,20.8402
both,transaction,31.2597
both,transaction,35.4549
both,transaction,38.1394
both,transaction,31.9920
both,transaction,46.4841
both,transaction,40.5800
both,transaction,35.3125
both,transaction,29.0770
both,transaction,33.4009
both,transaction,31.2014
both,transaction,38.9628
both,transaction,40.7715
both,transaction,52.3792
both,transaction,32.3307
both,transaction,36.7776
both,transaction,35.9012
both,transaction,20.9000
both,transaction,37.9495
both,transaction,31.5989
both,transaction,41.1392
both,transaction,29.8581
both,transaction,31.7154
both,transaction,38.2202
both,transaction,56.9985
both,transaction,44.8675
both,transaction,48.0916
both,transaction,34.0898
both,transaction,34.7531
both,transaction,30.7246
both,transaction,39.3851
both,transaction,19.5346
both,transaction,16.0862
both,transaction,16.8449
both,transaction,15.8789
both,transaction,15.6119
both,transaction,33.8514
both,transaction,41.3299
both,transaction,57.9506
both,transaction,30.4866
both,transaction,30.8880
both,transaction,42.0799
both,transaction,40.7912
both,transaction,33.6946
both,transaction,41.5315
both,transaction,35.5293
both,transaction,37.7089
both,transaction,23.6390
both,transaction,43.7595
both,transaction,39.4521
both,transaction,55.7585
both,transaction,61.5817
both,transaction,48.0809
both,transaction,35.9398
both,transaction,40.7049
both,transaction,50.9372
both,transaction,39.4536
both,transaction,60.3163
both,transaction,43.7817
both,transaction,40.6391
both,transaction,44.4336
both,transaction,39.7619
both,transaction,30.8038
both,transaction,28.5486
both,transaction,31.2084
both,transaction,46.1361
both,transaction,52.8743
both,transaction,32.6683
both,transaction,31.0288
both,transaction,32.6043
both,transaction,18.8119
both,transaction,19.6175
both,transaction,15.5289
both,transaction,110.9898
both,transaction,36.5410
both,transaction,37.1948
both,transaction,38.7634
both,transaction,42.9891
both,transaction,46.7105
both,transaction,30.5814
both,transaction,45.1210
both,transaction,49.9122
both,transaction,33.6913
both,transaction,26.6331
both,transaction,32.6977
both,transaction,38.5320
both,transaction,42.0984
both,transaction,22.1397
both,transaction,33.3561
both,transaction,24.0853
both,transaction,28.4696
both,transaction,35.9526
both,transaction,49.6144
both,transaction,39.4139
both,transaction,26.2066
both,transaction,37.5814
both,transaction,43.5162
both,transaction,49.4541
both,transaction,46.2742
both,transaction,25.4617
both,transaction,14.3870
both,transaction,44.0380
both,transaction,32.9483
both,transaction,46.0036
both,transaction,43.0035
both,transaction,49.3688
both,transaction,36.6898
both,transaction,27.9269
both,transaction,26.1107
both,transaction,33.8621
both,transaction,39.7189
both,transaction,59.9010
both,transaction,44.7248
both,transaction,23.1562
both,transaction,41.4805
both,transaction,32.8493
both,transaction,35.4677
both,transaction,35.4435
both,transaction,32.1412
both,transaction,27.7006
both,transaction,27.9401
both,transaction,44.7222
both,transaction,29.9238
both,transaction,44.2410
both,transaction,34.7992
both,transaction,57.5080
both,transaction,36.4708
both,transaction,36.7369
both,transaction,47.8996
both,transaction,28.0974
both,transaction,28.2378
both,transaction,40.8220
both,transaction,43.1913
both,transaction,28.8301
both,transaction,45.0971
both,transaction,32.2331
both,transaction,29.2189
both,transaction,29.8408
both,transaction,42.7798
both,transaction,37.1580
both,transaction,39.4235
both,transaction,25.1612
both,transaction,33.4361
both,transaction,27.1745
both,transaction,42.8058
both,transaction,33.2759
both,transaction,47.7598
both,transaction,47.7518
both,transaction,23.7111
both,transaction,54.5409
both,transaction,57.5767
both,transaction,47.2001
both,transaction,42.7595
both,transaction,74.8179
both,transaction,40.1737
both,transaction,31.9631
both,transaction,8.0878
both,transaction,12.4674
both,transaction,24.9172
both,transaction,8.2664
both,transaction,32.4401
both,transaction,28.3443
both,transaction,25.6205
both,transaction,27.7097
both,transaction,32.2573
both,transaction,43.7772
both,transaction,39.8620
both,transaction,32.0332
both,transaction,32.7289
both,transaction,30.4278
both,transaction,26.4763
both,transaction,16.0096
both,transaction,18.9249
both,transaction,105.4605
both,transaction,34.4555
both,transaction,28.2820
both,transaction,42.9894
both,transaction,37.6837
both,transaction,44.7235
both,transaction,47.2578
both,transaction,46.9797
both,transaction,45.9614
both,transaction,41.9613
both,transaction,42.3688
both,transaction,39.4809
both,transaction,33.9663
both,transaction,39.5550
both,transaction,36.1204
both,transaction,43.5685
both,transaction,24.6481
both,transaction,37.0081
both,transaction,48.2058
both,transaction,39.5614
both,transaction,32.6849
both,transaction,34.2670
both,transaction,8.2805
both,transaction,23.4242
both,transaction,34.9209
both,transaction,37.3151
both,transaction,32.0805
both,transaction,37.0546
both,transaction,40.9522
both,transaction,38.0616
both,transaction,47.9038
both,transaction,46.5303
both,transaction,43.8693
both,transaction,38.1340
both,transaction,37.5306
both,transaction,44.0148
both,transaction,49.5701
both,transaction,30.3029
both,transaction,45.8467
both,transaction,41.4802
both,transaction,39.3930
both,transaction,35.0846
both,transaction,32.2038
both,transaction,32.6527
both,transaction,36.5842
both,transaction,32.0313
both,transaction,28.4217
both,transaction,34.5683
both,transaction,29.1056
both,transaction,39.4052
both,transaction,31.5714
both,transaction,39.6687
both,transaction,25.2564
both,transaction,34.1914
both,transaction,30.3571
both,transaction,32.7871
both,transaction,29.5195
both,transaction,21.0575
both,transaction,17.6928
both,transaction,39.9549
both,transaction,37.9715
both,transaction,36.8814
both,transaction,46.9139
both,transaction,33.8235
both,transaction,42.8632
both,transaction,37.0297
both,transaction,35.7343
both,transaction,43.1616
both,transaction,37.9368
both,transaction,31.2325
both,transaction,27.5595
both,transaction,52.9341
both,transaction,44.3451
both,transaction,32.4398
both,transaction,57.4566
both,transaction,49.1148
both,transaction,52.8320
both,transaction,35.7482
both,transaction,49.7897
both,transaction,45.7003
both,transaction,19.7772
both,transaction,42.3058
both,transaction,29.6086
both,transaction,39.1677
both,transaction,56.7534
both,transaction,31.6945
both,transaction,20.0447
both,transaction,23.0347
both,transaction,46.0069
both,transaction,32.2309
both,transaction,31.3917
both,transaction,37.3006
both,transaction,35.1463
both,transaction,32.3633
both,transaction,29.1792
both,transaction,30.3665
both,transaction,16.8580
both,transaction,18.7113
both,transaction,20.5121
both,transaction,16.6136
both,transaction,92.0338
both,transaction,45.1537
both,transaction,33.4565
both,transaction,36.4478
both,transaction,43.7394
both,transaction,36.8364
both,transaction,37.5779
both,transaction,45.7264
both,transaction,56.4222
both,transaction,35.9556
both,transaction,66.1082
both,transaction,38.4334
both,transaction,31.8211
both,transaction,35.9464
both,transaction,37.9664
both,transaction,42.8282
both,transaction,32.7256
both,transaction,55.3645
both,transaction,35.7527
both,transaction,31.4219
both,transaction,37.5377
both,transaction,46.3640
both,transaction,40.6491
both,transaction,46.2320
both,transaction,20.3957
both,transaction,32.0010
both,transaction,25.8103
both,transaction,29.6069
both,transaction,29.6818
both,transaction,54.6423
both,transaction,42.6645
both,transaction,41.9097
both,transaction,34.9296
both,transaction,32.1784
both,transaction,33.8606
both,transaction,40.5630
both,transaction,47.8539
both,transaction,45.7545
both,transaction,42.0511
both,transaction,35.3554
both,transaction,33.3158
both,transaction,26.7128
both,transaction,28.7589
both,transaction,40.1436
both,transaction,22.5494
both,transaction,34.9818
both,transaction,36.9897
both,transaction,30.8239
both,transaction,48.9151
both,transaction,41.1021
both,transaction,34.5636
both,transaction,20.1119
both,transaction,32.1676
both,transaction,34.0212
both,transaction,32.5301
both,transaction,76.6795
both,transaction,30.9290
both,transaction,17.8174
both,transaction,24.6128
both,transaction,30.2628
both,transaction,29.1731
both,transaction,35.1403
both,transaction,41.9934
both,transaction,57.5242
both,transaction,40.0538
both,transaction,39.8395
both,transaction,38.7079
both,transaction,37.1236
both,transaction,38.8880
both,transaction,27.8306
both,transaction,34.0552
both,transaction,45.3851
both,transaction,52.2959
both,transaction,52.2833
both,transaction,52.3530
both,transaction,30.1246
both,transaction,46.2007
both,transaction,50.7121
both,transaction,32.4835
both,transaction,10.6075
both,transaction,13.8091
both,transaction,13.3720
both,transaction,11.9306
both,transaction,29.0167
both,transaction,32.9546
both,transaction,64.1805
both,transaction,30.3937
both,transaction,22.6574
both,transaction,38.1751
both,transaction,33.7416
both,transaction,60.6980
both,transaction,25.4256
both,transaction,40.6246
both,transaction,29.2051
both,transaction,28.8698
both,transaction,30.4245
both,transaction,21.2235
both,transaction,23.0468
both,transaction,23.4733
both,transaction,13.8517
alone,query,3.2468
alone,query,1.6425
alone,query,2.1218
alone,query,1.5238
alone,query,3.9926
alone,query,2.0118
alone,query,2.1236
alone,query,2.2254
alone,query,3.0327
alone,query,1.8682
alone,query,4.2392
alone,query,1.5266
alone,query,3.9097
alone,query,3.2481
alone,query,3.2561
alone,query,3.2349
alone,query,6.8452
alone,query,9.9887
alone,query,0.6763
alone,query,1.5310
alone,query,2.1112
alone,query,2.2310
alone,query,4.0892
alone,query,2.7267
alone,query,1.6048
alone,query,3.8684
alone,query,2.0614
alone,query,2.1227
alone,query,2.7907
alone,query,2.3282
alone,query,2.7621
alone,query,3.0059
alone,query,2.6058
alone,query,3.2183
alone,query,2.3784
alone,query,3.8017
alone,query,3.4493
alone,query,2.2820
alone,query,3.2044
alone,query,2.0136
alone,query,1.9561
alone,query,2.2417
alone,query,2.7369
alone,query,2.9339
alone,query,1.9681
alone,query,2.3120
alone,query,6.2976
alone,query,2.7613
alone,query,2.2878
alone,query,2.9578
alone,query,3.6018
alone,query,5.7377
alone,query,2.6742
alone,query,2.5287
alone,query,2.5652
alone,query,1.7794
alone,query,3.2042
alone,query,2.5408
alone,query,3.0679
alone,query,9.4502
alone,query,2.6379
alone,query,2.9041
alone,query,3.6738
alone,query,2.0956
alone,query,1.9566
alone,query,2.9672
alone,query,4.7838
alone,query,3.8220
alone,query,2.9830
alone,query,2.2968
alone,query,2.3368
alone,query,3.0604
alone,query,2.2651
alone,query,2.7278
alone,query,3.3383
alone,query,1.3721
alone,query,1.8924
alone,query,3.0175
alone,query,3.1152
alone,query,1.2711
alone,query,0.8611
alone,query,0.7988
alone,query,1.1578
alone,query,0.8968
alone,query,4.1763
alone,query,8.1521
alone,query,1.7591
alone,query,3.3849
alone,query,4.8871
alone,query,2.5177
alone,query,2.9493
alone,query,3.2863
alone,query,1.9331
alone,query,1.0197
alone,query,0.9606
alone,query,0.8245
alone,query,2.0994
alone,query,1.8563
alone,query,1.4189
alone,query,0.8227
alone,query,6.1993
alone,query,2.8707
alone,query,1.2223
alone,query,3.4508
alone,query,2.3329
alone,query,2.7086
alone,query,3.0661
alone,query,2.6880
alone,query,1.4317
alone,query,6.1304
alone,query,2.6884
alone,query,4.4313
alone,query,3.8073
alone,query,2.1121
alone,query,5.4468
alone,query,2.7348
alone,query,2.9494
alone,query,2.9846
alone,query,3.2084
alone,query,0.8719
alone,query,2.6470
alone,query,2.3925
alone,query,3.4806
alone,query,2.4282
alone,query,4.2741
alone,query,1.6618
alone,query,3.2419
alone,query,2.6076
alone,query,1.4003
alone,query,2.7718
alone,query,1.9582
alone,query,2.7983
alone,query,2.1152
alone,query,1.1486
alone,query,2.0121
alone,query,3.5171
alone,query,3.2902
alone,query,2.4834
alone,query,1.7142
alone,query,2.8779
alone,query,2.6903
alone,query,2.5012
alone,query,1.7721
alone,query,1.1575
alone,query,2.8966
alone,query,1.3947
alone,query,3.8066
alone,query,3.5241
alone,query,3.1671
alone,query,2.1368
alone,query,1.9819
alone,query,2.6582
alone,query,2.8352
alone,query,3.9677
alone,query,2.5850
alone,query,2.2862
alone,query,2.6103
alone,query,2.5814
alone,query,0.9787
alone,query,6.2988
alone,query,2.8036
alone,query,2.0565
alone,query,2.1035
alone,query,0.9060
alone,query,1.0456
alone,query,1.8948
alone,query,11.7598
alone,query,9.0111
alone,query,3.2405
alone,query,1.8368
alone,query,2.5046
alone,query,3.8376
alone,query,2.1241
alone,query,3.3394
alone,query,2.3327
alone,query,3.2611
alone,query,2.7772
alone,query,3.9437
alone,query,2.9428
alone,query,3.4252
alone,query,1.7043
alone,query,2.8094
alone,query,1.7699
alone,query,1.3504
alone,query,1.5925
alone,query,1.9730
alone,query,1.0587
alone,query,2.8376
alone,query,1.9501
alone,query,1.8875
alone,query,2.1285
alone,query,1.6566
alone,query,1.3704
alone,query,2.7605
alone,query,1.7955
alone,query,2.0353
alone,query,1.3379
alone,query,0.7716
alone,query,0.8997
alone,query,1.5745
alone,query,2.2351
alone,query,2.0861
alone,query,1.6681
alone,query,1.0922
alone,query,7.1461
alone,query,1.9337
alone,query,2.6996
alone,query,2.8997
alone,query,1.1983
alone,query,1.7955
alone,query,1.3858
alone,query,1.8016
alone,query,3.3992
alone,query,3.8317
alone,query,3.2361
alone,query,9.4331
alone,query,11.5523
alone,query,1.1342
alone,query,3.0851
alone,query,4.6083
alone,query,4.0545
alone,query,3.7427
alone,query,2.6990
alone,query,4.8412
alone,query,2.8287
alone,query,2.4664
alone,query,2.5261
alone,query,3.3038
alone,query,2.6020
alone,query,0.9771
alone,query,4.2578
alone,query,2.7434
alone,query,2.4210
alone,query,3.3631
alone,query,2.4319
alone,query,3.0747
alone,query,3.3082
alone,query,3.2065
alone,query,4.1014
alone,query,3.9519
alone,query,3.6078
alone,query,0.6104
alone,query,1.9988
alone,query,2.1969
alone,query,6.3275
alone,query,3.7666
alone,query,3.6191
alone,query,1.3450
alone,query,1.7739
alone,query,3.8202
alone,query,1.8055
alone,query,3.1094
alone,query,1.2538
alone,query,5.7614
alone,query,3.6265
alone,query,2.4023
alone,query,2.9290
alone,query,3.0089
alone,query,1.5482
alone,query,3.4419
alone,query,1.2319
alone,query,3.4510
alone,query,2.5710
alone,query,1.3575
alone,query,2.7131
alone,query,3.0886
alone,query,1.7052
alone,query,2.9796
alone,query,1.2345
alone,query,0.8251
alone,query,1.3463
alone,query,1.6965
alone,query,2.3294
alone,query,3.9535
alone,query,2.0116
alone,query,2.8483
alone,query,1.6010
alone,query,2.4116
alone,query,4.0152
alone,query,1.3571
alone,query,2.6101
alone,query,1.3346
alone,query,2.7401
alone,query,1.8133
alone,query,2.2065
alone,query,1.9922
alone,query,1.6276
alone,query,1.9051
alone,query,1.9487
alone,query,1.7405
alone,query,1.4843
alone,query,4.4466
alone,query,3.2822
alone,query,2.0465
alone,query,1.1896
alone,query,2.0421
alone,query,1.4114
alone,query,2.4294
alone,query,3.5939
alone,query,1.4900
alone,query,2.4561
alone,query,3.3257
alone,query,1.3527
alone,query,0.9736
alone,query,1.0968
alone,query,3.8188
alone,query,3.5258
alone,query,3.6912
alone,query,1.8785
alone,query,9.6574
alone,query,3.0667
alone,query,2.0757
alone,query,16.0027
alone,query,8.0245
alone,query,7.5775
alone,query,3.0869
alone,query,2.7535
alone,query,6.4608
alone,query,2.6838
alone,query,5.4860
alone,query,3.2665
alone,query,4.5790
alone,query,3.0747
alone,query,2.7444
alone,query,6.0470
alone,query,4.0496
alone,query,2.4026
alone,query,2.6504
alone,query,1.9110
alone,query,2.7093
alone,query,2.5241
alone,query,3.5593
alone,query,2.8833
alone,query,2.6427
alone,query,2.1881
alone,query,3.1446
alone,query,1.3494
alone,query,2.4993
alone,query,1.7210
alone,query,3.0490
alone,query,3.6596
alone,query,1.9230
alone,query,2.7596
alone,query,3.8168
alone,query,0.7652
alone,query,2.7636
alone,query,2.0539
alone,query,4.7579
alone,query,3.0045
alone,query,4.3547
alone,query,2.8877
alone,query,1.9210
alone,query,2.7278
alone,query,2.7542
alone,query,3.0962
alone,query,3.4424
alone,query,3.4137
alone,query,2.2288
alone,query,2.3777
alone,query,2.6814
alone,query,1.4639
alone,query,1.7039
alone,query,1.2815
alone,query,0.9575
alone,query,1.8792
alone,query,1.2675
alone,query,1.2401
alone,query,1.3771
alone,query,2.9792
alone,query,3.8091
alone,query,3.2308
alone,query,2.2399
alone,query,2.7953
alone,query,3.4895
alone,query,2.0577
alone,query,5.1529
alone,query,2.7710
alone,query,2.5006
alone,query,2.6884
alone,query,5.1080
alone,query,1.8832
alone,query,2.0787
alone,query,1.6759
alone,query,1.9448
alone,query,1.7545
alone,query,1.8859
alone,query,1.2798
alone,query,2.9116
alone,query,1.7517
alone,query,2.9109
alone,query,1.3731
alone,query,2.6867
alone,query,2.2162
alone,query,7.6481
alone,query,3.2400
alone,query,6.8399
alone,query,1.5605
alone,query,1.7029
alone,query,1.6508
alone,query,1.4042
alone,query,1.9823
alone,query,2.9145
alone,query,1.8081
alone,query,1.8954
alone,query,2.5112
alone,query,3.3691
alone,query,3.5643
alone,query,6.4421
alone,query,2.4438
alone,query,1.2260
alone,query,3.0231
alone,query,2.2821
alone,query,8.7600
alone,query,1.2643
alone,query,6.7387
alone,query,4.5116
alone,query,1.1378
alone,query,2.9257
alone,query,2.9920
alone,query,4.3664
alone,query,5.0516
alone,query,3.5669
alone,query,2.4141
alone,query,2.9692
alone,query,2.6645
alone,query,2.9110
alone,query,1.5950
alone,query,2.7586
alone,query,3.5030
alone,query,2.1240
alone,query,2.1797
alone,query,3.3605
alone,query,2.5172
alone,query,1.8471
alone,query,2.8406
alone,query,1.6825
alone,query,1.9934
alone,query,3.1019
alone,query,3.2338
alone,query,2.1495
alone,query,1.9809
alone,query,2.1371
alone,query,3.0936
alone,query,2.1262
alone,query,2.4347
alone,query,7.5770
alone,query,4.1536
alone,query,3.3100
alone,query,3.9080
alone,query,1.6562
alone,query,3.4916
alone,query,2.8812
alone,query,2.1436
alone,query,3.6459
alone,query,1.4447
alone,query,2.7097
alone,query,3.0077
alone,query,2.5738
alone,query,2.0182
alone,query,1.4350
alone,query,1.7441
alone,query,2.0692
alone,query,1.7670
alone,query,2.5337
alone,query,1.6274
alone,query,1.3318
alone,query,1.1588
alone,query,2.1785
alone,query,2.0509
alone,query,1.2115
alone,query,1.7954
alone,query,2.7186
alone,query,3.9301
alone,query,1.1568
alone,query,2.6438
alone,query,3.4033
alone,query,2.3970
alone,query,1.5987
alone,query,2.1237
alone,query,2.6904
alone,query,1.0151
alone,query,2.9180
alone,query,1.5812
alone,query,1.0324
alone,query,1.6284
alone,query,1.2468
alone,query,1.7989
alone,query,2.1912
alone,query,1.2272
alone,query,0.7083
alone,query,2.6058
alone,query,2.8309
alone,query,7.8985
alone,query,2.0037
alone,query,1.3581
alone,query,2.9378
alone,query,1.3174
alone,query,2.0758
alone,query,4.9386
alone,query,3.6311
alone,query,7.7022
alone,query,3.7673
alone,query,16.5570
alone,query,5.1291
alone,query,2.2754
alone,query,3.3883
alone,query,2.1432
alone,query,2.0099
alone,query,7.0256
alone,query,1.9894
alone,query,1.6586
alone,query,1.6711
alone,query,3.5186
alone,query,4.8322
alone,query,3.6500
alone,query,7.0554
alone,query,1.9347
alone,query,2.4597
alone,query,2.0049
alone,query,1.0931
alone,query,4.3135
alone,query,3.8754
alone,query,2.7312
alone,query,3.2873
alone,query,6.4148
alone,query,1.7882
alone,query,2.5155
alone,query,3.4620
alone,query,2.9935
alone,query,4.2294
alone,query,2.4679
alone,query,1.3409
alone,query,3.0825
alone,query,4.9526
alone,query,2.2555
alone,query,2.5237
alone,query,4.6067
alone,query,1.2156
alone,query,3.1371
alone,query,3.3756
alone,query,2.3736
alone,query,9.0061
alone,query,6.8325
alone,query,2.3309
alone,query,1.7892
alone,query,1.3431
alone,query,2.3531
alone,query,3.2188
alone,query,2.0348
alone,query,3.2930
alone,query,2.6192
alone,query,1.1651
alone,query,2.3351
alone,query,2.0252
alone,query,1.2854
alone,query,3.4904
alone,query,2.5490
alone,query,2.7793
alone,query,4.2697
alone,query,2.7653
alone,query,2.7019
alone,query,2.3106
alone,query,4.1339
alone,query,2.3873
alone,query,1.4208
alone,query,2.2040
alone,query,1.8297
alone,query,1.6122
alone,query,2.4786
alone,query,1.7318
alone,query,6.3726
alone,query,2.3921
alone,query,1.9948
alone,query,4.2814
alone,query,2.1726
alone,query,3.2257
alone,query,1.2807
alone,query,2.3104
alone,query,3.7620
alone,query,2.3282
alone,query,2.4307
alone,query,2.5584
alone,query,3.6382
alone,query,27.0172
alone,query,4.4905
alone,query,0.9161
alone,query,3.7048
alone,query,1.5843
alone,query,3.6946
alone,query,1.5214
alone,query,2.4145
alone,query,1.5334
alone,query,1.3347
alone,query,5.5662
alone,query,2.0897
alone,query,1.8278
alone,query,1.6882
alone,query,1.1038
alone,query,2.7998
alone,query,0.8283
alone,query,8.1429
alone,query,3.1977
alone,query,1.7733
alone,query,1.4912
alone,query,2.5441
alone,query,2.1326
alone,query,3.2135
alone,query,2.3082
alone,query,2.3724
alone,query,1.6644
alone,query,2.0194
alone,query,2.2613
alone,query,3.7282
alone,query,4.5349
alone,query,9.3630
alone,query,1.6943
alone,query,3.8006
alone,query,2.0072
alone,query,7.5408
alone,query,3.6591
alone,query,4.4142
alone,query,6.2777
alone,query,2.0573
alone,query,4.6199
alone,query,2.9012
alone,query,3.6310
alone,query,2.1219
alone,query,1.1136
alone,query,2.3995
alone,query,3.5152
alone,query,1.9105
alone,query,3.1718
alone,query,2.8585
alone,query,4.9721
alone,query,2.9025
alone,query,2.2595
alone,query,2.6020
alone,query,2.7708
alone,query,2.0857
alone,query,4.2405
alone,query,3.4682
alone,query,2.4181
alone,query,1.8019
alone,query,3.0194
alone,query,3.1332
alone,query,1.7739
alone,query,1.6671
alone,query,2.6433
alone,query,0.9924
alone,query,2.1275
alone,query,2.4188
alone,query,1.0288
alone,query,2.6960
alone,query,2.7913
alone,query,2.6603
alone,query,2.7187
alone,query,2.2052
alone,query,2.6274
alone,query,1.9174
alone,query,2.0821
alone,query,2.0812
alone,query,1.6787
alone,query,1.5831
alone,query,1.3939
alone,query,3.8462
alone,query,3.3597
alone,query,1.2849
alone,query,1.3344
alone,query,2.9043
alone,query,2.2394
alone,query,3.1143
alone,query,1.1221
alone,query,1.6193
alone,query,2.3819
alone,query,2.4781
alone,query,2.8474
alone,query,3.7655
alone,query,2.2086
alone,query,1.9646
alone,query,1.4914
alone,query,1.8124
alone,query,2.2653
alone,query,1.7391
alone,query,1.8174
alone,query,2.0919
alone,query,1.0260
alone,query,1.9302
alone,query,3.2416
alone,query,1.2814
alone,query,2.2408
alone,query,2.9763
alone,query,4.3461
alone,query,9.6435
alone,query,5.2995
alone,query,4.5113
alone,query,2.1903
alone,query,1.6239
alone,query,2.7223
alone,query,1.0798
alone,query,1.5550
alone,query,9.8166
alone,query,1.8687
alone,query,2.3336
alone,query,1.3020
alone,query,2.7541
alone,query,7.2917
alone,query,2.0035
alone,query,3.0976
alone,query,1.0946
alone,query,2.0965
alone,query,1.9682
alone,query,2.0504
alone,query,2.0762
alone,query,4.0222
alone,query,3.4422
alone,query,4.0837
alone,query,2.1707
alone,query,0.9638
alone,query,3.8792
alone,query,3.9939
alone,query,3.8154
alone,query,3.5890
alone,query,2.7723
alone,query,3.8761
alone,query,4.4415
alone,query,3.3608
alone,query,2.5212
alone,query,1.1482
alone,query,2.4030
alone,query,2.9829
alone,query,5.3242
alone,query,3.1967
alone,query,1.2237
alone,query,6.2839
alone,query,3.3149
alone,query,0.9903
alone,query,2.3648
alone,query,3.3311
alone,query,2.3437
alone,query,2.3962
alone,query,3.2758
alone,query,3.6859
alone,query,5.4625
alone,query,4.5068
alone,query,1.7306
alone,query,1.9022
alone,query,5.2452
alone,query,2.1033
alone,query,1.3077
alone,query,1.0991
alone,query,3.4947
alone,query,6.1184
alone,query,1.4695
alone,query,4.6242
alone,query,2.2932
alone,query,2.3278
alone,query,3.9747
alone,query,4.6306
alone,query,1.2215
alone,query,2.2169
alone,query,2.0867
alone,query,0.8239
alone,query,2.8109
alone,query,1.5263
alone,query,1.6290
alone,query,2.4872
alone,query,0.9613
alone,query,1.7345
alone,query,1.7445
alone,query,1.9673
alone,query,2.3881
alone,query,1.8061
alone,query,2.4667
alone,query,2.6189
alone,query,5.2065
alone,query,4.3732
alone,query,1.7292
alone,query,4.2609
alone,query,3.7800
alone,query,3.4430
alone,query,2.3015
alone,query,1.5762
alone,query,2.7405
alone,query,2.5431
alone,query,3.0004
alone,query,1.9345
alone,query,1.6265
alone,query,5.6051
alone,query,2.1693
alone,query,2.4064
alone,query,2.3655
alone,query,4.4964
alone,query,0.8949
alone,query,1.6198
alone,query,1.0738
alone,query,1.1716
alone,query,0.8637
alone,query,0.7250
alone,query,0.7044
alone,query,0.8693
alone,query,3.1827
alone,query,2.3445
alone,query,3.0441
alone,query,8.5550
alone,query,2.0513
alone,query,5.8409
alone,query,2.3077
alone,query,1.7728
alone,query,2.7572
alone,query,6.3041
alone,query,6.8325
alone,query,5.3998
alone,query,6.0971
alone,query,1.8193
alone,query,7.5001
alone,query,6.3782
alone,query,3.9695
alone,query,4.5320
alone,query,10.7621
alone,query,3.2184
alone,query,3.0345
alone,query,2.3756
alone,query,2.9443
alone,query,2.5415
alone,query,3.2019
alone,query,1.1547
alone,query,6.1040
alone,query,1.4676
alone,query,1.3091
alone,query,3.6554
alone,query,3.0461
alone,query,3.2604
alone,query,2.7899
alone,query,3.2242
alone,query,3.4641
alone,query,2.2860
alone,query,5.0052
alone,query,1.3311
alone,query,0.9923
alone,query,3.3742
alone,query,0.9344
alone,query,4.2625
alone,query,0.5071
alone,query,1.7417
alone,query,1.9011
alone,query,2.9061
alone,query,2.3442
alone,query,5.3631
alone,query,1.4402
alone,query,0.7563
alone,query,1.8640
alone,query,3.2759
alone,query,2.1046
alone,query,3.2021
alone,query,2.1546
alone,query,2.1705
alone,query,2.6044
alone,query,3.4378
alone,query,3.7713
alone,query,4.7917
alone,query,2.4313
alone,query,1.6007
alone,query,1.7497
alone,query,3.4704
alone,query,7.5318
alone,query,4.9594
alone,query,1.6429
alone,query,3.5898
alone,query,2.6317
alone,query,2.2422
alone,query,3.5297
alone,query,4.6725
alone,query,1.7013
alone,query,2.0443
alone,query,2.2167
alone,query,3.1333
alone,query,3.2124
alone,query,3.9773
alone,query,3.3758
alone,query,1.2932
alone,query,1.5311
alone,query,4.2938
alone,query,2.3336
alone,query,1.4761
alone,query,2.4222
alone,query,1.0541
alone,query,1.7539
alone,query,2.6077
alone,query,1.2477
alone,query,1.5396
alone,query,1.4554
alone,query,2.6909
alone,query,3.9235
alone,query,1.7241
alone,query,2.3666
alone,query,2.0853
alone,query,1.6791
alone,query,2.6593
alone,query,1.0059
alone,query,1.0615
alone,query,3.3513
alone,query,1.6364
alone,query,2.1611
alone,query,2.7811
alone,query,1.7771
alone,query,2.7604
alone,query,2.6965
alone,query,2.1977
alone,query,1.1863
alone,query,1.8229
alone,query,1.6035
alone,query,5.8600
alone,query,2.8548
alone,query,4.5173
alone,query,8.7191
alone,query,5.0733
alone,query,5.8517
alone,query,3.5668
alone,query,5.1670
alone,query,2.9647
alone,query,4.4538
alone,query,6.8325
alone,query,3.9555
alone,query,0.6383
alone,query,2.5726
alone,query,1.7787
alone,query,2.7316
alone,query,7.1722
alone,query,3.0761
alone,query,2.0468
alone,query,2.8917
alone,query,3.7578
alone,query,3.3920
alone,query,2.2325
alone,query,2.4460
alone,query,4.8621
alone,query,2.8236
alone,query,2.0480
alone,query,2.8763
alone,query,1.9848
alone,query,4.1062
alone,query,8.8055
alone,query,2.8343
alone,query,4.8142
alone,query,1.9943
alone,query,2.1223
alone,query,2.2300
alone,query,3.0264
alone,query,3.5074
alone,query,1.8574
alone,query,2.3367
alone,query,2.4721
alone,query,2.3376
alone,query,1.1694
alone,query,3.4924
alone,query,2.1260
alone,query,1.2340
alone,query,2.8904
alone,query,2.4761
alone,query,1.4974
alone,query,3.3501
alone,query,1.5437
alone,query,1.6684
alone,query,2.0686
alone,query,1.4324
alone,query,1.2353
alone,query,1.1619
alone,query,2.5142
alone,query,2.7430
alone,query,4.1150
alone,query,2.1121
alone,query,3.2429
alone,query,3.4125
alone,query,1.9192
alone,query,2.1856
alone,query,2.5742
alone,query,2.6891
alone,query,3.3772
alone,query,3.2350
alone,query,3.4386
alone,query,3.2674
alone,query,3.9387
alone,query,3.8809
alone,query,2.1764
alone,query,1.5549
alone,query,3.3548
alone,query,5.9090
alone,query,1.1652
alone,query,2.0200
alone,query,0.9967
alone,query,2.5735
alone,query,13.8923
alone,query,2.0005
alone,query,3.7543
alone,query,0.7481
alone,query,2.8739
alone,query,2.0069
alone,query,3.6844
alone,query,1.0112
alone,query,2.2368
alone,query,10.3001
alone,query,1.9229
alone,query,4.3041
alone,query,2.6003
alone,query,5.7996
alone,query,3.3885
alone,query,9.2476
alone,query,1.8221
alone,query,9.1270
alone,query,6.1397
alone,query,1.4404
alone,query,2.0127
alone,query,3.5084
alone,query,5.6009
alone,query,4.8951
alone,query,3.3264
alone,query,3.7603
alone,query,2.4586
alone,query,2.9441
alone,query,9.2475
alone,query,2.7562
alone,query,1.8141
alone,query,3.8391
alone,query,3.0376
alone,query,2.4113
alone,query,3.0153
alone,query,2.6693
alone,query,1.0823
alone,query,2.0154
alone,query,2.9598
alone,query,2.0191
alone,query,2.4374
alone,query,3.4639
alone,query,3.8796
alone,query,3.2529
alone,query,2.0265
alone,query,2.6398
alone,query,0.7536
alone,query,1.4969
alone,query,0.9774
alone,query,1.8437
alone,query,1.9693
alone,query,2.2946
alone,query,4.5724
alone,query,5.9069
alone,query,2.4871
alone,query,3.6893
alone,query,2.6385
alone,query,1.9404
alone,query,2.1095
alone,query,4.1781
alone,query,1.5443
alone,query,1.8993
alone,query,2.0556
alone,query,2.4210
alone,query,3.5139
alone,query,4.5738
alone,query,5.8578
alone,query,1.9027
alone,query,3.2354
alone,query,3.5635
alone,query,1.7219
alone,query,2.7450
alone,query,4.6936
alone,query,5.6278
alone,query,0.5647
alone,query,1.9741
alone,query,2.6779
alone,query,4.4745
alone,query,4.9549
alone,query,2.9490
alone,query,2.8344
alone,query,1.0761
alone,query,2.2216
alone,query,1.6982
alone,query,0.7045
alone,query,2.2005
alone,query,2.0341
alone,query,5.3379
alone,query,0.7643
alone,query,1.5698
alone,query,1.9156
alone,query,1.6439
alone,query,7.9360
alone,query,1.1828
alone,query,2.4993
alone,query,1.5292
alone,query,0.7205
alone,query,2.8344
alone,query,3.0043
alone,query,1.6068
alone,query,2.9214
alone,query,1.5239
alone,query,2.5785
alone,query,4.5420
alone,query,1.3784
alone,query,4.5003
alone,query,4.7682
alone,query,1.9558
alone,query,1.0292
alone,query,3.0991
alone,query,1.7080
alone,query,1.5922
alone,query,1.8717
alone,query,3.4798
alone,query,5.7335
alone,query,2.9555
alone,query,1.9385
alone,query,1.4390
alone,query,1.2005
alone,query,2.2702
alone,query,8.6568
alone,query,7.5391
alone,query,2.8429
alone,query,5.5180
alone,query,3.5428
alone,query,2.5963
alone,query,5.1308
alone,query,4.0892
alone,query,7.1387
alone,query,5.8566
alone,query,2.4541
alone,query,1.8690
alone,query,4.6395
alone,query,3.2430
alone,query,1.4520
alone,query,2.9909
alone,query,3.4878
alone,query,2.1614
alone,query,2.9316
alone,query,2.3494
alone,query,3.3373
alone,query,4.6337
alone,query,2.0117
alone,query,2.0525
alone,query,1.8771
alone,query,3.0922
alone,query,2.4964
alone,query,6.7499
alone,query,1.7315
alone,query,0.7413
alone,query,1.2605
alone,query,1.1173
alone,query,1.7943
alone,query,1.5444
alone,query,1.6451
alone,query,2.0630
alone,query,2.0088
alone,query,11.0258
alone,query,3.0674
alone,query,1.3751
alone,query,3.2712
alone,query,3.6592
alone,query,3.3241
alone,query,4.5749
alone,query,3.4062
alone,query,5.1447
alone,query,1.9912
alone,query,2.2985
alone,query,2.3999
alone,query,3.2518
alone,query,3.2435
alone,query,2.4509
alone,query,8.7443
alone,query,2.4208
alone,query,2.0710
alone,query,2.6765
alone,query,1.9888
alone,query,2.9227
alone,query,9.4519
alone,query,3.4870
alone,query,1.5892
alone,query,2.8093
alone,query,3.9374
alone,query,2.0217
alone,query,3.4433
alone,query,1.6274
alone,query,2.3003
alone,query,3.4702
alone,query,11.7536
alone,query,2.2434
alone,query,1.0018
alone,query,1.6038
alone,query,3.1414
alone,query,1.3092
alone,query,3.6682
alone,query,1.7503
alone,query,2.6905
alone,query,8.6821
alone,query,1.6661
alone,query,3.0556
alone,query,1.5188
alone,query,1.1327
alone,query,1.5855
alone,query,1.1306
alone,query,2.2661
alone,query,0.7771
alone,query,0.7056
alone,query,0.7487
alone,query,0.8862
alone,query,1.7431
alone,query,2.5235
alone,query,1.1180
alone,query,1.6617
alone,query,0.6409
alone,query,0.7862
alone,query,3.9942
alone,query,1.0074
alone,query,1.6628
alone,query,4.5732
alone,query,4.5787
alone,query,1.6856
alone,query,1.8166
alone,query,6.2224
alone,query,2.0434
alone,query,2.1309
alone,query,2.7839
alone,query,20.6373
alone,query,2.9198
alone,query,3.7033
alone,query,0.8695
alone,query,4.3251
alone,query,3.9197
alone,query,0.7157
alone,query,5.6524
alone,query,1.2668
alone,query,0.8489
alone,query,3.5566
alone,query,4.0174
alone,query,1.9887
alone,query,2.1846
alone,query,2.0912
alone,query,2.6363
alone,query,2.5305
alone,query,2.4854
alone,query,1.2117
alone,query,1.2479
alone,query,2.5081
alone,query,2.2881
alone,query,2.3684
alone,query,4.5833
alone,query,3.0070
alone,query,2.2373
alone,query,2.9283
alone,query,1.9516
alone,query,4.8890
alone,query,4.1417
alone,query,1.1354
alone,query,1.9158
alone,query,1.4458
alone,query,0.7773
alone,query,3.8318
alone,query,2.4574
alone,query,5.1195
alone,query,2.4360
alone,query,4.6497
alone,query,2.4047
alone,query,2.7785
alone,query,3.9682
alone,query,3.0799
alone,query,2.5468
alone,query,2.9076
alone,query,2.6276
alone,query,4.0678
alone,query,3.9273
alone,query,1.7401
alone,query,1.5166
alone,query,1.4906
alone,query,1.0770
alone,query,3.3644
alone,query,1.2587
alone,query,2.7687
alone,query,2.4361
alone,query,3.9137
alone,query,2.5252
alone,query,2.4535
alone,query,2.2455
alone,query,2.2335
alone,query,2.4453
alone,query,4.0853
alone,query,3.1123
alone,query,3.5006
alone,query,4.6637
alone,query,2.5041
alone,query,1.1188
alone,query,1.0658
alone,query,1.3363
alone,query,1.6235
alone,query,2.4763
alone,query,2.5706
alone,query,1.7693
alone,query,1.4286
alone,query,2.1830
alone,query,5.5289
alone,query,1.4296
alone,query,4.5217
alone,query,1.7129
alone,query,1.6076
alone,query,2.4190
alone,query,12.1218
alone,query,3.4466
alone,query,5.1483
alone,query,1.7982
alone,query,2.6381
alone,query,3.2338
alone,query,4.0786
alone,query,5.8528
alone,query,6.1100
alone,query,1.2922
alone,query,2.2769
alone,query,5.0267
alone,query,2.8717
alone,query,9.9195
alone,query,6.5913
alone,query,3.9517
alone,query,5.7286
alone,query,1.3181
alone,query,0.5398
alone,query,5.2457
alone,query,3.1300
alone,query,3.3958
alone,query,3.3370
alone,query,1.9360
alone,query,2.4200
alone,query,3.4730
alone,query,2.0911
alone,query,2.8086
alone,query,5.7706
alone,query,2.6083
alone,query,1.7574
alone,query,0.8258
alone,query,5.6149
alone,query,2.7745
alone,query,2.8601
alone,query,0.9135
alone,query,2.2383
alone,query,2.1033
alone,query,0.5108
alone,query,0.4648
alone,query,5.0442
alone,query,0.5232
alone,query,2.8769
alone,query,2.9792
alone,query,1.7351
alone,query,3.5660
alone,query,3.1929
alone,query,2.0616
alone,query,2.3485
alone,query,13.3733
alone,query,2.7588
alone,query,2.9239
alone,query,1.9953
alone,query,4.0843
alone,query,3.6019
alone,query,3.9619
alone,query,5.2405
alone,query,2.7866
alone,query,2.0637
alone,query,2.9250
alone,query,3.0702
alone,query,1.2189
alone,query,6.4926
alone,query,2.0757
alone,query,2.4457
alone,query,1.8922
alone,query,3.3176
alone,query,2.6237
alone,query,1.6689
alone,query,2.8559
alone,query,2.0453
alone,query,1.9136
alone,query,1.3047
alone,query,1.9031
alone,query,3.0570
alone,query,1.5215
alone,query,1.7434
alone,query,2.8189
alone,query,1.6778
alone,query,2.4701
alone,query,2.1779
alone,query,6.7169
alone,query,4.5929
alone,query,2.0660
alone,query,2.9695
alone,query,2.9435
alone,query,2.4881
alone,query,3.1629
alone,query,1.9182
alone,query,1.2394
alone,query,1.5137
alone,query,1.1679
alone,query,2.0709
alone,query,1.7871
alone,query,1.8060
alone,query,2.6503
alone,query,2.3355
alone,query,2.1289
alone,query,1.7381
alone,query,1.4517
alone,query,1.1962
alone,query,3.6515
alone,query,2.8442
alone,query,2.5365
alone,query,1.4186
alone,query,2.1843
alone,query,2.3113
alone,query,4.7624
alone,query,6.0313
alone,query,1.9238
alone,query,1.9019
alone,query,1.9018
alone,query,1.2929
alone,query,2.5314
alone,query,10.3769
alone,query,1.4151
alone,query,5.7688
alone,query,5.3346
alone,query,1.4361
alone,query,4.2831
alone,query,12.1197
alone,query,5.4940
alone,query,6.3351
alone,query,3.1708
alone,query,4.0467
alone,query,1.0140
alone,query,6.2388
alone,query,1.9167
alone,query,2.9330
alone,query,0.8206
alone,query,0.8759
alone,query,2.3583
alone,query,1.7650
alone,query,4.3598
alone,query,3.0205
alone,query,2.6784
alone,query,0.5749
alone,query,2.5263
alone,query,3.4193
alone,query,3.4010
alone,query,3.4796
alone,query,1.7452
alone,query,2.4863
alone,query,3.2854
alone,query,3.8785
alone,query,2.3410
alone,query,2.4190
alone,query,2.5894
alone,query,1.2538
alone,query,1.6163
alone,query,2.9747
alone,query,3.6070
alone,query,1.1775
alone,query,3.8051
alone,query,3.8303
alone,query,1.8053
alone,query,2.4217
alone,query,4.2968
alone,query,2.9334
alone,query,3.0090
alone,query,2.3160
alone,query,2.6359
alone,query,3.5197
alone,query,17.5990
alone,query,1.6603
alone,query,2.8454
alone,query,4.1987
alone,query,1.1477
alone,query,1.2917
alone,query,1.2702
alone,query,2.7837
alone,query,2.4050
alone,query,1.8739
alone,query,3.9469
alone,query,2.3661
alone,query,9.4483
alone,query,2.2151
alone,query,2.1346
alone,query,2.7634
alone,query,2.7540
alone,query,2.4527
alone,query,3.8013
alone,query,2.8983
alone,query,0.8950
alone,query,1.3628
alone,query,2.1068
alone,query,1.5578
alone,query,4.1974
alone,query,2.1469
alone,query,1.9540
alone,query,6.0507
alone,query,4.3063
alone,query,6.7708
alone,query,2.4148
alone,query,1.7840
alone,query,2.0277
alone,query,1.1904
alone,query,1.8532
alone,query,0.9527
alone,query,1.0296
alone,query,0.4798
alone,query,2.9139
alone,query,2.2297
alone,query,4.8828
alone,query,3.3031
alone,query,4.0383
alone,query,3.3669
alone,query,2.0334
alone,query,1.8872
alone,query,4.1040
alone,query,2.7750
alone,query,3.9976
alone,query,1.5028
alone,query,4.5477
alone,query,10.9359
alone,query,1.1618
alone,query,3.7075
alone,query,2.0695
alone,query,2.3501
alone,query,7.1500
alone,query,4.8239
alone,query,2.3478
alone,query,5.0909
alone,query,8.2849
alone,query,2.4785
alone,query,3.4458
alone,query,5.5665
alone,query,2.4036
alone,query,1.8565
alone,query,2.3396
alone,query,3.0578
alone,query,0.8804
alone,query,4.0141
alone,query,3.4643
alone,query,4.1923
alone,query,3.2820
alone,query,3.6805
alone,query,2.3306
alone,query,3.2687
alone,query,1.9948
alone,query,2.1997
alone,query,2.6629
alone,query,2.5826
alone,query,5.4005
alone,query,1.7749
alone,query,1.7799
alone,query,2.7551
alone,query,0.9153
alone,query,3.1188
alone,query,3.1662
alone,query,1.9851
alone,query,2.9968
alone,query,2.0550
alone,query,2.6329
alone,query,1.6959
alone,query,1.5893
alone,query,5.6451
alone,query,2.9887
alone,query,2.0177
alone,query,2.5593
alone,query,1.6546
alone,query,2.4945
alone,query,1.6880
alone,query,2.2246
alone,query,1.5345
alone,query,2.0412
alone,query,1.1377
alone,query,1.3547
alone,query,5.2370
alone,query,1.9233
alone,query,1.6239
alone,query,7.4774
alone,query,1.4464
alone,query,3.2063
alone,query,3.0299
alone,query,4.2313
alone,query,2.7908
alone,query,2.9597
alone,query,1.5635
alone,query,4.3083
alone,query,1.4549
alone,query,1.6718
alone,query,1.0992
alone,query,1.7119
alone,query,1.3587
alone,query,1.1376
alone,query,4.1750
alone,query,1.6940
alone,query,3.3747
alone,query,2.3437
alone,query,1.3498
alone,query,0.9808
alone,query,2.7044
alone,query,1.9215
alone,query,1.2565
alone,query,1.2074
alone,query,0.9148
alone,query,1.6675
alone,query,2.1093
alone,query,0.9631
alone,query,0.8159
alone,query,2.5210
alone,query,2.2900
alone,query,2.1477
alone,query,2.8628
alone,query,1.3273
alone,query,2.5339
alone,query,2.1112
alone,query,1.1614
alone,query,5.5916
alone,query,2.1211
alone,query,5.8135
alone,query,3.8561
alone,query,2.6338
alone,query,2.1006
alone,query,1.8512
alone,query,3.8472
alone,query,8.8297
alone,query,5.9523
alone,query,2.8327
alone,query,2.0746
alone,query,1.0541
alone,query,3.1365
alone,query,2.7695
alone,query,2.7675
alone,query,2.1937
alone,query,2.9390
alone,query,1.3086
alone,query,1.8183
alone,query,2.1845
alone,query,3.0120
alone,query,3.4224
alone,query,2.9697
alone,query,2.5123
alone,query,3.8409
alone,query,5.2755
alone,query,2.4480
alone,query,2.2086
alone,query,1.8213
alone,query,1.9425
alone,query,7.3718
alone,query,1.9071
alone,query,1.4635
alone,query,3.2523
alone,query,1.3962
alone,query,2.7028
alone,query,1.6850
alone,query,1.6480
alone,query,2.5200
alone,query,2.0130
alone,query,1.3646
alone,query,3.5438
alone,query,3.5699
alone,query,3.1903
alone,query,2.6673
alone,query,2.6857
alone,query,3.3862
alone,query,2.1875
alone,query,1.9287
alone,query,2.4690
alone,query,1.4219
alone,query,1.8260
alone,query,1.8441
alone,query,5.9913
alone,query,0.7385
alone,query,1.0786
alone,query,3.4558
alone,query,3.9252
alone,query,2.1113
alone,query,1.8010
alone,query,2.9330
alone,query,4.9211
alone,query,4.0029
alone,query,3.2959
alone,query,1.9924
alone,query,3.3678
alone,query,0.8495
alone,query,3.5921
alone,query,3.8264
alone,query,2.0667
alone,query,1.8911
alone,query,1.4668
alone,query,2.2022
alone,query,1.4534
alone,query,1.3556
alone,query,2.4235
alone,query,2.4901
alone,query,1.6289
alone,query,1.1002
alone,query,1.7430
alone,query,0.6459
alone,query,4.6078
alone,query,6.4089
alone,query,1.8520
alone,query,3.1162
alone,query,2.5903
alone,query,1.2324
alone,query,2.6501
alone,query,0.9834
alone,query,1.7286
alone,query,1.5620
alone,query,1.7466
alone,query,3.3751
alone,query,1.1865
alone,query,1.8573
alone,query,2.0944
alone,query,4.2141
alone,query,6.1021
alone,query,2.8760
alone,query,1.9397
alone,query,1.5491
alone,query,1.8765
alone,query,2.4716
alone,query,2.6514
alone,query,2.4611
alone,query,3.4025
alone,query,3.6436
alone,query,15.4874
alone,query,6.9493
alone,query,1.8628
alone,query,3.7854
alone,query,3.1161
alone,query,2.6009
alone,query,2.0106
alone,query,2.3690
alone,query,5.6879
alone,query,4.4475
alone,query,2.9045
alone,query,5.0972
alone,query,3.7924
alone,query,1.2013
alone,query,2.8732
alone,query,1.9809
alone,query,2.1227
alone,query,2.1404
alone,query,2.7193
alone,query,0.8635
alone,query,2.0755
alone,query,1.9737
alone,query,7.6086
alone,query,2.6822
alone,query,2.4713
alone,query,3.1491
alone,query,2.7559
alone,query,3.1745
alone,query,4.2798
alone,query,1.7191
alone,query,1.6366
alone,query,0.7379
alone,query,3.6870
alone,query,1.3306
alone,query,3.0529
alone,query,2.0698
alone,query,1.2704
alone,query,7.4732
alone,query,0.7363
alone,query,2.9699
alone,query,2.3018
alone,query,2.9111
alone,query,2.0701
alone,query,1.7399
alone,query,3.1835
alone,query,2.4887
alone,query,2.6681
alone,query,1.5761
alone,query,6.2228
alone,query,3.3230
alone,query,2.8654
alone,query,2.8753
alone,query,1.6342
alone,query,1.8483
alone,query,7.4611
alone,query,2.7136
alone,query,8.9351
alone,query,1.5996
alone,query,1.6172
alone,query,1.1297
alone,query,1.6708
alone,query,5.5203
alone,query,3.5466
alone,query,2.3213
alone,query,2.3459
alone,query,3.7235
alone,query,2.3301
alone,query,2.2665
alone,query,2.0772
alone,query,1.1030
alone,query,2.1854
alone,query,1.5400
alone,query,1.4970
alone,query,1.7888
alone,query,4.1661
alone,query,1.7288
alone,query,1.2337
alone,query,1.6636
alone,query,1.8841
alone,query,0.6316
alone,query,2.2027
alone,query,3.1567
alone,query,2.0504
alone,query,1.5899
alone,query,1.9729
alone,query,3.1498
alone,query,1.5724
alone,query,1.1589
alone,query,3.5587
alone,query,2.7934
alone,query,2.4705
alone,query,1.5249
alone,query,2.6195
alone,query,4.6910
alone,query,11.7802
alone,query,4.5389
alone,query,7.5200
alone,query,4.9435
alone,query,2.3011
alone,query,2.2140
alone,query,2.1878
alone,query,4.1074
alone,query,1.9325
alone,query,2.8695
alone,query,1.6578
alone,query,2.8850
alone,query,7.9703
alone,query,1.9072
alone,query,2.3949
alone,query,2.1766
alone,query,1.9950
alone,query,2.1907
alone,query,4.7536
alone,query,2.5692
alone,query,3.8799
alone,query,2.2877
alone,query,1.8804
alone,query,6.0236
alone,query,2.6462
alone,query,1.1892
alone,query,3.0355
alone,query,1.1727
alone,query,1.9241
alone,query,2.3724
alone,query,1.4118
alone,query,2.9379
alone,query,1.8475
alone,query,0.7328
alone,query,2.7557
alone,query,2.2900
alone,query,2.5602
alone,query,6.7611
alone,query,2.3254
alone,query,2.7963
alone,query,2.1670
alone,query,1.9943
alone,query,2.2765
alone,query,2.4932
alone,query,2.9270
alone,query,4.0574
alone,query,1.9641
alone,query,2.4335
alone,query,1.8521
alone,query,2.1167
alone,query,1.9407
alone,query,1.6919
alone,query,1.9460
alone,query,2.3890
alone,query,2.2552
alone,query,1.0347
alone,query,7.1926
alone,query,2.4323
alone,query,2.5054
alone,query,3.1714
alone,query,5.0525
alone,query,2.1718
alone,query,1.5788
alone,query,2.0938
alone,query,2.5298
alone,query,2.8645
alone,query,2.5943
alone,query,3.3668
alone,query,2.5206
alone,query,1.4818
alone,query,1.1898
alone,query,3.1146
alone,query,1.4588
alone,query,1.4076
alone,query,3.7094
alone,query,0.8262
alone,query,0.9270
alone,query,2.2792
alone,query,1.3146
alone,query,1.3409
alone,query,3.3859
alone,query,2.5341
alone,query,3.8983
alone,query,1.2278
alone,query,1.3493
alone,query,3.9465
alone,query,3.2882
alone,query,5.4313
alone,query,2.5683
alone,query,1.3363
alone,query,2.6917
alone,query,5.4215
alone,query,3.2796
alone,query,3.9982
alone,query,2.4818
alone,query,1.7634
alone,query,1.6942
alone,query,2.1686
alone,query,15.9769
alone,query,1.8451
alone,query,2.7574
alone,query,2.0797
alone,query,3.0770
alone,query,2.4149
alone,query,4.6225
alone,query,1.4697
alone,query,2.1859
alone,query,5.0880
alone,query,4.1581
alone,query,4.0409
alone,query,0.6345
alone,query,2.2949
alone,query,3.6285
alone,query,0.9960
alone,query,3.0591
alone,query,2.0247
alone,query,1.9076
alone,query,1.4866
alone,query,1.9685
alone,query,1.0727
alone,query,1.0093
alone,query,2.3200
alone,query,2.5080
alone,query,1.7337
alone,query,1.8730
alone,query,2.1757
alone,query,1.6782
alone,query,2.3558
alone,query,6.1720
alone,query,1.6828
alone,query,2.9778
alone,query,2.7777
alone,query,3.0829
alone,query,2.2336
alone,query,1.0644
alone,query,3.2798
alone,query,2.2922
alone,query,1.4822
alone,query,3.6103
alone,query,1.7182
alone,query,1.1646
alone,query,1.2448
alone,query,2.7978
alone,query,3.2531
alone,query,2.0067
alone,query,1.0760
alone,query,3.1090
alone,query,1.6323
alone,query,3.7697
alone,query,0.7672
alone,query,1.3076
alone,query,1.5687
alone,query,1.3400
alone,query,2.1798
alone,query,1.8028
alone,query,1.7330
alone,query,1.6214
alone,query,1.3119
alone,query,0.8803
alone,query,1.8001
alone,query,7.3571
alone,query,1.7403
alone,query,5.9381
alone,query,2.9535
alone,query,4.0583
alone,query,2.1544
alone,query,0.5524
alone,query,3.2203
alone,query,1.9112
alone,query,2.9263
alone,query,2.5431
alone,query,4.4721
alone,query,2.7390
alone,query,2.7653
alone,query,3.4691
alone,query,1.3166
alone,query,1.4612
alone,query,1.3640
alone,query,0.9530
alone,query,11.6465
alone,query,2.0650
alone,query,10.7598
alone,query,1.9414
alone,query,1.8856
alone,query,1.0729
alone,query,1.2125
alone,query,1.1229
alone,query,3.0409
alone,query,2.4997
alone,query,4.7614
alone,transaction,29.4371
alone,transaction,26.3657
alone,transaction,77.9555
alone,transaction,28.7904
alone,transaction,34.1833
alone,transaction,36.6605
alone,transaction,28.0019
alone,transaction,19.4101
alone,transaction,31.0538
alone,transaction,32.6969
alone,transaction,35.0928
alone,transaction,41.5499
alone,transaction,43.3621
alone,transaction,37.1678
alone,transaction,31.3192
alone,transaction,29.1026
alone,transaction,30.0858
alone,transaction,41.4567
alone,transaction,20.4586
alone,transaction,38.1363
alone,transaction,30.1291
alone,transaction,33.1972
alone,transaction,41.8995
alone,transaction,33.0144
alone,transaction,22.1344
alone,transaction,27.2192
alone,transaction,31.6351
alone,transaction,19.3205
alone,transaction,23.0836
alone,transaction,23.5008
alone,transaction,30.3718
alone,transaction,32.3937
alone,transaction,32.0017
alone,transaction,29.7589
alone,transaction,37.3463
alone,transaction,26.5412
alone,transaction,32.1722
alone,transaction,24.3067
alone,transaction,27.4717
alone,transaction,26.5864
alone,transaction,23.4005
alone,transaction,22.9141
alone,transaction,24.9867
alone,transaction,31.8774
alone,transaction,26.9236
alone,transaction,24.3270
alone,transaction,33.7409
alone,transaction,30.7352
alone,transaction,24.9124
alone,transaction,22.6847
alone,transaction,34.9813
alone,transaction,34.4110
alone,transaction,26.3507
alone,transaction,28.3775
alone,transaction,26.0411
alone,transaction,27.5763
alone,transaction,28.9217
alone,transaction,35.8582
alone,transaction,18.0099
alone,transaction,30.7716
alone,transaction,32.3812
alone,transaction,14.4437
alone,transaction,38.6299
alone,transaction,21.8683
alone,transaction,22.7648
alone,transaction,31.7714
alone,transaction,25.5152
alone,transaction,24.3592
alone,transaction,28.1791
alone,transaction,28.5217
alone,transaction,24.3444
alone,transaction,27.0607
alone,transaction,25.4469
alone,transaction,26.1812
alone,transaction,31.7930
alone,transaction,23.1761
alone,transaction,16.4414
alone,transaction,17.2297
alone,transaction,17.8305
alone,transaction,18.2325
alone,transaction,24.3552
alone,transaction,11.7957
alone,transaction,11.3901
alone,transaction,23.8821
alone,transaction,22.9641
alone,transaction,25.2869
alone,transaction,20.1797
alone,transaction,18.8471
alone,transaction,20.3638
alone,transaction,21.6139
alone,transaction,41.5865
alone,transaction,19.0209
alone,transaction,15.6833
alone,transaction,17.0199
alone,transaction,10.3438
alone,transaction,10.5371
alone,transaction,16.2098
alone,transaction,10.6516
alone,transaction,10.4136
alone,transaction,10.4805
alone,transaction,29.5068
alone,transaction,29.9753
alone,transaction,9.5281
alone,transaction,21.9428
alone,transaction,31.2704
alone,transaction,35.0861
alone,transaction,29.3725
alone,transaction,38.0966
alone,transaction,18.1185
alone,transaction,20.6206
alone,transaction,17.9675
alone,transaction,30.7624
alone,transaction,24.3198
alone,transaction,27.0870
alone,transaction,32.6638
alone,transaction,58.4828
alone,transaction,35.9466
alone,transaction,34.1977
alone,transaction,34.8207
alone,transaction,19.5776
alone,transaction,28.3007
alone,transaction,36.2966
alone,transaction,39.0666
alone,transaction,30.4845
alone,transaction,30.5577
alone,transaction,42.6179
alone,transaction,38.4543
alone,transaction,26.5835
alone,transaction,19.8922
alone,transaction,29.2876
alone,transaction,21.5632
alone,transaction,24.1864
alone,transaction,24.3836
alone,transaction,12.4607
alone,transaction,21.6348
alone,transaction,22.2880
alone,transaction,31.1228
alone,transaction,36.5288
alone,transaction,23.7546
alone,transaction,29.1242
alone,transaction,35.3727
alone,transaction,20.9352
alone,transaction,28.7599
alone,transaction,22.3967
alone,transaction,27.5024
alone,transaction,23.8079
alone,transaction,72.5538
alone,transaction,29.8307
alone,transaction,19.5080
alone,transaction,36.7228
alone,transaction,28.3683
alone,transaction,19.4351
alone,transaction,24.7385
alone,transaction,30.5669
alone,transaction,33.5773
alone,transaction,33.0235
alone,transaction,28.9454
alone,transaction,27.4923
alone,transaction,22.4668
alone,transaction,30.7330
alone,transaction,22.1148
alone,transaction,20.4090
alone,transaction,18.0312
alone,transaction,17.3924
alone,transaction,16.8837
alone,transaction,19.3553
alone,transaction,34.8259
alone,transaction,42.8048
alone,transaction,21.7185
alone,transaction,22.2640
alone,transaction,33.4641
alone,transaction,21.2519
alone,transaction,28.5404
alone,transaction,32.9181
alone,transaction,23.1303
alone,transaction,25.0330
alone,transaction,24.6031
alone,transaction,27.4105
alone,transaction,19.9725
alone,transaction,32.1753
alone,transaction,15.9453
alone,transaction,16.1732
alone,transaction,17.1584
alone,transaction,15.3984
alone,transaction,16.5413
alone,transaction,20.4292
alone,transaction,18.1809
alone,transaction,28.8644
alone,transaction,13.9001
alone,transaction,17.0648
alone,transaction,38.7889
alone,transaction,17.8665
alone,transaction,28.4410
alone,transaction,18.2427
alone,transaction,38.7685
alone,transaction,21.2587
alone,transaction,15.4469
alone,transaction,11.9397
alone,transaction,14.7169
alone,transaction,10.7045
alone,transaction,23.9034
alone,transaction,25.1144
alone,transaction,9.9051
alone,transaction,14.3181
alone,transaction,45.5840
alone,transaction,31.9706
alone,transaction,24.3284
alone,transaction,27.5766
alone,transaction,29.5564
alone,transaction,15.6633
alone,transaction,17.5629
alone,transaction,20.6371
alone,transaction,27.6049
alone,transaction,23.6372
alone,transaction,23.7823
alone,transaction,34.8462
alone,transaction,54.6339
alone,transaction,10.1092
alone,transaction,40.4460
alone,transaction,34.4807
alone,transaction,31.7969
alone,transaction,39.1147
alone,transaction,31.4299
alone,transaction,31.7677
alone,transaction,41.0997
alone,transaction,21.2766
alone,transaction,35.0830
alone,transaction,40.4743
alone,transaction,27.2234
alone,transaction,19.2436
alone,transaction,22.9156
alone,transaction,26.0861
alone,transaction,25.8780
alone,transaction,22.2463
alone,transaction,24.6614
alone,transaction,34.0460
alone,transaction,25.7076
alone,transaction,26.1567
alone,transaction,29.9492
alone,transaction,31.1362
alone,transaction,29.7733
alone,transaction,17.8762
alone,transaction,28.3596
alone,transaction,20.4837
alone,transaction,26.1612
alone,transaction,20.1639
alone,transaction,39.4596
alone,transaction,17.7642
alone,transaction,19.6074
alone,transaction,26.8583
alone,transaction,29.5038
alone,transaction,17.2450
alone,transaction,18.9964
alone,transaction,29.8409
alone,transaction,23.4963
alone,transaction,23.0282
alone,transaction,22.7339
alone,transaction,23.8029
alone,transaction,16.5521
alone,transaction,31.6015
alone,transaction,29.3580
alone,transaction,29.8101
alone,transaction,26.0476
alone,transaction,27.0286
alone,transaction,27.1530
alone,transaction,21.7390
alone,transaction,17.8703
alone,transaction,17.6163
alone,transaction,17.0299
alone,transaction,13.0002
alone,transaction,14.8468
alone,transaction,11.9417
alone,transaction,18.5979
alone,transaction,43.8064
alone,transaction,33.1405
alone,transaction,26.3209
alone,transaction,21.9802
alone,transaction,29.8491
alone,transaction,32.5915
alone,transaction,28.9877
alone,transaction,24.4033
alone,transaction,22.8993
alone,transaction,28.1760
alone,transaction,16.8117
alone,transaction,16.4979
alone,transaction,33.8075
alone,transaction,20.3516
alone,transaction,16.0446
alone,transaction,15.2247
alone,transaction,12.4692
alone,transaction,17.1115
alone,transaction,18.4423
alone,transaction,78.6438
alone,transaction,15.6159
alone,transaction,31.6499
alone,transaction,27.0885
alone,transaction,16.8625
alone,transaction,24.4004
alone,transaction,40.7240
alone,transaction,16.8384
alone,transaction,37.0701
alone,transaction,21.5260
alone,transaction,12.3690
alone,transaction,10.0059
alone,transaction,33.3516
alone,transaction,40.0832
alone,transaction,30.5147
alone,transaction,41.3230
alone,transaction,20.4243
alone,transaction,31.9762
alone,transaction,26.4183
alone,transaction,34.6773
alone,transaction,43.7497
alone,transaction,40.6036
alone,transaction,27.7985
alone,transaction,30.7126
alone,transaction,27.6731
alone,transaction,31.5346
alone,transaction,27.0877
alone,transaction,33.4494
alone,transaction,38.8270
alone,transaction,30.8976
alone,transaction,35.4087
alone,transaction,27.1112
alone,transaction,39.0866
alone,transaction,46.2047
alone,transaction,26.2016
alone,transaction,25.7226
alone,transaction,27.2164
alone,transaction,26.3686
alone,transaction,24.6520
alone,transaction,27.8696
alone,transaction,33.1004
alone,transaction,24.7377
alone,transaction,18.9251
alone,transaction,36.1531
alone,transaction,21.0657
alone,transaction,25.8034
alone,transaction,20.0202
alone,transaction,30.8627
alone,transaction,27.1708
alone,transaction,24.8943
alone,transaction,31.1003
alone,transaction,28.2628
alone,transaction,15.6180
alone,transaction,16.2318
alone,transaction,22.1805
alone,transaction,24.6600
alone,transaction,23.7229
alone,transaction,24.2350
alone,transaction,28.1478
alone,transaction,36.6276
alone,transaction,25.3400
alone,transaction,25.7681
alone,transaction,32.0095
alone,transaction,34.3595
alone,transaction,30.1474
alone,transaction,24.8731
alone,transaction,25.8669
alone,transaction,22.9966
alone,transaction,28.2944
alone,transaction,22.3679
alone,transaction,22.8670
alone,transaction,13.4579
alone,transaction,15.3393
alone,transaction,13.6669
alone,transaction,12.0493
alone,transaction,18.8406
alone,transaction,17.8004
alone,transaction,42.2676
alone,transaction,25.0364
alone,transaction,26.7636
alone,transaction,27.6503
alone,transaction,22.8722
alone,transaction,37.7571
alone,transaction,29.7442
alone,transaction,23.1696
alone,transaction,24.7141
alone,transaction,28.1127
alone,transaction,28.3430
alone,transaction,22.8765
alone,transaction,32.7628
alone,transaction,15.3270
alone,transaction,15.6363
alone,transaction,16.1495
alone,transaction,14.1163
alone,transaction,19.2643
alone,transaction,26.9407
alone,transaction,18.8250
alone,transaction,26.3367
alone,transaction,14.6759
alone,transaction,32.7365
alone,transaction,24.4965
alone,transaction,24.6214
alone,transaction,24.0524
alone,transaction,36.6879
alone,transaction,9.6494
alone,transaction,17.7248
alone,transaction,22.7016
alone,transaction,14.7216
alone,transaction,21.7407
alone,transaction,36.2560
alone,transaction,23.2692
alone,transaction,19.9483
alone,transaction,20.4184
alone,transaction,33.7502
alone,transaction,30.7710
alone,transaction,29.1168
alone,transaction,20.4967
alone,transaction,28.5521
alone,transaction,19.0082
alone,transaction,38.9656
alone,transaction,30.1800
alone,transaction,28.9067
alone,transaction,54.7473
alone,transaction,40.2250
alone,transaction,27.1587
alone,transaction,23.4530
alone,transaction,28.9239
alone,transaction,39.9889
alone,transaction,31.6116
alone,transaction,48.1736
alone,transaction,52.9810
alone,transaction,44.1881
alone,transaction,38.0351
alone,transaction,21.5155
alone,transaction,21.5291
alone,transaction,35.3216
alone,transaction,26.2157
alone,transaction,23.7959
alone,transaction,24.7984
alone,transaction,33.9051
alone,transaction,19.8731
alone,transaction,14.7067
alone,transaction,28.4690
alone,transaction,36.6914
alone,transaction,29.5569
alone,transaction,27.7229
alone,transaction,31.1408
alone,transaction,18.7457
alone,transaction,23.0908
alone,transaction,15.8720
alone,transaction,20.6886
alone,transaction,23.1436
alone,transaction,20.4972
alone,transaction,23.1039
alone,transaction,34.7198
alone,transaction,22.8544
alone,transaction,29.1322
alone,transaction,26.2999
alone,transaction,32.4854
alone,transaction,18.5315
alone,transaction,21.1156
alone,transaction,26.3877
alone,transaction,34.1440
alone,transaction,38.7552
alone,transaction,32.7514
alone,transaction,26.1689
alone,transaction,22.2825
alone,transaction,27.1482
alone,transaction,29.3821
alone,transaction,23.0197
alone,transaction,18.5207
alone,transaction,17.1928
alone,transaction,20.6329
alone,transaction,11.1358
alone,transaction,14.2888
alone,transaction,13.4679
alone,transaction,42.7280
alone,transaction,28.8026
alone,transaction,17.7569
alone,transaction,18.6807
alone,transaction,25.5205
alone,transaction,18.7554
alone,transaction,30.4456
alone,transaction,41.2695
alone,transaction,23.5503
alone,transaction,22.2336
alone,transaction,24.2442
alone,transaction,24.7061
alone,transaction,18.6422
alone,transaction,37.2091
alone,transaction,16.3894
alone,transaction,12.9727
alone,transaction,17.9037
alone,transaction,15.8362
alone,transaction,19.9800
alone,transaction,22.3880
alone,transaction,13.9898
alone,transaction,13.4378
alone,transaction,20.0230
alone,transaction,22.7359
alone,transaction,21.3249
alone,transaction,20.2632
alone,transaction,19.5411
alone,transaction,18.0027
alone,transaction,16.9393
alone,transaction,47.0305
alone,transaction,20.8422
alone,transaction,19.5627
alone,transaction,33.6697
alone,transaction,23.2657
alone,transaction,31.4679
alone,transaction,28.6419
alone,transaction,45.9338
alone,transaction,32.4627
alone,transaction,30.9431
alone,transaction,16.0949
alone,transaction,21.2776
alone,transaction,21.6636
alone,transaction,22.2879
alone,transaction,19.4988
alone,transaction,22.5242
alone,transaction,37.2105
alone,transaction,59.8820
alone,transaction,36.3245
alone,transaction,19.5425
alone,transaction,25.7282
alone,transaction,34.6513
alone,transaction,28.0898
alone,transaction,37.9193
alone,transaction,26.5757
alone,transaction,13.7597
alone,transaction,22.6883
alone,transaction,41.1727
alone,transaction,31.4119
alone,transaction,45.6097
alone,transaction,22.5325
alone,transaction,20.8383
alone,transaction,31.5647
alone,transaction,25.5065
alone,transaction,20.6640
alone,transaction,20.0120
alone,transaction,30.4514
alone,transaction,25.6295
alone,transaction,30.3238
alone,transaction,32.4879
alone,transaction,31.6591
alone,transaction,35.5812
alone,transaction,31.1275
alone,transaction,26.3534
alone,transaction,35.1163
alone,transaction,30.5124
alone,transaction,27.1227
alone,transaction,21.9936
alone,transaction,16.9270
alone,transaction,23.2996
alone,transaction,22.8482
alone,transaction,31.2944
alone,transaction,20.9037
alone,transaction,27.5695
alone,transaction,21.4899
alone,transaction,19.9270
alone,transaction,21.2889
alone,transaction,18.3817
alone,transaction,18.5015
alone,transaction,16.5323
alone,transaction,24.3899
alone,transaction,26.9888
alone,transaction,22.7901
alone,transaction,22.8283
alone,transaction,22.8713
alone,transaction,26.9027
alone,transaction,28.9062
alone,transaction,17.2258
alone,transaction,22.2499
alone,transaction,19.9029
alone,transaction,17.7929
alone,transaction,16.0604
alone,transaction,15.6627
alone,transaction,36.0416
alone,transaction,31.4912
alone,transaction,26.0411
alone,transaction,28.6026
alone,transaction,21.9363
alone,transaction,18.9534
alone,transaction,20.4827
alone,transaction,26.4489
alone,transaction,21.9588
alone,transaction,25.8300
alone,transaction,27.5234
alone,transaction,29.1899
alone,transaction,26.6000
alone,transaction,52.2681
alone,transaction,22.7701
alone,transaction,20.0184
alone,transaction,16.8471
alone,transaction,15.7219
alone,transaction,21.5073
alone,transaction,76.0689
alone,transaction,15.6166
alone,transaction,30.1463
alone,transaction,21.4778
alone,transaction,24.7292
alone,transaction,21.7295
alone,transaction,33.2370
alone,transaction,19.2026
alone,transaction,12.2311
alone,transaction,16.9367
alone,transaction,12.5705
alone,transaction,32.7941
alone,transaction,29.4379
alone,transaction,14.1483
alone,transaction,13.7919
alone,transaction,40.4625
alone,transaction,24.1568
alone,transaction,35.8402
alone,transaction,36.1126
alone,transaction,30.5722
alone,transaction,24.8795
alone,transaction,25.2483
alone,transaction,31.9545
alone,transaction,27.5777
alone,transaction,37.4599
alone,transaction,53.2960
alone,transaction,32.2370
alone,transaction,28.6746
alone,transaction,30.4708
alone,transaction,32.1458
alone,transaction,39.0818
alone,transaction,34.1638
alone,transaction,40.6260
alone,transaction,35.4784
alone,transaction,36.7540
alone,transaction,32.7251
alone,transaction,25.2525
alone,transaction,20.9715
alone,transaction,20.9116
alone,transaction,33.5417
alone,transaction,22.9527
alone,transaction,21.9144
alone,transaction,28.8427
alone,transaction,34.0128
alone,transaction,30.0860
alone,transaction,31.0169
alone,transaction,37.1761
alone,transaction,30.3310
alone,transaction,20.7459
alone,transaction,25.8824
alone,transaction,35.4410
alone,transaction,21.0746
alone,transaction,19.8320
alone,transaction,40.3686
alone,transaction,60.8817
alone,transaction,32.1180
alone,transaction,25.4697
alone,transaction,12.4989
alone,transaction,30.6245
alone,transaction,27.5197
alone,transaction,23.3063
alone,transaction,25.4246
alone,transaction,26.6496
alone,transaction,32.1987
alone,transaction,36.3634
alone,transaction,29.2628
alone,transaction,33.1798
alone,transaction,26.9279
alone,transaction,31.7711
alone,transaction,25.3013
alone,transaction,22.1015
alone,transaction,20.2848
alone,transaction,14.4411
alone,transaction,15.1210
alone,transaction,19.1606
alone,transaction,35.5134
alone,transaction,31.2116
alone,transaction,18.4667
alone,transaction,22.9683
alone,transaction,33.5992
alone,transaction,23.5876
alone,transaction,35.8921
alone,transaction,28.8287
alone,transaction,22.7700
alone,transaction,26.1633
alone,transaction,26.4193
alone,transaction,27.5355
alone,transaction,27.5587
alone,transaction,23.9995
alone,transaction,15.2157
alone,transaction,13.8923
alone,transaction,17.2301
alone,transaction,16.0470
alone,transaction,14.4086
alone,transaction,23.1549
alone,transaction,15.6500
alone,transaction,15.1572
alone,transaction,18.5073
alone,transaction,17.3364
alone,transaction,22.5499
alone,transaction,24.9223
alone,transaction,30.1456
alone,transaction,19.1446
alone,transaction,21.9574
alone,transaction,37.7075
alone,transaction,19.6740
alone,transaction,21.6405
alone,transaction,12.9424
alone,transaction,12.2135
alone,transaction,14.7876
alone,transaction,12.5832
alone,transaction,33.0037
alone,transaction,21.6337
alone,transaction,23.3829
alone,transaction,23.6405
alone,transaction,32.0281
alone,transaction,25.2301
alone,transaction,29.8015
alone,transaction,34.1077
alone,transaction,21.2136
alone,transaction,19.0611
alone,transaction,16.7890
alone,transaction,47.0855
alone,transaction,28.2182
alone,transaction,28.9851
alone,transaction,19.0527
alone,transaction,27.8139
alone,transaction,25.8022
alone,transaction,29.2628
alone,transaction,25.4246
alone,transaction,34.0802
alone,transaction,27.3248
alone,transaction,33.4330
alone,transaction,30.7234
alone,transaction,40.0414
alone,transaction,47.3806
alone,transaction,36.5517
alone,transaction,32.8960
alone,transaction,22.5369
alone,transaction,19.4407
alone,transaction,19.9033
alone,transaction,31.1490
alone,transaction,26.6041
alone,transaction,19.7938
alone,transaction,25.7973
alone,transaction,24.1285
alone,transaction,22.9056
alone,transaction,28.6562
alone,transaction,25.6998
alone,transaction,31.8929
alone,transaction,21.9069
alone,transaction,26.3066
alone,transaction,30.6251
alone,transaction,29.7574
alone,transaction,22.6467
alone,transaction,21.2329
alone,transaction,25.6173
alone,transaction,26.6824
alone,transaction,28.8130
alone,transaction,13.1863
alone,transaction,11.7655
alone,transaction,26.7588
alone,transaction,27.5711
alone,transaction,36.4360
alone,transaction,17.2206
alone,transaction,27.9032
alone,transaction,24.9528
alone,transaction,23.3412
alone,transaction,32.7875
alone,transaction,10.2305
alone,transaction,30.8904
alone,transaction,22.0834
alone,transaction,17.1447
alone,transaction,22.6518
alone,transaction,23.6870
alone,transaction,23.1977
alone,transaction,26.1598
alone,transaction,17.3159
alone,transaction,22.4323
alone,transaction,19.6195
alone,transaction,19.6332
alone,transaction,14.9735
alone,transaction,24.0279
alone,transaction,29.7179
alone,transaction,27.3320
alone,transaction,27.7764
alone,transaction,34.3907
alone,transaction,17.2046
alone,transaction,29.2943
alone,transaction,33.9332
alone,transaction,34.5535
alone,transaction,22.4437
alone,transaction,21.6020
alone,transaction,26.8896
alone,transaction,32.1152
alone,transaction,26.8105
alone,transaction,119.0469
alone,transaction,170.6889
alone,transaction,42.8705
alone,transaction,24.0971
alone,transaction,14.0506
alone,transaction,11.8667
alone,transaction,22.6274
alone,transaction,11.3394
alone,transaction,16.8495
alone,transaction,11.5943
alone,transaction,9.0004
alone,transaction,12.0752
alone,transaction,6.5095
alone,transaction,5.8224
alone,transaction,8.2663
alone,transaction,28.7970
alone,transaction,28.5701
alone,transaction,115.5194
alone,transaction,44.1892
alone,transaction,21.7002
alone,transaction,22.0882
alone,transaction,19.7923
alone,transaction,25.4390
alone,transaction,23.5073
alone,transaction,28.9556
alone,transaction,43.0474
alone,transaction,57.1324
alone,transaction,39.2908
alone,transaction,38.4317
alone,transaction,36.9926
alone,transaction,42.0453
alone,transaction,42.9163
alone,transaction,47.9549
alone,transaction,36.5875
alone,transaction,33.9873
alone,transaction,37.9835
alone,transaction,24.1406
alone,transaction,24.5155
alone,transaction,26.1376
alone,transaction,24.8125
alone,transaction,17.8106
alone,transaction,26.9424
alone,transaction,20.2879
alone,transaction,26.4119
alone,transaction,26.3287
alone,transaction,23.2008
alone,transaction,33.6245
alone,transaction,25.9329
alone,transaction,29.3837
alone,transaction,28.1589
alone,transaction,27.1929
alone,transaction,27.4861
alone,transaction,15.7823
alone,transaction,19.8429
alone,transaction,32.9063
alone,transaction,19.2514
alone,transaction,23.0075
alone,transaction,9.1429
alone,transaction,11.3267
alone,transaction,25.3499
alone,transaction,25.8612
alone,transaction,31.6776
alone,transaction,21.4371
alone,transaction,28.7780
alone,transaction,21.5261
alone,transaction,19.2991
alone,transaction,27.3725
alone,transaction,27.1107
alone,transaction,35.3369
alone,transaction,19.2671
alone,transaction,24.2069
alone,transaction,24.1585
alone,transaction,27.8934
alone,transaction,34.1991
alone,transaction,23.6711
alone,transaction,16.4514
alone,transaction,16.7517
alone,transaction,16.4484
alone,transaction,22.8193
alone,transaction,28.1943
alone,transaction,42.6982
alone,transaction,21.5334
alone,transaction,29.5312
alone,transaction,28.3308
alone,transaction,21.3313
alone,transaction,29.4091
alone,transaction,34.4193
alone,transaction,25.9335
alone,transaction,21.5709
alone,transaction,22.2988
alone,transaction,17.7971
alone,transaction,28.4430
alone,transaction,25.5069
alone,transaction,31.2476
alone,transaction,18.6773
alone,transaction,21.6574
alone,transaction,22.0058
alone,transaction,32.1269
alone,transaction,17.8504
alone,transaction,17.5441
alone,transaction,17.2820
alone,transaction,22.3352
alone,transaction,29.6838
alone,transaction,13.8424
alone,transaction,16.3449
alone,transaction,20.5508
alone,transaction,18.8250
alone,transaction,46.5732
alone,transaction,40.7166
alone,transaction,13.1492
alone,transaction,16.6252
alone,transaction,13.9929
alone,transaction,14.6843
alone,transaction,11.0405
alone,transaction,8.9314
alone,transaction,42.6826
alone,transaction,45.0917
alone,transaction,22.2190
alone,transaction,20.3954
alone,transaction,32.8830
alone,transaction,31.4143
alone,transaction,31.1430
alone,transaction,21.9756
alone,transaction,13.6776
alone,transaction,14.3435
alone,transaction,23.0975
alone,transaction,31.2466
alone,transaction,20.8023
alone,transaction,31.5067
alone,transaction,64.0876
alone,transaction,40.1494
alone,transaction,32.6058
alone,transaction,33.2196
alone,transaction,29.0325
alone,transaction,31.2411
alone,transaction,37.6104
alone,transaction,50.9454
alone,transaction,55.3002
alone,transaction,26.5769
alone,transaction,31.0211
alone,transaction,15.4154
alone,transaction,18.7020
alone,transaction,26.4267
alone,transaction,26.6385
alone,transaction,20.8962
alone,transaction,21.7805
alone,transaction,33.0383
alone,transaction,32.2561
alone,transaction,19.3695
alone,transaction,27.6360
alone,transaction,35.0912
alone,transaction,25.6403
alone,transaction,30.4987
alone,transaction,32.0077
alone,transaction,22.2261
alone,transaction,22.8274
alone,transaction,23.5288
alone,transaction,20.6635
alone,transaction,32.7190
alone,transaction,26.8751
alone,transaction,16.5864
alone,transaction,17.9724
alone,transaction,23.9271
alone,transaction,27.2007
alone,transaction,38.5314
alone,transaction,27.0622
alone,transaction,20.9458
alone,transaction,23.7437
alone,transaction,19.5833
alone,transaction,40.2381
alone,transaction,30.0443
alone,transaction,20.4218
alone,transaction,26.5430
alone,transaction,28.0557
alone,transaction,27.9127
alone,transaction,28.9323
alone,transaction,14.2444
alone,transaction,21.6560
alone,transaction,16.0671
alone,transaction,14.7689
alone,transaction,19.5477
alone,transaction,14.8826
alone,transaction,17.9918
alone,transaction,35.4312
alone,transaction,32.7397
alone,transaction,24.9548
alone,transaction,28.3519
alone,transaction,28.1183
alone,transaction,21.0015
alone,transaction,20.4996
alone,transaction,20.7964
alone,transaction,27.6236
alone,transaction,24.9700
alone,transaction,26.3135
alone,transaction,28.2987
alone,transaction,25.0896
alone,transaction,32.0528
alone,transaction,16.7661
alone,transaction,20.2544
alone,transaction,15.3521
alone,transaction,16.1787
alone,transaction,21.7890
alone,transaction,15.4263
alone,transaction,12.1251
alone,transaction,15.1288
alone,transaction,33.4158
alone,transaction,31.2671
alone,transaction,20.9395
alone,transaction,18.0364
alone,transaction,16.3912
alone,transaction,19.4630
alone,transaction,45.1915
alone,transaction,20.0114
alone,transaction,18.8282
alone,transaction,14.7798
alone,transaction,34.8354
alone,transaction,26.1206
alone,transaction,26.5179
alone,transaction,31.8161
alone,transaction,30.7914
alone,transaction,31.2735
alone,transaction,37.0859
alone,transaction,22.2377
alone,transaction,28.6004
alone,transaction,32.0195
alone,transaction,29.6671
alone,transaction,25.7259
alone,transaction,38.8569
alone,transaction,57.4650
alone,transaction,33.5148
alone,transaction,24.7344
alone,transaction,27.7256
alone,transaction,32.2881
alone,transaction,31.4256
alone,transaction,32.9296
alone,transaction,31.3852
alone,transaction,41.4676
alone,transaction,28.0155
alone,transaction,26.5006
alone,transaction,35.9522
alone,transaction,33.4243
alone,transaction,27.4018
alone,transaction,18.3513
alone,transaction,30.1588
alone,transaction,25.8588
alone,transaction,26.1061
alone,transaction,26.3865
alone,transaction,25.4166
alone,transaction,27.2503
alone,transaction,30.2554
alone,transaction,31.5260
alone,transaction,37.5016
alone,transaction,28.8889
alone,transaction,11.8970
alone,transaction,9.8949
alone,transaction,11.7344
alone,transaction,18.9761
alone,transaction,29.1661
alone,transaction,20.0164
alone,transaction,19.5900
alone,transaction,34.3505
alone,transaction,56.1669
alone,transaction,20.3189
alone,transaction,23.5591
alone,transaction,24.0519
alone,transaction,26.0921
alone,transaction,23.9002
alone,transaction,22.4122
alone,transaction,26.2354
alone,transaction,27.5684
alone,transaction,33.8491
alone,transaction,32.0930
alone,transaction,31.7323
alone,transaction,24.9486
alone,transaction,29.3826
alone,transaction,28.6557
alone,transaction,26.9997
alone,transaction,20.6428
alone,transaction,24.1193
alone,transaction,47.7874
alone,transaction,13.6432
alone,transaction,25.9246
alone,transaction,22.0578
alone,transaction,23.1356
alone,transaction,30.7906
alone,transaction,29.9274
alone,transaction,24.3762
alone,transaction,25.9463
alone,transaction,32.5615
alone,transaction,24.4664
alone,transaction,35.0859
alone,transaction,21.4807
alone,transaction,21.3953
alone,transaction,38.8126
alone,transaction,13.6312
alone,transaction,16.0214
alone,transaction,17.0607
alone,transaction,22.1710
alone,transaction,30.4218
alone,transaction,14.1806
alone,transaction,19.7579
alone,transaction,18.3476
alone,transaction,11.7675
alone,transaction,20.8166
alone,transaction,27.8414
alone,transaction,17.9520
alone,transaction,23.8379
alone,transaction,12.6924
alone,transaction,17.7416
alone,transaction,35.6933
alone,transaction,15.7980
alone,transaction,18.5784
alone,transaction,18.9494
alone,transaction,17.4712
alone,transaction,8.6503
alone,transaction,37.3657
alone,transaction,23.9569
alone,transaction,24.6359
alone,transaction,33.9528
alone,transaction,34.4580
alone,transaction,33.4892
alone,transaction,36.5769
alone,transaction,21.7632
alone,transaction,20.4605
alone,transaction,23.6153
alone,transaction,54.3983
alone,transaction,27.9071
alone,transaction,43.2310
alone,transaction,39.9887
alone,transaction,41.1632
alone,transaction,38.3850
alone,transaction,31.3319
alone,transaction,30.4658
alone,transaction,30.3427
alone,transaction,34.3977
alone,transaction,32.7372
alone,transaction,22.2635
alone,transaction,41.1782
alone,transaction,41.0369
alone,transaction,24.3439
alone,transaction,16.8254
alone,transaction,23.9326
alone,transaction,26.4735
alone,transaction,25.8232
alone,transaction,20.1362
alone,transaction,24.3415
alone,transaction,29.7596
alone,transaction,28.0335
alone,transaction,21.4193
alone,transaction,15.7846
alone,transaction,37.8911
alone,transaction,36.0408
alone,transaction,26.2446
alone,transaction,33.8575
alone,transaction,22.6007
alone,transaction,27.6565
alone,transaction,19.7293
alone,transaction,28.4972
alone,transaction,20.8387
alone,transaction,26.3113
alone,transaction,16.0249
alone,transaction,29.7847
alone,transaction,19.5308
alone,transaction,34.0829
alone,transaction,26.2213
alone,transaction,26.4639
alone,transaction,28.5428
alone,transaction,24.4683
alone,transaction,31.5753
alone,transaction,36.7370
alone,transaction,26.8966
alone,transaction,26.2975
alone,transaction,27.4697
alone,transaction,23.7228
alone,transaction,28.9709
alone,transaction,27.4127
alone,transaction,20.1189
alone,transaction,21.8531
alone,transaction,22.8185
alone,transaction,16.1502
alone,transaction,20.4200
alone,transaction,43.1610
alone,transaction,22.5975
alone,transaction,23.9096
alone,transaction,34.4189
alone,transaction,25.9915
alone,transaction,28.8343
alone,transaction,26.5013
alone,transaction,25.3778
alone,transaction,19.5697
alone,transaction,25.1430
alone,transaction,17.3444
alone,transaction,27.4470
alone,transaction,27.0119
alone,transaction,139.8027
alone,transaction,12.2648
alone,transaction,23.4190
alone,transaction,14.6179
alone,transaction,29.2780
alone,transaction,27.5322
alone,transaction,16.1200
alone,transaction,15.1780
alone,transaction,19.3023
alone,transaction,41.5400
alone,transaction,22.6836
alone,transaction,21.6106
alone,transaction,15.0244
alone,transaction,8.9991
alone,transaction,11.4721
alone,transaction,15.8593
alone,transaction,10.3006
alone,transaction,7.6948
alone,transaction,8.6744
alone,transaction,5.4557
alone,transaction,6.3112
alone,transaction,26.8549
alone,transaction,25.7803
alone,transaction,14.3332
alone,transaction,17.3309
alone,transaction,14.1875
alone,transaction,5.5022
alone,transaction,13.7050
alone,transaction,22.9399
alone,transaction,22.8087
alone,transaction,30.7577
alone,transaction,31.3066
alone,transaction,20.4902
alone,transaction,15.9554
alone,transaction,26.6711
alone,transaction,34.2630
alone,transaction,23.4071
alone,transaction,28.2038
alone,transaction,72.0315
alone,transaction,41.9439
alone,transaction,21.9888
alone,transaction,20.1603
alone,transaction,29.1009
alone,transaction,42.0395
alone,transaction,30.7825
alone,transaction,24.2343
alone,transaction,26.5958
alone,transaction,30.6092
alone,transaction,43.7609
alone,transaction,25.3681
alone,transaction,35.2414
alone,transaction,26.1601
alone,transaction,22.8670
alone,transaction,25.7355
alone,transaction,28.5435
alone,transaction,26.4370
alone,transaction,21.2397
alone,transaction,13.2187
alone,transaction,24.6433
alone,transaction,27.0419
alone,transaction,23.3171
alone,transaction,31.8856
alone,transaction,34.5128
alone,transaction,27.0331
alone,transaction,32.0327
alone,transaction,23.8056
alone,transaction,32.3260
alone,transaction,28.1817
alone,transaction,22.7185
alone,transaction,21.8179
alone,transaction,20.4347
alone,transaction,12.0005
alone,transaction,20.9945
alone,transaction,24.0553
alone,transaction,30.8407
alone,transaction,29.2805
alone,transaction,32.1864
alone,transaction,23.8010
alone,transaction,28.1834
alone,transaction,31.5407
alone,transaction,32.1361
alone,transaction,34.4511
alone,transaction,26.9172
alone,transaction,25.2875
alone,transaction,27.2566
alone,transaction,27.2569
alone,transaction,23.9545
alone,transaction,21.8698
alone,transaction,19.9962
alone,transaction,16.0047
alone,transaction,36.5282
alone,transaction,15.9926
alone,transaction,26.1344
alone,transaction,27.6605
alone,transaction,33.4706
alone,transaction,26.0812
alone,transaction,20.4277
alone,transaction,28.8274
alone,transaction,29.9848
alone,transaction,29.8757
alone,transaction,33.4107
alone,transaction,26.6303
alone,transaction,18.5854
alone,transaction,31.2860
alone,transaction,27.6581
alone,transaction,24.6466
alone,transaction,14.5669
alone,transaction,14.0950
alone,transaction,18.8017
alone,transaction,16.4807
alone,transaction,19.3692
alone,transaction,22.8789
alone,transaction,13.0045
alone,transaction,21.8815
alone,transaction,27.1453
alone,transaction,24.1812
alone,transaction,22.7947
alone,transaction,20.4398
alone,transaction,12.4811
alone,transaction,16.7933
alone,transaction,39.3533
alone,transaction,32.8684
alone,transaction,31.1461
alone,transaction,14.9747
alone,transaction,15.2859
alone,transaction,38.7152
alone,transaction,30.5697
alone,transaction,31.6007
alone,transaction,36.3316
alone,transaction,16.6360
alone,transaction,25.1410
alone,transaction,29.7177
alone,transaction,37.9540
alone,transaction,30.5747
alone,transaction,51.2913
alone,transaction,44.2322
alone,transaction,37.7839
alone,transaction,29.7187
alone,transaction,27.2292
alone,transaction,43.4196
alone,transaction,33.7929
alone,transaction,38.3310
alone,transaction,39.7497
alone,transaction,18.2909
alone,transaction,39.5358
alone,transaction,43.6179
alone,transaction,19.8876
alone,transaction,18.1727
alone,transaction,29.1684
alone,transaction,19.8689
alone,transaction,17.4941
alone,transaction,16.2499
alone,transaction,16.8618
alone,transaction,24.9880
alone,transaction,27.0390
alone,transaction,16.9826
alone,transaction,14.6439
alone,transaction,16.1708
alone,transaction,19.7800
alone,transaction,4.0960
alone,transaction,9.4403
alone,transaction,14.4390
alone,transaction,28.2014
alone,transaction,23.0737
alone,transaction,21.8511
alone,transaction,21.9074
alone,transaction,18.1381
alone,transaction,23.0677
alone,transaction,19.0779
alone,transaction,34.0206
alone,transaction,15.9870
alone,transaction,22.8714
alone,transaction,19.9453
alone,transaction,29.0240
alone,transaction,25.2958
alone,transaction,25.1530
alone,transaction,40.3623
alone,transaction,25.8578
alone,transaction,25.7713
alone,transaction,24.1039
alone,transaction,33.3805
alone,transaction,11.7767
alone,transaction,16.7121
alone,transaction,23.6264
alone,transaction,27.8798
alone,transaction,23.3441
alone,transaction,25.5340
alone,transaction,33.2362
alone,transaction,19.7783
alone,transaction,20.4698
alone,transaction,15.1446
alone,transaction,17.6189
alone,transaction,14.3255
alone,transaction,14.2123
alone,transaction,17.9999
alone,transaction,26.0309
alone,transaction,24.9685
alone,transaction,48.6294
alone,transaction,24.3860
alone,transaction,21.4578
alone,transaction,26.8928
alone,transaction,20.0886
alone,transaction,22.3495
alone,transaction,28.9224
alone,transaction,28.1362
alone,transaction,28.7147
alone,transaction,27.3431
alone,transaction,27.9279
alone,transaction,32.4054
alone,transaction,17.6605
alone,transaction,15.9777
alone,transaction,18.7809
alone,transaction,18.8685
alone,transaction,26.4447
alone,transaction,21.9429
alone,transaction,15.8813
alone,transaction,26.5039
alone,transaction,18.4015
alone,transaction,29.8245
alone,transaction,18.9588
alone,transaction,18.3634
alone,transaction,33.8333
alone,transaction,24.0884
alone,transaction,11.6619
alone,transaction,19.6052
alone,transaction,28.6815
alone,transaction,32.4502
alone,transaction,33.2393
alone,transaction,39.5976
alone,transaction,20.7880
alone,transaction,21.1258
alone,transaction,20.1478
alone,transaction,26.2946
alone,transaction,31.0531
alone,transaction,29.5656
alone,transaction,28.1068
alone,transaction,29.4107
alone,transaction,44.2952
alone,transaction,33.7392
alone,transaction,42.3968
alone,transaction,41.0967
alone,transaction,28.3079
alone,transaction,43.6954
alone,transaction,39.7138
alone,transaction,36.2606
alone,transaction,26.3323
alone,transaction,41.7507
alone,transaction,26.5255
alone,transaction,25.4372
alone,transaction,17.0516
alone,transaction,23.1602
alone,transaction,18.6186
alone,transaction,21.7503
alone,transaction,26.9697
alone,transaction,24.2996
alone,transaction,27.6739
alone,transaction,22.8045
alone,transaction,21.2931
alone,transaction,31.2723
alone,transaction,24.7587
alone,transaction,29.8503
alone,transaction,16.5550
alone,transaction,28.5982
alone,transaction,28.9457
alone,transaction,23.6547
alone,transaction,19.6685
alone,transaction,29.4872
alone,transaction,35.4616
alone,transaction,9.5167
alone,transaction,14.0830
alone,transaction,27.8988
alone,transaction,17.6741
alone,transaction,22.6482
alone,transaction,41.1407
alone,transaction,45.1726
alone,transaction,21.2466
alone,transaction,23.1301
alone,transaction,30.0592
alone,transaction,32.9604
alone,transaction,32.8512
alone,transaction,25.9063
alone,transaction,31.5823
alone,transaction,26.8267
alone,transaction,38.9395
alone,transaction,17.2442
alone,transaction,19.0117
alone,transaction,21.8183
alone,transaction,13.2826
alone,transaction,14.7613
alone,transaction,16.1104
alone,transaction,33.2686
alone,transaction,26.6633
alone,transaction,23.4430
alone,transaction,33.0064
alone,transaction,21.2053
alone,transaction,37.0380
alone,transaction,34.3953
alone,transaction,24.0833
alone,transaction,29.6831
alone,transaction,27.5711
alone,transaction,28.3871
alone,transaction,25.3987
alone,transaction,112.4951
alone,transaction,17.3265
alone,transaction,17.2916
alone,transaction,16.3153
alone,transaction,33.5910
alone,transaction,24.4147
alone,transaction,21.0224
alone,transaction,15.9528
alone,transaction,21.9226
alone,transaction,24.3589
alone,transaction,50.1683
alone,transaction,16.6372
alone,transaction,13.6592
alone,transaction,17.4062
alone,transaction,10.9105
alone,transaction,12.6688
alone,transaction,15.2176
alone,transaction,12.2116
alone,transaction,8.5419
alone,transaction,37.1672
alone,transaction,43.2165
alone,transaction,31.2461
alone,transaction,34.2621
alone,transaction,33.0628
alone,transaction,37.6762
alone,transaction,22.8936
alone,transaction,20.2295
alone,transaction,32.8065
alone,transaction,34.8287
alone,transaction,24.0803
alone,transaction,24.8007
alone,transaction,29.4295
alone,transaction,63.5122
alone,transaction,27.6263
alone,transaction,27.1780
alone,transaction,33.5844
alone,transaction,33.5147
alone,transaction,38.4709
alone,transaction,53.6779
alone,transaction,34.4573
alone,transaction,31.9214
alone,transaction,38.4172
alone,transaction,38.6926
alone,transaction,26.5084
alone,transaction,32.4230
alone,transaction,30.9892
alone,transaction,21.9532
alone,transaction,26.7138
alone,transaction,24.2218
alone,transaction,27.8961
alone,transaction,28.9598
alone,transaction,25.2923
alone,transaction,37.7683
alone,transaction,31.0619
alone,transaction,23.9713
alone,transaction,23.9854
alone,transaction,22.1739
alone,transaction,29.0014
alone,transaction,18.7446
alone,transaction,18.5047
alone,transaction,26.4201
alone,transaction,23.7205
alone,transaction,12.7142
alone,transaction,15.3715
alone,transaction,25.7642
alone,transaction,15.1436
alone,transaction,19.7903
alone,transaction,30.3125
alone,transaction,30.6593
alone,transaction,21.9230
alone,transaction,24.5574
alone,transaction,23.6365
alone,transaction,13.3652
alone,transaction,14.3602
alone,transaction,33.2998
alone,transaction,26.6121
alone,transaction,24.7253
alone,transaction,24.4238
alone,transaction,21.8481
alone,transaction,22.9849
alone,transaction,26.0091
alone,transaction,19.5332
alone,transaction,16.9497
alone,transaction,18.1363
alone,transaction,23.8565
alone,transaction,15.6599
alone,transaction,18.1146
alone,transaction,28.3987
alone,transaction,27.1634
alone,transaction,38.4757
alone,transaction,27.5011
alone,transaction,21.0699
alone,transaction,35.6845
alone,transaction,33.1594
alone,transaction,20.1662
alone,transaction,25.6556
alone,transaction,25.6602
alone,transaction,21.4789
alone,transaction,25.8172
alone,transaction,22.2302
alone,transaction,11.4319
alone,transaction,158.2649
alone,transaction,16.8916
alone,transaction,15.7188
alone,transaction,28.6211
alone,transaction,16.4725
alone,transaction,21.3076
alone,transaction,22.7127
alone,transaction,31.6721
alone,transaction,31.5403
alone,transaction,15.7862
alone,transaction,23.6893
alone,transaction,13.5294
alone,transaction,12.5396
alone,transaction,8.6128
alone,transaction,16.1639
alone,transaction,15.0761
alone,transaction,6.8519
alone,transaction,9.0318
alone,transaction,38.4168
alone,transaction,76.3392
alone,transaction,18.7562
alone,transaction,31.5838
alone,transaction,19.2842
alone,transaction,38.9989
alone,transaction,20.6335
alone,transaction,18.9908
alone,transaction,36.5315
alone,transaction,32.1518
alone,transaction,31.5448
alone,transaction,54.4528
alone,transaction,40.3722
alone,transaction,35.1649
alone,transaction,29.7419
alone,transaction,37.4009
alone,transaction,43.2753
alone,transaction,34.4880
alone,transaction,41.0493
alone,transaction,30.7139
alone,transaction,23.0950
alone,transaction,35.5164
alone,transaction,26.9268
alone,transaction,34.5059
alone,transaction,24.8508
alone,transaction,32.5955
alone,transaction,22.7717
alone,transaction,21.2415
alone,transaction,25.9144
alone,transaction,23.3229
alone,transaction,25.9633
alone,transaction,24.3629
alone,transaction,27.8109
alone,transaction,34.3164
alone,transaction,31.3479
alone,transaction,33.8814
alone,transaction,25.2737
alone,transaction,19.8012
alone,transaction,33.9324
alone,transaction,30.8896
alone,transaction,25.4940
alone,transaction,18.4543
alone,transaction,17.3337
alone,transaction,17.1603
alone,transaction,13.6654
alone,transaction,27.8982
alone,transaction,26.2711
alone,transaction,47.4532
alone,transaction,29.0499
alone,transaction,21.6085
alone,transaction,23.5003
alone,transaction,18.9486
alone,transaction,30.8931
alone,transaction,29.6285
alone,transaction,27.6785
alone,transaction,21.6318
alone,transaction,27.2122
alone,transaction,26.3930
alone,transaction,26.0123
alone,transaction,20.7189
alone,transaction,21.4772
alone,transaction,19.3469
alone,transaction,21.5127
alone,transaction,14.5037
alone,transaction,28.9592
alone,transaction,33.0005
alone,transaction,35.4098
alone,transaction,20.6635
alone,transaction,31.8906
alone,transaction,26.4779
alone,transaction,24.2368
alone,transaction,30.0452
alone,transaction,26.5610
alone,transaction,27.7345
alone,transaction,25.6130
alone,transaction,12.9520
alone,transaction,23.7733
alone,transaction,27.7563
alone,transaction,32.8690
alone,transaction,15.0483
alone,transaction,15.5711
alone,transaction,17.0798
alone,transaction,16.1530
alone,transaction,17.3909
alone,transaction,43.2300
alone,transaction,17.7022
alone,transaction,14.8615
alone,transaction,17.8092
alone,transaction,25.6865
alone,transaction,17.2036
alone,transaction,18.8324
alone,transaction,30.9496
alone,transaction,22.0588
alone,transaction,43.7592
alone,transaction,17.8808
alone,transaction,20.6510
alone,transaction,13.6066
alone,transaction,13.3196
alone,transaction,13.5523
alone,transaction,10.8367
alone,transaction,25.7350
alone,transaction,29.8156
alone,transaction,13.3228
alone,transaction,15.2514
alone,transaction,22.8631
alone,transaction,24.4598
alone,transaction,30.0969
alone,transaction,31.4578
alone,transaction,33.8908
alone,transaction,18.1021
alone,transaction,14.9755
alone,transaction,17.4227
alone,transaction,23.7089
alone,transaction,24.8080
alone,transaction,22.4454
alone,transaction,37.4233
alone,transaction,54.3345
alone,transaction,28.2104
alone,transaction,18.2297
alone,transaction,23.4414
alone,transaction,27.5737
alone,transaction,25.9454
alone,transaction,36.3756
alone,transaction,26.9540
alone,transaction,29.5842
alone,transaction,38.0428
alone,transaction,35.2778
alone,transaction,37.9563
alone,transaction,48.0262
alone,transaction,24.2687
alone,transaction,22.6213
alone,transaction,30.0888
alone,transaction,25.2856
alone,transaction,24.8433
alone,transaction,24.7459
alone,transaction,26.8764
alone,transaction,27.5477
alone,transaction,25.6353
alone,transaction,25.2715
alone,transaction,27.0712
alone,transaction,27.5654
alone,transaction,27.1798
alone,transaction,18.7913
alone,transaction,24.9237
alone,transaction,25.2692
alone,transaction,48.2887
alone,transaction,21.4535
alone,transaction,18.1110
alone,transaction,24.7088
alone,transaction,17.4747
alone,transaction,28.9322
alone,transaction,22.8125
alone,transaction,18.3848
alone,transaction,36.8149
alone,transaction,13.3368
alone,transaction,21.9595
alone,transaction,23.7821
alone,transaction,28.1901
alone,transaction,23.9116
alone,transaction,22.4839
alone,transaction,29.5537
alone,transaction,28.9182
alone,transaction,27.4562
alone,transaction,29.1769
alone,transaction,28.3849
alone,transaction,35.4624
alone,transaction,21.0714
alone,transaction,20.6289
alone,transaction,15.6672
alone,transaction,20.2087
alone,transaction,22.2796
alone,transaction,46.2377
alone,transaction,32.6159
alone,transaction,26.1075
alone,transaction,28.5865
alone,transaction,21.4538
alone,transaction,11.8610
alone,transaction,38.5335
alone,transaction,25.8601
alone,transaction,25.5568
alone,transaction,24.1547
alone,transaction,20.7659
alone,transaction,26.5491
alone,transaction,28.4385
alone,transaction,91.3601
alone,transaction,24.1225
alone,transaction,17.5133
alone,transaction,15.1133
alone,transaction,25.8720
alone,transaction,15.4925
alone,transaction,31.4881
alone,transaction,16.8158
alone,transaction,23.4446
alone,transaction,15.4218
alone,transaction,31.5940
alone,transaction,14.6120
alone,transaction,30.6082
alone,transaction,22.6352
alone,transaction,18.5296
alone,transaction,14.2374
alone,transaction,30.1405
alone,transaction,82.1392
alone,transaction,24.7460
alone,transaction,18.2774
alone,transaction,28.2204
alone,transaction,27.1342
alone,transaction,22.9905
alone,transaction,18.7239
alone,transaction,20.4123
alone,transaction,27.4336
alone,transaction,38.9953
alone,transaction,35.2767
alone,transaction,54.6283
alone,transaction,45.0752
alone,transaction,17.5319
alone,transaction,37.7894
alone,transaction,29.4899
alone,transaction,40.5411
alone,transaction,37.8229
alone,transaction,39.6022
alone,transaction,38.8409
alone,transaction,37.0672
alone,transaction,33.4387
alone,transaction,30.8045
alone,transaction,22.2103
alone,transaction,28.7959
alone,transaction,25.9528
alone,transaction,20.8791
alone,transaction,23.2428
alone,transaction,26.1881
alone,transaction,30.6928
alone,transaction,28.3787
alone,transaction,27.8480
alone,transaction,29.4368
alone,transaction,33.7712
alone,transaction,26.2859
alone,transaction,30.7205
alone,transaction,17.9298
alone,transaction,18.2408
alone,transaction,22.4892
alone,transaction,28.3079
alone,transaction,29.8741
alone,transaction,20.8518
alone,transaction,18.1729
alone,transaction,60.2730
alone,transaction,20.9940
alone,transaction,24.5060
alone,transaction,37.0296
alone,transaction,20.5926
alone,transaction,24.2741
alone,transaction,19.8663
alone,transaction,16.0903
alone,transaction,19.4350
alone,transaction,21.9863
alone,transaction,25.7283
alone,transaction,23.6658
alone,transaction,25.8911
alone,transaction,17.6585
alone,transaction,17.6105
alone,transaction,29.5371
alone,transaction,24.3460
alone,transaction,22.1685
alone,transaction,18.2126
alone,transaction,21.8015
alone,transaction,22.5825
alone,transaction,17.3966
alone,transaction,28.8982
alone,transaction,30.6247
alone,transaction,29.3019
alone,transaction,24.5185
alone,transaction,29.1922
alone,transaction,26.2768
alone,transaction,29.3724
alone,transaction,28.0584
alone,transaction,23.8111
alone,transaction,27.9837
alone,transaction,25.3964
alone,transaction,25.7740
alone,transaction,23.8483
alone,transaction,34.4332
alone,transaction,14.0288
alone,transaction,15.8117
alone,transaction,15.9148
alone,transaction,15.9233
alone,transaction,19.1862
alone,transaction,23.3611
alone,transaction,9.3870
alone,transaction,16.1946
alone,transaction,17.4647
alone,transaction,22.7805
alone,transaction,16.2204
alone,transaction,29.0874
alone,transaction,20.2615
alone,transaction,13.0548
alone,transaction,14.7242
alone,transaction,21.9662
alone,transaction,34.9688
alone,transaction,28.5170
alone,transaction,13.2974
alone,transaction,14.6852
alone,transaction,39.4797
alone,transaction,84.0710
alone,transaction,33.5625
alone,transaction,32.0421
alone,transaction,31.7715
alone,transaction,17.9932
alone,transaction,19.0203
alone,transaction,18.7120
alone,transaction,45.2734
alone,transaction,19.6154
alone,transaction,36.5027
alone,transaction,27.1326
alone,transaction,15.0544
alone,transaction,45.2595
alone,transaction,36.5060
alone,transaction,27.1323
alone,transaction,22.9210
alone,transaction,26.6592
alone,transaction,32.2027
alone,transaction,38.4562
alone,transaction,15.3466
alone,transaction,36.4615
alone,transaction,57.9357
alone,transaction,28.0797
alone,transaction,26.5867
alone,transaction,19.5950
alone,transaction,21.7060
alone,transaction,12.3194
alone,transaction,20.6003
alone,transaction,7.8038
alone,transaction,10.8118
alone,transaction,18.7853
alone,transaction,22.0489
alone,transaction,20.4890
alone,transaction,24.5992
alone,transaction,29.2281
alone,transaction,27.8901
alone,transaction,36.7338
alone,transaction,42.6787
alone,transaction,19.2046
alone,transaction,31.7642
alone,transaction,17.5648
alone,transaction,30.0353
alone,transaction,28.4515
alone,transaction,19.6935
alone,transaction,23.7274
alone,transaction,25.5529
alone,transaction,13.9481
alone,transaction,25.7128
alone,transaction,27.0796
alone,transaction,18.8633
alone,transaction,33.1092
alone,transaction,31.2003
alone,transaction,26.7243
alone,transaction,25.3078
alone,transaction,23.1990
alone,transaction,34.6250
alone,transaction,32.7446
alone,transaction,28.2615
alone,transaction,27.0244
alone,transaction,26.6647
alone,transaction,24.9026
alone,transaction,26.4236
alone,transaction,19.7369
alone,transaction,16.2517
alone,transaction,17.6403
alone,transaction,15.9661
alone,transaction,11.5258
alone,transaction,15.7062
alone,transaction,18.6188
alone,transaction,34.6837
alone,transaction,23.3828
alone,transaction,34.5927
alone,transaction,25.9156
alone,transaction,23.2080
alone,transaction,27.0204
alone,transaction,9.2521
alone,transaction,23.5259
alone,transaction,19.1574
alone,transaction,20.5803
alone,transaction,24.1641
alone,transaction,27.1598
alone,transaction,23.5762
alone,transaction,25.7828
alone,transaction,31.5548
alone,transaction,19.8528
alone,transaction,17.1372
alone,transaction,17.5302
alone,transaction,16.4868
alone,transaction,29.8633
alone,transaction,21.4725
alone,transaction,29.3099
alone,transaction,15.6402
alone,transaction,24.4274
alone,transaction,22.6487
alone,transaction,16.7871
alone,transaction,14.1913
alone,transaction,20.5770
alone,transaction,17.0151
alone,transaction,47.7636
