phase,measure,ms
both,query,1.2938
both,query,2.9477
both,query,8.5284
both,query,2.8480
both,query,2.8195
both,query,7.1158
both,query,3.6049
both,query,3.8991
both,query,7.0528
both,query,3.4868
both,query,4.5704
both,query,6.2534
both,query,5.5370
both,query,7.6076
both,query,10.3639
both,query,9.8826
both,query,5.4856
both,query,5.3152
both,query,5.9885
both,query,4.3071
both,query,4.1499
both,query,7.1769
both,query,5.0465
both,query,9.0754
both,query,7.4612
both,query,4.3291
both,query,16.2452
both,query,5.2321
both,query,4.2835
both,query,4.5905
both,query,2.4041
both,query,5.9635
both,query,7.4692
both,query,2.8785
both,query,4.5377
both,query,15.5328
both,query,6.1150
both,query,5.4735
both,query,4.2905
both,query,2.6432
both,query,3.3663
both,query,1.8732
both,query,7.5666
both,query,3.5533
both,query,2.7024
both,query,3.7959
both,query,3.4908
both,query,6.6596
both,query,9.2048
both,query,2.4615
both,query,3.7825
both,query,3.3534
both,query,3.8860
both,query,4.9798
both,query,4.7405
both,query,4.0294
both,query,4.3543
both,query,7.0238
both,query,5.5688
both,query,1.9399
both,query,5.6719
both,query,3.0019
both,query,5.9399
both,query,5.2535
both,query,3.9848
both,query,3.6882
both,query,3.8488
both,query,4.6483
both,query,4.3197
both,query,5.3858
both,query,1.3368
both,query,3.3250
both,query,4.1577
both,query,2.7750
both,query,5.0244
both,query,1.7159
both,query,13.5750
both,query,2.3738
both,query,1.6676
both,query,6.6298
both,query,5.2190
both,query,2.3553
both,query,4.8830
both,query,1.8188
both,query,4.3635
both,query,4.1314
both,query,5.0207
both,query,4.3950
both,query,3.9111
both,query,2.8776
both,query,3.1828
both,query,4.0304
both,query,2.3713
both,query,3.5092
both,query,3.6603
both,query,1.9048
both,query,2.7742
both,query,3.1565
both,query,1.2163
both,query,1.0654
both,query,5.3370
both,query,3.2057
both,query,53.9934
both,query,8.1766
both,query,3.4203
both,query,4.2114
both,query,5.6771
both,query,6.3242
both,query,4.9325
both,query,6.0129
both,query,4.3078
both,query,5.4076
both,query,7.0322
both,query,6.2045
both,query,2.3488
both,query,3.3533
both,query,4.7504
both,query,2.2899
both,query,3.6857
both,query,8.3693
both,query,3.2048
both,query,7.2599
both,query,5.1517
both,query,4.5752
both,query,2.9162
both,query,3.7946
both,query,2.7556
both,query,7.7077
both,query,5.4274
both,query,3.5934
both,query,6.5644
both,query,4.9003
both,query,5.1913
both,query,2.8898
both,query,2.8053
both,query,6.5788
both,query,6.7077
both,query,2.4190
both,query,3.4086
both,query,4.6818
both,query,2.0953
both,query,4.7810
both,query,6.9882
both,query,11.1757
both,query,5.7058
both,query,8.7311
both,query,3.7949
both,query,4.2321
both,query,2.2382
both,query,12.1552
both,query,3.7823
both,query,6.8645
both,query,4.3547
both,query,4.2801
both,query,7.3376
both,query,3.0390
both,query,7.3650
both,query,2.1136
both,query,2.2472
both,query,5.5532
both,query,6.9982
both,query,7.9320
both,query,3.4973
both,query,3.8058
both,query,8.3837
both,query,20.2656
both,query,3.1056
both,query,17.3818
both,query,7.5732
both,query,3.7660
both,query,6.8387
both,query,1.6842
both,query,5.3177
both,query,5.8973
both,query,5.0305
both,query,3.1639
both,query,3.1373
both,query,8.7846
both,query,8.7305
both,query,5.7625
both,query,4.0907
both,query,5.2520
both,query,2.8014
both,query,4.5278
both,query,3.7642
both,query,3.6721
both,query,3.6018
both,query,5.8173
both,query,3.4457
both,query,3.4828
both,query,1.9889
both,query,4.7559
both,query,3.8457
both,query,3.1701
both,query,4.1888
both,query,1.5399
both,query,5.2081
both,query,1.5262
both,query,1.8700
both,query,1.3150
both,query,5.7465
both,query,12.5618
both,query,3.2389
both,query,2.4752
both,query,2.2632
both,query,4.0910
both,query,2.0495
both,query,3.0360
both,query,5.5082
both,query,5.8635
both,query,3.8503
both,query,3.8480
both,query,5.3501
both,query,3.4159
both,query,7.9569
both,query,2.7037
both,query,1.4836
both,query,4.1439
both,query,3.1659
both,query,1.7700
both,query,1.6233
both,query,1.6348
both,query,1.4926
both,query,2.9966
both,query,14.5634
both,query,4.4744
both,query,3.0132
both,query,2.9297
both,query,3.6175
both,query,4.6849
both,query,4.3787
both,query,17.7851
both,query,8.2079
both,query,5.6329
both,query,4.4418
both,query,4.6224
both,query,2.3065
both,query,5.5455
both,query,7.3963
both,query,2.8032
both,query,4.2312
both,query,9.6617
both,query,8.6058
both,query,7.4434
both,query,3.5947
both,query,4.9701
both,query,3.7524
both,query,5.5070
both,query,3.5753
both,query,2.8282
both,query,4.6219
both,query,9.6049
both,query,8.2381
both,query,7.2037
both,query,8.4460
both,query,4.4742
both,query,7.3608
both,query,19.7034
both,query,4.3407
both,query,4.4537
both,query,2.1780
both,query,7.0938
both,query,2.4712
both,query,3.8518
both,query,9.9699
both,query,11.4174
both,query,3.7252
both,query,11.5649
both,query,4.4239
both,query,6.6462
both,query,5.5629
both,query,1.2551
both,query,2.8348
both,query,2.4715
both,query,7.3771
both,query,2.7424
both,query,3.4164
both,query,4.5271
both,query,7.4805
both,query,3.0312
both,query,4.5991
both,query,4.3559
both,query,5.0630
both,query,3.2783
both,query,2.5065
both,query,4.2958
both,query,18.8191
both,query,8.6274
both,query,10.8069
both,query,4.6017
both,query,6.5312
both,query,6.8089
both,query,3.4870
both,query,5.3705
both,query,3.4783
both,query,3.8899
both,query,4.3325
both,query,2.9794
both,query,3.2008
both,query,3.5014
both,query,4.3910
both,query,3.2540
both,query,4.2343
both,query,3.7430
both,query,2.7672
both,query,3.8810
both,query,2.1077
both,query,2.2199
both,query,4.3395
both,query,6.0792
both,query,3.3737
both,query,6.1586
both,query,6.9979
both,query,6.8547
both,query,4.3476
both,query,4.4192
both,query,5.8135
both,query,11.2912
both,query,6.6190
both,query,6.1386
both,query,2.9686
both,query,3.4789
both,query,4.9976
both,query,3.2033
both,query,6.0423
both,query,5.7355
both,query,8.2852
both,query,9.1260
both,query,2.5478
both,query,3.3177
both,query,3.4152
both,query,5.3016
both,query,9.1486
both,query,16.7346
both,query,5.1389
both,query,4.0185
both,query,4.1903
both,query,4.3712
both,query,3.3624
both,query,3.2222
both,query,2.8705
both,query,3.9978
both,query,4.3479
both,query,9.1239
both,query,4.3028
both,query,1.9582
both,query,13.3912
both,query,7.0381
both,query,2.4369
both,query,3.9450
both,query,4.0846
both,query,3.5877
both,query,2.2486
both,query,4.6390
both,query,6.5107
both,query,3.0639
both,query,2.9788
both,query,5.1128
both,query,6.4165
both,query,6.3413
both,query,5.6465
both,query,3.5723
both,query,6.1771
both,query,3.4709
both,query,6.4833
both,query,5.0241
both,query,12.7280
both,query,5.3925
both,query,3.7755
both,query,6.8319
both,query,6.8817
both,query,4.7367
both,query,4.0284
both,query,3.7464
both,query,4.3548
both,query,2.5658
both,query,2.7294
both,query,10.4519
both,query,3.1504
both,query,2.7986
both,query,9.0498
both,query,8.7200
both,query,15.0543
both,query,1.9653
both,query,2.2052
both,query,2.8278
both,query,3.1011
both,query,2.9673
both,query,2.8168
both,query,3.5160
both,query,4.0001
both,query,3.3151
both,query,2.8871
both,query,1.8953
both,query,1.9861
both,query,5.2559
both,query,2.3924
both,query,2.2249
both,query,3.8406
both,query,1.3059
both,query,6.5091
both,query,2.3196
both,query,1.7053
both,query,1.8807
both,query,3.5367
both,query,4.0177
both,query,3.0869
both,query,4.6062
both,query,3.4352
both,query,4.7959
both,query,4.6975
both,query,4.0231
both,query,7.2553
both,query,3.9109
both,query,6.8244
both,query,5.5481
both,query,4.5038
both,query,13.4220
both,query,7.3091
both,query,6.4859
both,query,2.3079
both,query,7.2903
both,query,7.9084
both,query,1.8630
both,query,2.5439
both,query,8.3164
both,query,4.5650
both,query,3.3857
both,query,3.7598
both,query,6.1826
both,query,13.0561
both,query,5.3949
both,query,5.8762
both,query,4.7655
both,query,8.8026
both,query,3.3056
both,query,7.5176
both,query,3.7241
both,query,3.0429
both,query,2.2328
both,query,3.9589
both,query,3.7244
both,query,2.7516
both,query,3.9537
both,query,4.3862
both,query,4.2397
both,query,3.3685
both,query,2.5456
both,query,1.8999
both,query,2.3518
both,query,5.5256
both,query,5.4035
both,query,3.9540
both,query,3.7352
both,query,7.2952
both,query,5.2846
both,query,3.8301
both,query,2.5556
both,query,2.0244
both,query,2.2946
both,query,1.7089
both,query,4.2791
both,query,4.1237
both,query,5.6687
both,query,4.4010
both,query,7.0948
both,query,7.7267
both,query,3.5505
both,query,2.0311
both,query,6.6794
both,query,6.5921
both,query,6.7153
both,query,3.9781
both,query,2.9034
both,query,3.3875
both,query,2.8308
both,query,3.1094
both,query,4.0780
both,query,2.7417
both,query,4.0480
both,query,3.7804
both,query,4.9094
both,query,5.5465
both,query,3.0119
both,query,9.4757
both,query,2.4173
both,query,3.7372
both,query,5.8262
both,query,9.7513
both,query,5.0921
both,query,3.1828
both,query,5.4754
both,query,7.0797
both,query,4.4931
both,query,4.3190
both,query,4.4588
both,query,3.0132
both,query,4.6459
both,query,6.4832
both,query,6.5550
both,query,4.2702
both,query,2.0929
both,query,6.9332
both,query,6.5395
both,query,2.1753
both,query,2.8430
both,query,2.8969
both,query,2.4830
both,query,2.7076
both,query,1.6893
both,query,3.5622
both,query,4.0434
both,query,9.7574
both,query,3.8317
both,query,3.2913
both,query,16.8504
both,query,5.1646
both,query,8.6398
both,query,1.6881
both,query,6.9903
both,query,8.2350
both,query,6.1437
both,query,6.2338
both,query,4.1839
both,query,1.4742
both,query,9.5937
both,query,8.4320
both,query,11.4370
both,query,7.4138
both,query,10.6630
both,query,6.3700
both,query,2.8271
both,query,7.4683
both,query,2.5127
both,query,3.2476
both,query,5.1515
both,query,10.2075
both,query,6.1468
both,query,6.2660
both,query,4.1053
both,query,3.8675
both,query,7.0049
both,query,10.4371
both,query,4.5464
both,query,2.8752
both,query,1.5905
both,query,2.1685
both,query,3.4542
both,query,10.9314
both,query,5.0315
both,query,6.0333
both,query,2.7565
both,query,2.8636
both,query,3.7930
both,query,1.8214
both,query,2.2272
both,query,3.3165
both,query,3.0908
both,query,4.1819
both,query,3.4042
both,query,7.4684
both,query,6.1032
both,query,1.8324
both,query,1.9260
both,query,3.0178
both,query,3.8663
both,query,5.1067
both,query,4.1352
both,query,3.1467
both,query,3.7831
both,query,6.5568
both,query,6.2011
both,query,5.7324
both,query,3.6505
both,query,3.9739
both,query,5.0404
both,query,6.2727
both,query,4.3405
both,query,6.3242
both,query,9.3993
both,query,4.0086
both,query,5.0738
both,query,4.6368
both,query,3.2036
both,query,5.5019
both,query,3.4430
both,query,7.5740
both,query,5.3147
both,query,4.1278
both,query,2.7037
both,query,6.0831
both,query,5.0559
both,query,6.9316
both,query,1.8605
both,query,4.0822
both,query,3.6459
both,query,2.9724
both,query,4.2964
both,query,5.0912
both,query,5.8484
both,query,7.9327
both,query,2.9784
both,query,2.2637
both,query,4.2184
both,query,3.1321
both,query,8.7507
both,query,4.1391
both,query,2.7218
both,query,1.5570
both,query,4.6540
both,query,3.7325
both,query,1.5701
both,query,3.7587
both,query,5.2399
both,query,6.6585
both,query,4.6340
both,query,3.1693
both,query,8.1194
both,query,8.3272
both,query,6.1664
both,query,1.2322
both,query,4.8344
both,query,4.2670
both,query,2.5629
both,query,10.1247
both,query,3.6841
both,query,4.7906
both,query,3.9273
both,query,2.0012
both,query,4.5652
both,query,2.3028
both,query,3.6108
both,query,9.0471
both,query,4.4162
both,query,4.0519
both,query,11.8897
both,query,7.9802
both,query,3.5606
both,query,4.5254
both,query,4.0435
both,query,6.1514
both,query,3.7401
both,query,5.4284
both,query,2.1931
both,query,7.3149
both,query,1.8583
both,query,3.5381
both,query,6.4210
both,query,4.4216
both,query,5.5178
both,query,4.8751
both,query,3.0755
both,query,3.5146
both,query,4.0817
both,query,4.0778
both,query,5.2533
both,query,3.7718
both,query,4.9798
both,query,3.3677
both,query,9.4374
both,query,4.0898
both,query,5.0603
both,query,6.2575
both,query,4.3515
both,query,5.1022
both,query,10.5435
both,query,2.7882
both,query,6.1061
both,query,4.9657
both,query,7.4177
both,query,3.3298
both,query,3.8869
both,query,5.3034
both,query,4.8473
both,query,2.0795
both,query,3.6015
both,query,9.8773
both,query,4.0047
both,query,2.5177
both,query,4.3439
both,query,3.4801
both,query,3.7810
both,query,8.6978
both,query,3.3012
both,query,3.7881
both,query,4.6791
both,query,4.8266
both,query,3.5656
both,query,5.2670
both,query,3.0719
both,query,5.2960
both,query,2.6364
both,query,6.3642
both,query,1.8462
both,query,3.4072
both,query,4.5284
both,query,2.0278
both,query,1.9956
both,query,3.8740
both,query,1.2572
both,query,11.2069
both,query,2.8165
both,query,2.1169
both,query,3.9989
both,query,3.2733
both,query,3.7620
both,query,4.2410
both,query,4.1004
both,query,5.6490
both,query,5.3104
both,query,5.1443
both,query,6.4662
both,query,3.1239
both,query,8.2208
both,query,1.8384
both,query,3.1693
both,query,12.0377
both,query,4.5366
both,query,6.2198
both,query,3.4092
both,query,3.7518
both,query,5.7681
both,query,4.1962
both,query,3.0648
both,query,5.6928
both,query,5.5822
both,query,3.5253
both,query,6.1638
both,query,4.8277
both,query,5.5883
both,query,5.9925
both,query,1.9566
both,query,2.7757
both,query,4.6606
both,query,3.1484
both,query,11.6325
both,query,6.5485
both,query,2.0293
both,query,16.9204
both,query,5.5324
both,query,4.8984
both,query,9.3520
both,query,4.4305
both,query,7.5647
both,query,5.9768
both,query,2.5882
both,query,1.4374
both,query,6.8803
both,query,2.3876
both,query,2.9455
both,query,2.5824
both,query,2.8147
both,query,3.7051
both,query,4.0559
both,query,3.9210
both,query,9.9168
both,query,3.3945
both,query,3.9821
both,query,3.2882
both,query,4.5757
both,query,3.5396
both,query,8.4285
both,query,5.9955
both,query,8.6305
both,query,8.4162
both,query,4.8811
both,query,3.4020
both,query,3.1533
both,query,5.4153
both,query,16.5745
both,query,2.7765
both,query,5.3002
both,query,4.1285
both,query,2.2999
both,query,4.8384
both,query,3.7084
both,query,3.7690
both,query,6.5056
both,query,5.2084
both,query,4.9966
both,query,2.2486
both,query,7.7969
both,query,3.6097
both,query,6.8148
both,query,2.3275
both,query,3.8627
both,query,4.0663
both,query,2.1212
both,query,2.5874
both,query,5.2780
both,query,3.2201
both,query,2.4617
both,query,8.0488
both,query,4.8179
both,query,1.8007
both,query,2.2852
both,query,3.0109
both,query,2.0390
both,query,1.4490
both,query,1.3627
both,query,5.4498
both,query,1.9598
both,query,1.8969
both,query,3.5520
both,query,4.8568
both,query,4.0995
both,query,5.3840
both,query,5.8389
both,query,3.8639
both,query,2.6864
both,query,2.1959
both,query,3.0470
both,query,3.5474
both,query,6.1258
both,query,26.3082
both,query,8.7824
both,query,5.2595
both,query,4.3188
both,query,1.7062
both,query,5.0987
both,query,4.5347
both,query,2.0824
both,query,3.5684
both,query,4.5688
both,query,5.1871
both,query,6.4091
both,query,6.4331
both,query,8.4303
both,query,6.8965
both,query,6.6610
both,query,4.9548
both,query,3.4542
both,query,7.7999
both,query,13.6158
both,query,5.2157
both,query,2.9492
both,query,3.7746
both,query,2.5510
both,query,6.4713
both,query,4.1611
both,query,4.3495
both,query,4.5420
both,query,3.7084
both,query,2.6894
both,query,2.4435
both,query,4.4977
both,query,5.2050
both,query,7.2367
both,query,3.8064
both,query,12.3670
both,query,2.8293
both,query,4.0757
both,query,4.9187
both,query,5.7989
both,query,4.0107
both,query,3.6781
both,query,6.4123
both,query,8.0441
both,query,1.2996
both,query,4.3773
both,query,4.7378
both,query,3.6084
both,query,5.9046
both,query,3.9208
both,query,6.0725
both,query,4.1971
both,query,3.6419
both,query,4.4530
both,query,4.1270
both,query,9.7462
both,query,10.3674
both,query,4.9356
both,query,4.9960
both,query,5.9965
both,query,4.3237
both,query,3.1835
both,query,5.3481
both,query,2.9473
both,query,5.6410
both,query,4.4868
both,query,11.4137
both,query,4.7883
both,query,6.3795
both,query,6.0230
both,query,4.5078
both,query,3.9837
both,query,3.1611
both,query,6.2079
both,query,2.2112
both,query,3.7591
both,query,4.3786
both,query,7.7875
both,query,3.9809
both,query,3.9876
both,query,1.4345
both,query,3.6052
both,query,2.1457
both,query,1.9417
both,query,1.5465
both,query,3.0344
both,query,9.5224
both,query,5.5864
both,query,5.6871
both,query,4.2776
both,query,4.7453
both,query,3.4963
both,query,4.2948
both,query,2.8956
both,query,10.6536
both,query,4.7310
both,query,4.7349
both,query,4.4718
both,query,4.2363
both,query,5.8316
both,query,9.1611
both,query,6.7855
both,query,9.5001
both,query,5.6220
both,query,5.3300
both,query,4.8087
both,query,3.9915
both,query,6.7700
both,query,8.1891
both,query,4.8173
both,query,3.0593
both,query,3.6609
both,query,5.0875
both,query,4.1005
both,query,3.0819
both,query,4.0782
both,query,6.1525
both,query,5.8996
both,query,3.1305
both,query,4.8420
both,query,12.5684
both,query,13.0410
both,query,15.9110
both,query,9.9357
both,query,2.8882
both,query,3.9370
both,query,2.8298
both,query,2.6920
both,query,7.0921
both,query,2.2493
both,query,4.8819
both,query,4.0737
both,query,4.2798
both,query,9.8591
both,query,5.3141
both,query,4.0615
both,query,3.0043
both,query,5.0093
both,query,5.1228
both,query,4.0119
both,query,6.2754
both,query,3.5343
both,query,3.5419
both,query,6.5272
both,query,7.2296
both,query,4.7915
both,query,3.7354
both,query,4.3480
both,query,6.1310
both,query,3.9444
both,query,7.2910
both,query,6.3650
both,query,3.2847
both,query,2.0938
both,query,5.1170
both,query,1.6504
both,query,1.8387
both,query,3.5168
both,query,5.0050
both,query,9.0011
both,query,5.3232
both,query,6.3061
both,query,4.8132
both,query,3.2389
both,query,2.4002
both,query,7.3637
both,query,2.1292
both,query,5.0926
both,query,4.0728
both,query,5.8543
both,query,7.7046
both,query,8.2342
both,query,5.7181
both,query,5.1344
both,query,7.3730
both,query,4.3312
both,query,3.4909
both,query,3.6931
both,query,2.9177
both,query,2.5909
both,query,4.3862
both,query,15.2636
both,query,1.9010
both,query,2.4492
both,query,2.2918
both,query,2.3841
both,query,12.6583
both,query,3.9234
both,query,2.6421
both,query,3.0529
both,query,5.3878
both,query,5.2301
both,query,4.4513
both,query,3.7039
both,query,4.4082
both,query,4.4377
both,query,3.5972
both,query,2.5929
both,query,9.1500
both,query,8.4286
both,query,10.4853
both,query,3.3830
both,query,7.2876
both,query,4.8469
both,query,2.0358
both,query,9.0200
both,query,5.3435
both,query,3.8079
both,query,3.6276
both,query,8.3338
both,query,6.7907
both,query,3.0221
both,query,5.9524
both,query,10.2856
both,query,6.4273
both,query,5.0000
both,query,5.5815
both,query,9.5601
both,query,15.6171
both,query,4.2719
both,query,2.7008
both,query,5.1552
both,query,10.8744
both,query,3.3634
both,query,4.7110
both,query,2.5125
both,query,2.0974
both,query,3.7932
both,query,2.3270
both,query,8.2407
both,query,7.8011
both,query,6.3905
both,query,3.6972
both,query,2.6522
both,query,4.1404
both,query,3.1537
both,query,2.5740
both,query,5.5030
both,query,5.0219
both,query,7.1901
both,query,4.5067
both,query,3.7096
both,query,6.0331
both,query,14.9031
both,query,8.8187
both,query,2.9642
both,query,9.0689
both,query,3.1003
both,query,3.9564
both,query,2.2926
both,query,4.5049
both,query,4.2494
both,query,4.4184
both,query,4.0310
both,query,5.3426
both,query,8.8115
both,query,2.2618
both,query,3.6778
both,query,3.5506
both,query,4.5810
both,query,7.1136
both,query,2.7365
both,query,4.1752
both,query,3.0075
both,query,1.4959
both,query,4.0414
both,query,5.0232
both,query,3.5616
both,query,5.1675
both,query,1.7291
both,query,4.4537
both,query,6.6370
both,query,4.1960
both,query,2.8593
both,query,3.6011
both,query,4.2532
both,query,3.2211
both,query,2.4897
both,query,3.9325
both,query,3.9989
both,query,3.5132
both,query,3.3659
both,query,5.9801
both,query,3.5549
both,query,4.6528
both,query,2.6295
both,query,6.6756
both,query,3.4133
both,query,1.5973
both,query,4.0216
both,query,2.6164
both,query,4.3364
both,query,3.1247
both,query,4.1666
both,query,8.5837
both,query,3.7437
both,query,6.9075
both,query,6.1682
both,query,2.7477
both,query,5.7557
both,query,2.2311
both,query,8.3221
both,query,4.6748
both,query,7.3544
both,query,6.4570
both,query,2.9826
both,query,5.1829
both,query,2.7492
both,query,6.3401
both,query,6.3927
both,query,3.9985
both,query,4.2950
both,query,6.1013
both,query,6.3151
both,query,4.0039
both,query,2.5548
both,query,6.0262
both,query,4.3849
both,query,2.6468
both,query,5.9301
both,query,2.7592
both,query,14.6587
both,query,6.1643
both,query,14.7481
both,query,4.8264
both,query,4.2558
both,query,4.7708
both,query,5.7041
both,query,1.9190
both,query,2.0856
both,query,2.4932
both,query,3.1491
both,query,7.4373
both,query,11.4424
both,query,2.4507
both,query,6.6880
both,query,9.6765
both,query,4.9365
both,query,3.9707
both,query,4.4473
both,query,4.2341
both,query,6.3240
both,query,4.3197
both,query,11.9334
both,query,5.0423
both,query,8.9759
both,query,4.6520
both,query,5.8881
both,query,4.9811
both,query,3.8984
both,query,3.1749
both,query,3.5600
both,query,3.4102
both,query,3.1072
both,query,2.8638
both,query,2.0071
both,query,6.4689
both,query,11.4397
both,query,6.4275
both,query,4.6380
both,query,3.1498
both,query,4.3768
both,query,7.4675
both,query,4.4588
both,query,3.1275
both,query,3.5785
both,query,6.5493
both,query,2.9411
both,query,4.2814
both,query,4.7831
both,query,1.9186
both,query,3.5845
both,query,4.1988
both,query,3.3011
both,query,3.1334
both,query,4.6209
both,query,4.4382
both,query,5.3477
both,query,4.7032
both,query,2.3147
both,query,5.5329
both,query,12.6690
both,query,6.5250
both,query,6.5215
both,query,2.6059
both,query,1.5511
both,query,5.4434
both,query,3.5800
both,query,3.7390
both,query,4.2628
both,query,3.4536
both,query,4.0186
both,query,4.6049
both,query,6.7539
both,query,5.5830
both,query,3.6622
both,query,5.1752
both,query,7.7532
both,query,2.5789
both,query,4.5651
both,query,5.6592
both,query,4.6662
both,query,2.9430
both,query,6.2490
both,query,6.6546
both,query,3.0516
both,query,2.2345
both,query,3.9946
both,query,6.0400
both,query,6.9189
both,query,6.9530
both,query,5.0814
both,query,4.4958
both,query,8.6960
both,query,7.7344
both,query,5.9635
both,query,3.8927
both,query,3.8547
both,query,6.1563
both,query,4.6951
both,query,6.1346
both,query,3.3984
both,query,3.2965
both,query,2.7066
both,query,7.5031
both,query,5.8622
both,query,2.9964
both,query,5.6840
both,query,6.7813
both,query,2.8244
both,query,2.4813
both,query,3.4962
both,query,1.8270
both,query,7.1979
both,query,2.0362
both,query,9.9172
both,query,4.2381
both,query,4.6968
both,query,4.9485
both,query,2.6746
both,query,3.4943
both,query,3.6300
both,query,3.3602
both,query,4.1697
both,query,3.7528
both,query,3.1730
both,query,2.4531
both,query,4.4100
both,query,11.7239
both,query,5.3820
both,query,2.9728
both,query,5.7694
both,query,5.6588
both,query,7.2937
both,query,4.3585
both,query,5.4800
both,query,3.4488
both,query,2.8346
both,query,2.2238
both,query,5.3531
both,query,3.6355
both,query,7.7484
both,query,3.4739
both,query,5.2390
both,query,2.3180
both,query,3.5497
both,query,5.2522
both,query,3.1751
both,query,2.4097
both,query,2.5835
both,query,10.0467
both,query,5.4377
both,query,1.4010
both,query,5.7722
both,query,3.8879
both,query,5.1854
both,query,3.1248
both,query,3.5751
both,query,2.7523
both,query,3.6216
both,query,3.4419
both,query,1.7306
both,query,1.2728
both,query,7.5995
both,query,3.2009
both,query,3.7009
both,query,5.1219
both,query,3.9145
both,query,3.1488
both,query,4.8228
both,query,4.8035
both,query,3.8577
both,query,3.9944
both,query,5.4132
both,query,5.6443
both,query,4.3416
both,query,4.0689
both,query,2.9335
both,query,25.8984
both,query,4.7758
both,query,4.3121
both,query,5.5696
both,query,5.4713
both,query,5.9995
both,query,2.3428
both,query,3.2577
both,query,1.6554
both,query,3.1832
both,query,6.8033
both,query,11.8634
both,query,2.8873
both,query,2.3847
both,query,2.9919
both,query,4.6755
both,query,3.4694
both,query,6.3070
both,query,6.3310
both,query,6.9868
both,query,7.2441
both,query,3.5272
both,query,3.9697
both,query,1.7627
both,query,6.3246
both,query,4.5804
both,query,3.3597
both,query,3.9326
both,query,2.8103
both,query,4.5748
both,query,4.2249
both,query,6.1595
both,query,3.5489
both,query,9.3913
both,query,4.2368
both,query,5.5300
both,query,3.3280
both,query,2.7742
both,query,3.2309
both,query,3.3371
both,query,4.2683
both,query,5.5424
both,query,7.2100
both,query,3.1261
both,query,7.0995
both,query,5.1199
both,query,7.8522
both,query,10.9513
both,query,4.5397
both,query,5.5895
both,query,6.9991
both,query,5.0010
both,query,3.8373
both,query,3.0721
both,query,5.5274
both,query,3.1983
both,query,3.8945
both,query,1.6589
both,query,6.6154
both,query,6.1093
both,query,6.3884
both,query,3.3674
both,query,4.4428
both,query,2.9425
both,query,2.8676
both,query,4.3369
both,query,4.0081
both,query,2.0585
both,query,2.1369
both,query,9.8261
both,query,5.4139
both,query,6.3089
both,query,5.3175
both,query,2.9675
both,query,3.8980
both,query,3.5126
both,query,3.6298
both,query,3.5793
both,query,4.5319
both,query,4.4800
both,query,4.5491
both,query,2.0161
both,query,3.0978
both,query,2.5208
both,query,6.2331
both,query,2.8698
both,query,5.7870
both,query,5.0013
both,query,12.0087
both,query,3.1832
both,query,6.5698
both,query,3.3125
both,query,4.0297
both,query,2.8235
both,query,3.4220
both,query,5.1465
both,query,4.8805
both,query,4.4828
both,query,4.5681
both,query,12.0994
both,query,4.6982
both,query,4.0841
both,query,4.3917
both,query,24.8099
both,query,4.7499
both,query,2.9712
both,query,8.7519
both,query,5.4506
both,query,4.8749
both,query,4.8112
both,query,4.1828
both,query,4.8895
both,query,1.9957
both,query,3.0078
both,query,4.2227
both,query,6.3961
both,query,3.5252
both,query,2.5343
both,query,4.2266
both,query,4.3418
both,query,3.6539
both,query,1.9377
both,query,9.9258
both,query,8.8460
both,query,4.1314
both,query,4.1337
both,query,8.1177
both,query,3.7954
both,query,3.6073
both,query,6.8992
both,query,4.2971
both,query,3.2992
both,query,4.7810
both,query,8.9332
both,query,5.9062
both,query,6.9736
both,query,5.9016
both,query,4.7355
both,query,17.0575
both,query,5.8642
both,query,4.6192
both,query,5.3472
both,query,4.0098
both,query,4.3807
both,query,5.0054
both,query,4.6998
both,query,2.8797
both,query,2.2874
both,query,4.6580
both,query,4.6440
both,query,4.7669
both,query,7.3905
both,query,4.2032
both,query,10.0484
both,query,5.0499
both,query,4.3230
both,query,2.6644
both,query,2.8635
both,query,2.4344
both,query,2.6204
both,query,1.4265
both,query,7.1030
both,query,4.6481
both,query,2.3962
both,query,3.2880
both,query,3.9843
both,query,3.8254
both,query,2.8256
both,query,1.4134
both,query,3.7255
both,query,2.8526
both,query,4.3892
both,query,12.8453
both,query,4.1744
both,query,3.9579
both,query,5.1020
both,query,3.3059
both,query,6.5129
both,query,3.9451
both,query,4.0450
both,query,3.7017
both,query,6.3600
both,query,4.9501
both,query,4.5283
both,query,4.4913
both,query,2.7110
both,query,3.5527
both,query,3.0323
both,query,2.6995
both,query,2.2291
both,query,3.2248
both,query,4.4769
both,query,7.2096
both,query,4.4535
both,query,4.0271
both,query,8.8739
both,query,2.2562
both,query,4.4221
both,query,3.9360
both,query,4.0929
both,query,5.8647
both,query,4.2780
both,query,7.2952
both,query,12.3920
both,query,5.1469
both,query,3.8878
both,query,9.4180
both,query,3.9418
both,query,3.3261
both,query,2.1272
both,query,5.2841
both,query,8.0728
both,query,1.9518
both,query,1.9746
both,query,5.2969
both,query,7.5430
both,query,3.1387
both,query,4.2489
both,query,4.7613
both,query,5.4236
both,query,4.8282
both,query,2.8977
both,query,6.4691
both,query,6.6795
both,query,2.7359
both,query,8.4984
both,query,4.1285
both,query,1.8786
both,query,2.2594
both,query,4.2985
both,query,2.6577
both,query,4.3049
both,query,3.3175
both,query,6.7375
both,query,2.1420
both,query,2.8679
both,query,1.7201
both,query,3.0501
both,query,3.0886
both,query,7.5246
both,query,3.3473
both,query,1.7066
both,query,2.2410
both,query,3.7225
both,query,3.5592
both,query,1.2578
both,query,5.2291
both,query,6.3154
both,query,3.8506
both,query,7.4200
both,query,10.5937
both,query,1.9013
both,query,3.8490
both,query,13.9001
both,query,7.9267
both,query,3.1839
both,query,5.3076
both,query,2.7435
both,query,1.4817
both,query,7.2385
both,query,2.0657
both,query,3.3175
both,query,12.0451
both,query,1.8397
both,query,8.7262
both,query,4.6844
both,query,5.0222
both,query,1.5668
both,query,4.1952
both,query,5.5891
both,query,3.1544
both,query,4.6278
both,query,3.6643
both,query,5.0204
both,query,4.9092
both,query,4.4567
both,query,4.6790
both,query,3.5948
both,query,4.6406
both,query,2.8539
both,query,4.7876
both,query,4.5227
both,query,4.0437
both,query,4.1623
both,query,8.3162
both,query,2.8108
both,query,3.7376
both,query,2.4094
both,query,8.9505
both,query,3.1274
both,query,3.3263
both,query,2.7650
both,query,3.1115
both,query,7.4846
both,query,4.9323
both,query,5.1272
both,query,6.4279
both,query,3.0638
both,query,12.3080
both,query,10.5743
both,query,4.1920
both,query,5.5225
both,query,6.0998
both,query,4.4691
both,query,4.0982
both,query,7.3022
both,query,7.3034
both,query,3.0412
both,query,4.6125
both,query,3.9504
both,query,8.4611
both,query,7.1794
both,query,10.9988
both,query,2.5671
both,query,4.9883
both,query,4.2985
both,query,2.5286
both,query,6.0826
both,query,6.6481
both,query,6.7023
both,query,5.7847
both,query,5.2156
both,query,8.4381
both,query,2.9925
both,query,4.5790
both,query,3.6106
both,query,3.6500
both,query,3.1087
both,query,3.6449
both,query,2.6525
both,query,3.5393
both,query,3.7756
both,query,7.0703
both,query,1.8678
both,query,5.6122
both,query,3.0951
both,query,3.2718
both,query,9.3013
both,query,2.7918
both,query,4.6945
both,query,3.7196
both,query,4.5362
both,query,3.6412
both,query,2.4064
both,query,2.5102
both,query,4.1334
both,query,5.1150
both,query,4.5042
both,query,4.1523
both,query,1.9746
both,query,4.9448
both,query,6.5317
both,query,4.3262
both,query,5.3315
both,query,7.8827
both,query,26.6645
both,query,4.0485
both,query,5.2736
both,query,1.7889
both,query,1.6207
both,query,2.2443
both,query,4.4318
both,query,5.3495
both,query,4.6293
both,query,2.9825
both,query,8.3627
both,query,3.4254
both,query,2.8052
both,query,5.8289
both,query,4.8611
both,query,1.7459
both,query,3.1535
both,query,6.0270
both,query,4.6142
both,query,2.6909
both,query,3.4930
both,query,7.5349
both,query,3.2827
both,query,4.8507
both,query,4.0737
both,query,3.3823
both,query,1.4786
both,query,3.6043
both,query,4.6569
both,query,2.4818
both,query,3.4026
both,query,3.6755
both,query,3.4311
both,query,3.7760
both,query,2.1645
both,query,2.2529
both,query,2.0332
both,query,2.2733
both,query,6.0384
both,query,3.3328
both,query,1.6655
both,query,4.0051
both,query,3.1794
both,query,5.4494
both,query,4.9876
both,query,5.4296
both,query,2.5775
both,query,4.7643
both,query,4.9975
both,query,4.2496
both,query,3.7036
both,query,5.4425
both,query,6.5623
both,query,6.1708
both,query,4.4588
both,query,2.2172
both,query,2.9160
both,query,4.9469
both,query,5.6345
both,query,6.0772
both,query,2.8934
both,query,4.8088
both,query,2.9900
both,query,8.5260
both,query,6.6715
both,query,5.2645
both,query,3.4654
both,query,3.9336
both,query,4.4231
both,query,5.3300
both,query,3.0072
both,query,2.5237
both,query,6.8866
both,query,3.9280
both,query,5.8535
both,query,2.6966
both,query,3.5522
both,query,3.8521
both,query,5.2339
both,query,4.1783
both,query,4.6261
both,query,23.0914
both,query,4.1613
both,query,3.7079
both,query,8.2303
both,query,3.1867
both,query,3.4927
both,query,3.5968
both,query,5.6921
both,query,6.7079
both,query,3.4303
both,query,4.4506
both,query,4.6935
both,query,7.7825
both,query,10.7162
both,query,4.6611
both,query,1.5251
both,query,3.8440
both,query,5.8881
both,query,5.7246
both,query,3.2717
both,query,1.3352
both,query,3.4172
both,query,4.5216
both,query,5.4252
both,query,12.1887
both,query,5.9606
both,query,4.3594
both,query,4.7000
both,query,6.2834
both,query,2.3992
both,query,2.3594
both,query,7.6760
both,query,9.9280
both,query,6.8302
both,query,5.4152
both,query,6.2820
both,query,4.7082
both,query,6.0007
both,query,6.0151
both,query,6.7688
both,query,3.4588
both,query,4.0812
both,query,5.2363
both,query,3.1639
both,query,3.9319
both,query,7.7214
both,query,2.5725
both,query,2.3840
both,query,2.5177
both,query,3.0700
both,query,1.3320
both,query,2.6463
both,query,6.4726
both,query,3.0017
both,query,2.0083
both,query,4.1879
both,query,5.6767
both,query,1.9629
both,query,1.7900
both,query,1.4134
both,query,3.6388
both,query,4.6912
both,query,5.1281
both,query,3.9585
both,query,2.5811
both,query,7.6479
both,query,9.9424
both,query,6.0754
both,query,6.5409
both,query,3.3151
both,query,4.8512
both,query,8.6940
both,query,3.0506
both,query,2.6137
both,query,5.1664
both,query,6.9752
both,query,6.1850
both,query,2.2693
both,query,22.8578
both,query,4.6429
both,query,4.5958
both,query,8.9544
both,query,3.4339
both,query,5.8411
both,query,4.0001
both,query,4.4086
both,query,14.1608
both,query,6.3548
both,query,9.0608
both,query,2.3365
both,query,2.0609
both,query,4.0961
both,query,3.6272
both,query,2.0404
both,query,8.0788
both,query,8.0751
both,query,5.0943
both,query,9.3869
both,query,1.9034
both,query,4.0474
both,query,2.9524
both,query,1.7819
both,query,8.0507
both,query,4.3626
both,query,3.2020
both,query,4.7862
both,query,16.7279
both,query,5.2835
both,query,2.8530
both,query,4.8342
both,query,1.6851
both,query,4.1541
both,query,5.1776
both,query,3.9737
both,query,1.8519
both,query,6.5346
both,query,5.6502
both,query,4.2926
both,query,3.3386
both,query,6.2323
both,query,8.7339
both,query,3.6981
both,query,4.6963
both,query,4.1484
both,query,8.2297
both,query,9.9545
both,query,1.9298
both,query,7.1293
both,query,6.6697
both,query,2.0599
both,query,6.1682
both,query,4.1471
both,query,3.9507
both,query,3.5474
both,query,4.9184
both,query,4.9255
both,query,1.9296
both,query,5.1586
both,query,5.8582
both,query,4.1490
both,query,11.1709
both,query,3.5277
both,query,8.7393
both,query,4.4840
both,query,3.2560
both,query,6.0551
both,query,7.7203
both,query,3.4193
both,query,3.1646
both,query,2.9232
both,query,2.9842
both,query,2.1285
both,query,3.9720
both,query,2.7771
both,query,2.6987
both,query,6.0385
both,query,5.9150
both,query,3.9129
both,query,2.5571
both,query,4.7269
both,query,6.5585
both,query,5.9547
both,query,2.0158
both,query,6.2126
both,query,7.6674
both,query,2.9704
both,query,5.6592
both,query,6.3782
both,query,4.6942
both,query,1.6007
both,query,8.7119
both,query,6.9909
both,query,7.3576
both,query,5.3359
both,query,3.6293
both,query,3.4470
both,query,7.9778
both,query,2.9189
both,query,4.9089
both,query,11.2461
both,query,4.2258
both,query,3.5779
both,query,4.0129
both,query,5.3188
both,query,6.7505
both,query,6.1218
both,query,2.0267
both,query,17.1780
both,query,3.2756
both,query,2.3402
both,query,2.3514
both,query,7.2603
both,query,5.3545
both,query,3.1768
both,query,3.2041
both,query,2.8117
both,query,2.5513
both,query,8.8374
both,query,5.4963
both,query,4.6680
both,query,1.8752
both,query,2.9391
both,query,4.8030
both,query,4.6157
both,query,2.9694
both,query,3.7431
both,query,1.8415
both,query,3.8738
both,query,1.2948
both,query,4.6235
both,query,6.2524
both,query,6.5196
both,query,3.6426
both,query,5.0196
both,query,4.5091
both,query,4.2349
both,query,3.1483
both,query,5.0338
both,query,5.2485
both,query,3.4548
both,query,2.9891
both,query,18.5889
both,query,2.0280
both,query,2.6031
both,query,4.1712
both,query,6.1465
both,query,8.2331
both,query,4.6845
both,query,4.2940
both,query,6.8130
both,query,6.8290
both,query,2.4916
both,query,3.5448
both,query,2.4637
both,query,15.7136
both,query,6.7616
both,query,9.7179
both,query,7.9895
both,query,4.2817
both,query,6.0841
both,query,4.0762
both,query,4.3493
both,query,4.8033
both,query,4.2871
both,query,4.1192
both,query,3.6219
both,query,1.5102
both,query,4.5056
both,query,3.9491
both,query,7.2057
both,query,3.0965
both,query,2.1526
both,transaction,10.6858
both,transaction,30.5803
both,transaction,50.3174
both,transaction,14.8601
both,transaction,101.6217
both,transaction,38.6745
both,transaction,32.5067
both,transaction,37.8712
both,transaction,44.5600
both,transaction,35.1694
both,transaction,31.8220
both,transaction,37.5292
both,transaction,53.7279
both,transaction,38.8390
both,transaction,64.3825
both,transaction,56.6292
both,transaction,49.4168
both,transaction,54.8423
both,transaction,33.4891
both,transaction,31.9429
both,transaction,32.0700
both,transaction,33.1706
both,transaction,32.7343
both,transaction,31.7048
both,transaction,48.3604
both,transaction,56.6427
both,transaction,75.5363
both,transaction,35.9653
both,transaction,38.9511
both,transaction,34.1068
both,transaction,49.2811
both,transaction,27.8822
both,transaction,39.8634
both,transaction,59.5873
both,transaction,37.6760
both,transaction,37.8468
both,transaction,40.7467
both,transaction,38.8827
both,transaction,32.1650
both,transaction,28.3561
both,transaction,35.9905
both,transaction,36.9564
both,transaction,46.7613
both,transaction,35.0486
both,transaction,26.7462
both,transaction,27.7613
both,transaction,24.4679
both,transaction,43.5187
both,transaction,31.5677
both,transaction,34.8113
both,transaction,31.9142
both,transaction,35.9148
both,transaction,30.2688
both,transaction,35.4767
both,transaction,29.8081
both,transaction,19.4391
both,transaction,35.1041
both,transaction,39.9458
both,transaction,43.1835
both,transaction,56.3411
both,transaction,43.2428
both,transaction,40.6732
both,transaction,39.6102
both,transaction,48.0229
both,transaction,32.3519
both,transaction,60.7189
both,transaction,57.0990
both,transaction,65.2319
both,transaction,38.1932
both,transaction,34.7025
both,transaction,9.0610
both,transaction,16.6450
both,transaction,28.1642
both,transaction,31.1308
both,transaction,24.4606
both,transaction,37.8978
both,transaction,34.3622
both,transaction,43.0155
both,transaction,30.5242
both,transaction,64.5874
both,transaction,38.9077
both,transaction,27.7404
both,transaction,33.4332
both,transaction,28.7609
both,transaction,29.4209
both,transaction,36.9223
both,transaction,37.5078
both,transaction,31.6081
both,transaction,38.0868
both,transaction,34.3045
both,transaction,24.3829
both,transaction,24.1003
both,transaction,15.4072
both,transaction,28.2807
both,transaction,40.8761
both,transaction,17.5808
both,transaction,17.6350
both,transaction,12.4612
both,transaction,9.3282
both,transaction,9.5415
both,transaction,62.6770
both,transaction,29.5844
both,transaction,85.5084
both,transaction,34.2346
both,transaction,33.4152
both,transaction,30.2230
both,transaction,34.3300
both,transaction,42.0286
both,transaction,42.3068
both,transaction,33.5173
both,transaction,28.0116
both,transaction,25.1560
both,transaction,55.3029
both,transaction,43.6791
both,transaction,33.6654
both,transaction,50.6137
both,transaction,47.5892
both,transaction,26.6499
both,transaction,25.1919
both,transaction,33.0535
both,transaction,44.0812
both,transaction,43.5736
both,transaction,52.5901
both,transaction,37.7441
both,transaction,51.4015
both,transaction,43.7262
both,transaction,40.4620
both,transaction,44.3842
both,transaction,42.6283
both,transaction,37.7278
both,transaction,45.3976
both,transaction,33.6805
both,transaction,31.4238
both,transaction,26.2388
both,transaction,38.4207
both,transaction,50.6430
both,transaction,35.7468
both,transaction,24.0829
both,transaction,30.6087
both,transaction,36.0853
both,transaction,12.0609
both,transaction,33.4739
both,transaction,33.1259
both,transaction,40.6838
both,transaction,39.8795
both,transaction,40.9340
both,transaction,23.3588
both,transaction,22.3496
both,transaction,35.4407
both,transaction,45.2932
both,transaction,28.1089
both,transaction,57.3220
both,transaction,38.9670
both,transaction,42.6008
both,transaction,36.2288
both,transaction,33.8684
both,transaction,39.8082
both,transaction,27.2890
both,transaction,37.2989
both,transaction,57.3843
both,transaction,39.8227
both,transaction,34.5576
both,transaction,43.7545
both,transaction,49.1405
both,transaction,51.3274
both,transaction,54.3577
both,transaction,22.6878
both,transaction,36.2833
both,transaction,71.5451
both,transaction,41.2269
both,transaction,41.8267
both,transaction,19.4873
both,transaction,31.5799
both,transaction,33.7767
both,transaction,30.6226
both,transaction,33.4346
both,transaction,25.1603
both,transaction,53.5752
both,transaction,48.1536
both,transaction,50.0432
both,transaction,46.1636
both,transaction,45.4067
both,transaction,32.4979
both,transaction,29.5971
both,transaction,37.2585
both,transaction,30.4226
both,transaction,35.1150
both,transaction,42.9561
both,transaction,31.9545
both,transaction,25.2550
both,transaction,19.9723
both,transaction,27.9602
both,transaction,21.7906
both,transaction,18.9711
both,transaction,23.7445
both,transaction,15.9034
both,transaction,22.3610
both,transaction,12.9580
both,transaction,13.0695
both,transaction,8.0123
both,transaction,81.5969
both,transaction,48.1575
both,transaction,51.4892
both,transaction,32.0953
both,transaction,28.4709
both,transaction,31.1579
both,transaction,24.4255
both,transaction,29.4741
both,transaction,40.6807
both,transaction,35.4150
both,transaction,32.6435
both,transaction,28.6766
both,transaction,22.0977
both,transaction,41.3673
both,transaction,38.7014
both,transaction,35.4030
both,transaction,22.0678
both,transaction,27.2088
both,transaction,37.7890
both,transaction,25.1007
both,transaction,16.3586
both,transaction,20.2106
both,transaction,7.7835
both,transaction,18.3050
both,transaction,46.4594
both,transaction,31.6950
both,transaction,31.4711
both,transaction,33.4249
both,transaction,29.1100
both,transaction,25.8210
both,transaction,23.2634
both,transaction,49.1123
both,transaction,43.0715
both,transaction,26.1638
both,transaction,28.1999
both,transaction,35.5246
both,transaction,32.8433
both,transaction,31.4504
both,transaction,39.4833
both,transaction,50.9515
both,transaction,34.1197
both,transaction,39.3106
both,transaction,40.9824
both,transaction,51.1654
both,transaction,29.5727
both,transaction,45.1500
both,transaction,40.8010
both,transaction,33.5205
both,transaction,30.1791
both,transaction,21.6242
both,transaction,34.3513
both,transaction,28.1255
both,transaction,27.1132
both,transaction,30.4766
both,transaction,42.9063
both,transaction,24.1030
both,transaction,21.1436
both,transaction,52.0837
both,transaction,36.9101
both,transaction,35.9606
both,transaction,43.2095
both,transaction,36.9147
both,transaction,22.7945
both,transaction,37.9449
both,transaction,40.1332
both,transaction,57.8261
both,transaction,32.9385
both,transaction,44.9188
both,transaction,38.3797
both,transaction,41.4937
both,transaction,48.5863
both,transaction,26.9572
both,transaction,11.7630
both,transaction,12.2724
both,transaction,20.3402
both,transaction,29.1561
both,transaction,33.0824
both,transaction,46.7731
both,transaction,66.2560
both,transaction,37.7700
both,transaction,39.8721
both,transaction,43.8572
both,transaction,31.6769
both,transaction,24.7978
both,transaction,22.6221
both,transaction,30.4687
both,transaction,60.8208
both,transaction,41.5117
both,transaction,38.5120
both,transaction,37.0563
both,transaction,47.8754
both,transaction,48.9706
both,transaction,38.3117
both,transaction,31.1694
both,transaction,33.3435
both,transaction,29.0294
both,transaction,32.5506
both,transaction,37.5767
both,transaction,24.9029
both,transaction,26.1984
both,transaction,65.6835
both,transaction,39.2561
both,transaction,76.8063
both,transaction,35.0118
both,transaction,30.2393
both,transaction,20.6420
both,transaction,23.1306
both,transaction,16.9112
both,transaction,32.0048
both,transaction,41.4998
both,transaction,37.4879
both,transaction,38.4607
both,transaction,28.2062
both,transaction,45.4212
both,transaction,45.4572
both,transaction,35.6075
both,transaction,33.3056
both,transaction,48.3526
both,transaction,60.4557
both,transaction,39.7651
both,transaction,26.6427
both,transaction,34.0018
both,transaction,30.3606
both,transaction,37.2274
both,transaction,39.3916
both,transaction,38.3213
both,transaction,52.2851
both,transaction,31.8914
both,transaction,27.2823
both,transaction,62.7102
both,transaction,41.4789
both,transaction,37.4912
both,transaction,64.2993
both,transaction,40.2544
both,transaction,36.8228
both,transaction,19.0637
both,transaction,35.3758
both,transaction,36.3797
both,transaction,22.7930
both,transaction,26.7787
both,transaction,30.8773
both,transaction,37.4738
both,transaction,26.3382
both,transaction,30.8999
both,transaction,30.7941
both,transaction,18.1953
both,transaction,48.9306
both,transaction,39.2511
both,transaction,27.1657
both,transaction,38.4552
both,transaction,39.7085
both,transaction,54.9703
both,transaction,10.4606
both,transaction,37.5672
both,transaction,30.5815
both,transaction,40.6584
both,transaction,37.6478
both,transaction,31.8463
both,transaction,41.1303
both,transaction,39.8990
both,transaction,44.8131
both,transaction,32.1383
both,transaction,42.1807
both,transaction,44.0257
both,transaction,48.5234
both,transaction,39.9994
both,transaction,38.0823
both,transaction,39.9570
both,transaction,25.2634
both,transaction,32.3249
both,transaction,45.4935
both,transaction,21.0837
both,transaction,61.1357
both,transaction,35.4658
both,transaction,40.8840
both,transaction,36.0326
both,transaction,23.6461
both,transaction,40.7850
both,transaction,23.7877
both,transaction,38.6708
both,transaction,41.2350
both,transaction,50.8518
both,transaction,48.7853
both,transaction,27.4824
both,transaction,16.0686
both,transaction,25.9416
both,transaction,45.7456
both,transaction,28.4712
both,transaction,31.3865
both,transaction,32.6011
both,transaction,32.3734
both,transaction,32.1656
both,transaction,33.3409
both,transaction,12.4931
both,transaction,30.4343
both,transaction,24.4834
both,transaction,23.6187
both,transaction,18.1683
both,transaction,31.0191
both,transaction,15.3239
both,transaction,81.2135
both,transaction,23.9725
both,transaction,19.3561
both,transaction,19.4264
both,transaction,21.8370
both,transaction,30.5192
both,transaction,31.8287
both,transaction,32.3536
both,transaction,29.9970
both,transaction,29.6208
both,transaction,41.8078
both,transaction,25.7229
both,transaction,37.0404
both,transaction,42.9328
both,transaction,28.9527
both,transaction,53.8626
both,transaction,48.3078
both,transaction,45.2896
both,transaction,48.9593
both,transaction,60.1600
both,transaction,52.3653
both,transaction,29.8621
both,transaction,37.3530
both,transaction,41.4287
both,transaction,22.6623
both,transaction,27.3818
both,transaction,28.6416
both,transaction,21.4351
both,transaction,27.2965
both,transaction,32.0278
both,transaction,44.4261
both,transaction,34.2430
both,transaction,44.7524
both,transaction,35.8375
both,transaction,52.3982
both,transaction,42.1196
both,transaction,27.6733
both,transaction,27.3955
both,transaction,26.2011
both,transaction,26.1675
both,transaction,38.0485
both,transaction,28.3091
both,transaction,27.8064
both,transaction,35.0689
both,transaction,29.5898
both,transaction,35.2985
both,transaction,43.9068
both,transaction,21.2554
both,transaction,35.8091
both,transaction,23.0493
both,transaction,32.0352
both,transaction,32.6120
both,transaction,36.2743
both,transaction,23.8547
both,transaction,31.8071
both,transaction,31.2586
both,transaction,24.5090
both,transaction,9.4720
both,transaction,8.6736
both,transaction,8.9806
both,transaction,8.5336
both,transaction,38.0891
both,transaction,42.3620
both,transaction,42.9183
both,transaction,25.2695
both,transaction,39.6848
both,transaction,41.6802
both,transaction,39.8750
both,transaction,35.1631
both,transaction,39.9705
both,transaction,45.9315
both,transaction,43.7581
both,transaction,36.1941
both,transaction,30.9750
both,transaction,32.9231
both,transaction,34.8470
both,transaction,27.8657
both,transaction,32.0421
both,transaction,41.5076
both,transaction,72.6083
both,transaction,34.1789
both,transaction,44.2804
both,transaction,40.2779
both,transaction,35.2070
both,transaction,54.4913
both,transaction,19.0576
both,transaction,40.4055
both,transaction,36.4794
both,transaction,35.7531
both,transaction,35.9641
both,transaction,39.6008
both,transaction,44.5977
both,transaction,22.2761
both,transaction,31.0454
both,transaction,33.4038
both,transaction,35.2179
both,transaction,27.0175
both,transaction,27.8555
both,transaction,37.2514
both,transaction,34.2367
both,transaction,71.7964
both,transaction,17.5854
both,transaction,27.6235
both,transaction,20.5541
both,transaction,21.4593
both,transaction,27.9291
both,transaction,32.2986
both,transaction,22.8204
both,transaction,21.0344
both,transaction,9.5770
both,transaction,22.2209
both,transaction,27.9103
both,transaction,47.5903
both,transaction,43.2354
both,transaction,30.5831
both,transaction,44.8147
both,transaction,36.8616
both,transaction,38.2448
both,transaction,34.3267
both,transaction,49.4403
both,transaction,33.5297
both,transaction,50.1133
both,transaction,60.1313
both,transaction,37.6912
both,transaction,29.8219
both,transaction,51.8497
both,transaction,41.9426
both,transaction,43.3163
both,transaction,43.9948
both,transaction,45.4570
both,transaction,28.4986
both,transaction,21.7641
both,transaction,35.6339
both,transaction,28.1839
both,transaction,18.9799
both,transaction,42.1909
both,transaction,45.2889
both,transaction,30.3767
both,transaction,33.8768
both,transaction,30.1013
both,transaction,25.4580
both,transaction,38.0120
both,transaction,40.2060
both,transaction,44.0914
both,transaction,30.9883
both,transaction,15.1377
both,transaction,24.7575
both,transaction,32.4253
both,transaction,40.6207
both,transaction,46.5882
both,transaction,29.9904
both,transaction,29.9817
both,transaction,39.4102
both,transaction,11.5982
both,transaction,9.8847
both,transaction,8.6913
both,transaction,17.7328
both,transaction,28.8562
both,transaction,32.7664
both,transaction,40.9663
both,transaction,42.7832
both,transaction,38.3981
both,transaction,16.6186
both,transaction,14.4299
both,transaction,27.2068
both,transaction,29.4193
both,transaction,37.1848
both,transaction,45.3012
both,transaction,32.0522
both,transaction,35.2007
both,transaction,40.4082
both,transaction,30.9674
both,transaction,37.1336
both,transaction,38.9505
both,transaction,32.5606
both,transaction,26.1194
both,transaction,32.0388
both,transaction,39.6119
both,transaction,29.2648
both,transaction,39.9238
both,transaction,70.4044
both,transaction,43.1646
both,transaction,46.4334
both,transaction,42.4139
both,transaction,46.6181
both,transaction,58.3410
both,transaction,31.2206
both,transaction,32.7532
both,transaction,38.4499
both,transaction,31.1943
both,transaction,44.8047
both,transaction,52.5171
both,transaction,41.1169
both,transaction,31.8860
both,transaction,31.0084
both,transaction,32.4342
both,transaction,30.5961
both,transaction,33.2494
both,transaction,20.2869
both,transaction,35.2678
both,transaction,87.3365
both,transaction,37.0282
both,transaction,20.0732
both,transaction,20.6764
both,transaction,32.1899
both,transaction,44.1541
both,transaction,32.3477
both,transaction,32.3627
both,transaction,27.0649
both,transaction,31.1828
both,transaction,38.6974
both,transaction,37.6562
both,transaction,54.4339
both,transaction,41.5940
both,transaction,58.0602
both,transaction,50.2792
both,transaction,50.8780
both,transaction,39.0525
both,transaction,59.3347
both,transaction,33.8314
both,transaction,29.8999
both,transaction,31.2133
both,transaction,33.2078
both,transaction,34.3129
both,transaction,38.6606
both,transaction,32.1022
both,transaction,37.0377
both,transaction,40.9263
both,transaction,32.6237
both,transaction,25.0936
both,transaction,27.0605
both,transaction,39.7065
both,transaction,35.3213
both,transaction,61.0364
both,transaction,49.5516
both,transaction,38.5287
both,transaction,46.2089
both,transaction,65.1259
both,transaction,48.7145
both,transaction,39.1067
both,transaction,30.6059
both,transaction,34.9509
both,transaction,47.6212
both,transaction,29.1563
both,transaction,33.1639
both,transaction,18.5611
both,transaction,30.3540
both,transaction,29.5566
both,transaction,53.9566
both,transaction,36.2042
both,transaction,39.0211
both,transaction,32.9551
both,transaction,37.9232
both,transaction,33.7797
both,transaction,36.6998
both,transaction,36.4213
both,transaction,33.5040
both,transaction,39.1923
both,transaction,32.3138
both,transaction,37.8240
both,transaction,28.9804
both,transaction,50.5438
both,transaction,39.7172
both,transaction,30.3407
both,transaction,29.5128
both,transaction,45.5460
both,transaction,27.6363
both,transaction,32.8075
both,transaction,42.2437
both,transaction,75.1425
both,transaction,35.8097
both,transaction,46.6016
both,transaction,43.7520
both,transaction,34.3397
both,transaction,24.2501
both,transaction,45.2929
both,transaction,49.1257
both,transaction,26.8813
both,transaction,31.7120
both,transaction,46.3542
both,transaction,33.7884
both,transaction,39.0408
both,transaction,39.6457
both,transaction,21.7900
both,transaction,25.2891
both,transaction,31.1714
both,transaction,31.1659
both,transaction,33.1131
both,transaction,28.7411
both,transaction,43.7910
both,transaction,33.1856
both,transaction,20.7868
both,transaction,26.6738
both,transaction,16.5426
both,transaction,19.0343
both,transaction,28.9042
both,transaction,23.5041
both,transaction,21.5563
both,transaction,16.9630
both,transaction,13.4502
both,transaction,91.0982
both,transaction,32.1649
both,transaction,19.2290
both,transaction,22.0458
both,transaction,38.6054
both,transaction,28.1057
both,transaction,35.2685
both,transaction,34.1139
both,transaction,43.3844
both,transaction,37.2997
both,transaction,43.3575
both,transaction,35.7488
both,transaction,29.2803
both,transaction,43.6808
both,transaction,29.1631
both,transaction,31.6520
both,transaction,45.7320
both,transaction,46.7427
both,transaction,59.8162
both,transaction,49.0200
both,transaction,34.5190
both,transaction,40.3032
both,transaction,34.3301
both,transaction,30.9144
both,transaction,34.7277
both,transaction,31.4850
both,transaction,35.1317
both,transaction,29.5552
both,transaction,30.9324
both,transaction,34.2597
both,transaction,37.9734
both,transaction,26.2575
both,transaction,20.6348
both,transaction,34.8664
both,transaction,67.1943
both,transaction,40.7146
both,transaction,29.8551
both,transaction,28.4665
both,transaction,49.9679
both,transaction,34.0530
both,transaction,36.1078
both,transaction,42.5934
both,transaction,41.2231
both,transaction,38.2317
both,transaction,34.1591
both,transaction,48.1331
both,transaction,29.1226
both,transaction,40.3094
both,transaction,45.4226
both,transaction,31.7705
both,transaction,27.3324
both,transaction,24.3821
both,transaction,42.3496
both,transaction,37.9093
both,transaction,43.8772
both,transaction,37.6301
both,transaction,33.2797
both,transaction,36.6691
both,transaction,37.1009
both,transaction,47.7286
both,transaction,38.7091
both,transaction,41.9431
both,transaction,36.3356
both,transaction,44.1284
both,transaction,49.2668
both,transaction,33.5235
both,transaction,32.9940
both,transaction,31.7383
both,transaction,35.3932
both,transaction,81.6445
both,transaction,49.5190
both,transaction,29.8422
both,transaction,45.5946
both,transaction,34.5011
both,transaction,32.4898
both,transaction,31.4901
both,transaction,33.3053
both,transaction,26.4017
both,transaction,46.0765
both,transaction,44.9492
both,transaction,46.9922
both,transaction,30.1057
both,transaction,43.0470
both,transaction,44.4797
both,transaction,34.4137
both,transaction,33.5639
both,transaction,31.5512
both,transaction,27.8404
both,transaction,24.5938
both,transaction,28.8033
both,transaction,45.3058
both,transaction,34.6776
both,transaction,32.5089
both,transaction,23.7672
both,transaction,25.2444
both,transaction,19.9144
both,transaction,23.3039
both,transaction,16.8092
both,transaction,20.9073
both,transaction,13.3754
both,transaction,114.0379
both,transaction,25.3685
both,transaction,16.1637
both,transaction,34.6056
both,transaction,35.4629
both,transaction,30.3949
both,transaction,37.0926
both,transaction,26.1662
both,transaction,24.2305
both,transaction,34.5880
both,transaction,32.1141
both,transaction,30.6494
both,transaction,20.9225
both,transaction,37.8270
both,transaction,60.8215
both,transaction,55.1691
both,transaction,43.0408
both,transaction,39.1923
both,transaction,41.2022
both,transaction,46.0240
both,transaction,43.4946
both,transaction,34.1464
both,transaction,33.4414
both,transaction,36.0993
both,transaction,29.6796
both,transaction,40.7599
both,transaction,33.5166
both,transaction,33.6023
both,transaction,46.3874
both,transaction,54.2091
both,transaction,42.3521
both,transaction,32.1441
both,transaction,49.0949
both,transaction,58.0326
both,transaction,27.1793
both,transaction,27.3639
both,transaction,33.4510
both,transaction,32.7668
both,transaction,41.0710
both,transaction,27.0195
both,transaction,42.2315
both,transaction,41.8483
both,transaction,31.1804
both,transaction,41.0396
both,transaction,23.7013
both,transaction,25.9672
both,transaction,28.1321
both,transaction,25.1520
both,transaction,26.0542
both,transaction,41.4145
both,transaction,27.1498
both,transaction,35.8906
both,transaction,58.8900
both,transaction,42.1832
both,transaction,39.6963
both,transaction,34.9822
both,transaction,34.9020
both,transaction,43.4795
both,transaction,30.5600
both,transaction,37.8850
both,transaction,41.6239
both,transaction,35.7765
both,transaction,52.9868
both,transaction,38.9153
both,transaction,44.6096
both,transaction,45.4139
both,transaction,33.3799
both,transaction,30.2254
both,transaction,25.0839
both,transaction,46.9957
both,transaction,42.5675
both,transaction,56.7387
both,transaction,43.3290
both,transaction,48.9866
both,transaction,32.4605
both,transaction,24.2227
both,transaction,32.5458
both,transaction,31.0977
both,transaction,46.3111
both,transaction,45.9096
both,transaction,45.5634
both,transaction,37.9485
both,transaction,41.3815
both,transaction,28.7870
both,transaction,42.8132
both,transaction,29.7379
both,transaction,35.5913
both,transaction,34.7149
both,transaction,23.8107
both,transaction,27.2144
both,transaction,43.0453
both,transaction,29.8466
both,transaction,24.9318
both,transaction,28.9298
both,transaction,25.5547
both,transaction,28.2056
both,transaction,22.0054
both,transaction,19.4549
both,transaction,12.9335
both,transaction,17.0244
both,transaction,113.5806
both,transaction,61.0136
both,transaction,35.7531
both,transaction,23.8618
both,transaction,26.5651
both,transaction,35.2387
both,transaction,35.7591
both,transaction,34.6961
both,transaction,38.6714
both,transaction,31.7410
both,transaction,27.0076
both,transaction,30.1245
both,transaction,40.8210
both,transaction,46.2667
both,transaction,55.0082
both,transaction,51.1905
both,transaction,28.9685
both,transaction,41.0424
both,transaction,21.8815
both,transaction,39.1769
both,transaction,33.8103
both,transaction,34.8555
both,transaction,52.1018
both,transaction,45.9459
both,transaction,29.0954
both,transaction,30.3730
both,transaction,25.1181
both,transaction,30.8917
both,transaction,30.6021
both,transaction,49.9586
both,transaction,38.2223
both,transaction,34.0335
both,transaction,69.9160
both,transaction,25.1749
both,transaction,40.0685
both,transaction,33.8501
both,transaction,58.7065
both,transaction,38.0993
both,transaction,26.9812
both,transaction,29.4001
both,transaction,37.1697
both,transaction,29.1707
both,transaction,35.0586
both,transaction,36.9881
both,transaction,20.5285
both,transaction,29.4109
both,transaction,31.2348
both,transaction,26.1893
both,transaction,33.8276
both,transaction,27.5187
both,transaction,30.1255
both,transaction,35.8079
both,transaction,28.8516
both,transaction,37.0277
both,transaction,39.0755
both,transaction,30.3430
both,transaction,43.6630
both,transaction,46.4257
both,transaction,39.3338
both,transaction,45.1867
both,transaction,28.4406
both,transaction,35.4540
both,transaction,39.5416
both,transaction,25.9145
both,transaction,41.7745
both,transaction,36.1861
both,transaction,31.1273
both,transaction,30.8172
both,transaction,29.9991
both,transaction,16.6233
both,transaction,9.2189
both,transaction,26.2730
both,transaction,44.8996
both,transaction,57.7581
both,transaction,52.0885
both,transaction,42.4080
both,transaction,40.4159
both,transaction,34.5766
both,transaction,28.5419
both,transaction,28.8612
both,transaction,25.8638
both,transaction,31.4400
both,transaction,28.9010
both,transaction,54.8219
both,transaction,60.8058
both,transaction,47.5574
both,transaction,50.6015
both,transaction,36.4762
both,transaction,39.0366
both,transaction,32.3112
both,transaction,33.2827
both,transaction,33.9210
both,transaction,33.5286
both,transaction,33.3588
both,transaction,27.1860
both,transaction,38.9567
both,transaction,17.3331
both,transaction,20.7672
both,transaction,19.2805
both,transaction,22.2865
both,transaction,109.3526
both,transaction,78.2533
both,transaction,31.0487
both,transaction,29.8981
both,transaction,33.6093
both,transaction,36.8898
both,transaction,39.5630
both,transaction,29.6769
both,transaction,31.5012
both,transaction,29.1850
both,transaction,42.0878
both,transaction,40.1481
both,transaction,34.2222
both,transaction,50.4631
both,transaction,56.6763
both,transaction,48.7255
both,transaction,35.9986
both,transaction,43.5696
both,transaction,30.1802
both,transaction,46.9111
both,transaction,36.2527
both,transaction,33.6131
both,transaction,34.9820
both,transaction,26.3663
both,transaction,39.2727
both,transaction,29.8418
both,transaction,28.0160
both,transaction,42.7283
both,transaction,43.7902
both,transaction,39.4584
both,transaction,40.5827
both,transaction,31.2772
both,transaction,41.5094
both,transaction,41.9992
both,transaction,27.2772
both,transaction,33.6387
both,transaction,33.4215
both,transaction,40.0333
both,transaction,33.6218
both,transaction,35.4469
both,transaction,24.9059
both,transaction,24.9355
both,transaction,24.8474
both,transaction,38.1117
both,transaction,41.9120
both,transaction,34.2728
both,transaction,27.9183
both,transaction,28.5496
both,transaction,38.0814
both,transaction,34.4589
both,transaction,28.6477
both,transaction,33.3466
both,transaction,35.5233
both,transaction,40.2013
both,transaction,34.9913
both,transaction,30.6673
both,transaction,46.7511
both,transaction,42.9215
both,transaction,46.7209
both,transaction,30.0749
both,transaction,38.6269
both,transaction,35.2793
both,transaction,42.9257
both,transaction,33.4790
both,transaction,34.4795
both,transaction,22.5446
both,transaction,41.7075
both,transaction,58.7750
both,transaction,52.6874
both,transaction,77.7343
both,transaction,35.9713
both,transaction,20.6637
both,transaction,25.3977
both,transaction,30.7791
both,transaction,30.0364
both,transaction,32.3032
both,transaction,25.7139
both,transaction,21.7053
both,transaction,21.7295
both,transaction,34.3620
both,transaction,34.7633
both,transaction,42.2816
both,transaction,24.8722
both,transaction,34.9255
both,transaction,29.6650
both,transaction,29.8162
both,transaction,40.5607
both,transaction,29.6035
both,transaction,32.0007
both,transaction,32.3869
both,transaction,29.9413
both,transaction,29.7107
both,transaction,40.1076
both,transaction,33.4944
both,transaction,20.3040
both,transaction,22.4904
both,transaction,27.5426
both,transaction,33.2142
both,transaction,23.1561
both,transaction,24.8402
both,transaction,77.7852
both,transaction,92.1417
both,transaction,25.2999
both,transaction,37.9247
both,transaction,26.1907
both,transaction,36.9124
both,transaction,40.5950
both,transaction,41.9102
both,transaction,43.8824
both,transaction,29.5679
both,transaction,28.7848
both,transaction,43.3782
both,transaction,36.7778
both,transaction,44.6463
both,transaction,40.8377
both,transaction,46.6089
both,transaction,38.7356
both,transaction,30.9779
both,transaction,43.7529
both,transaction,28.4087
both,transaction,44.2346
both,transaction,39.9839
both,transaction,31.1708
both,transaction,33.8619
both,transaction,29.6051
both,transaction,41.4892
both,transaction,32.8550
both,transaction,28.8651
both,transaction,19.9060
both,transaction,15.8453
both,transaction,40.0794
both,transaction,28.0975
both,transaction,20.6400
both,transaction,35.8231
both,transaction,29.7110
both,transaction,45.0006
both,transaction,29.4660
both,transaction,51.4790
both,transaction,37.2745
both,transaction,50.3722
both,transaction,33.8978
both,transaction,39.3789
both,transaction,39.9580
both,transaction,30.0121
both,transaction,37.7833
both,transaction,46.1016
both,transaction,37.3028
both,transaction,22.0985
both,transaction,19.4395
both,transaction,56.6040
both,transaction,36.6895
both,transaction,37.7497
both,transaction,31.9397
both,transaction,36.9249
both,transaction,44.8843
both,transaction,41.5126
both,transaction,28.9758
both,transaction,45.3167
both,transaction,46.3959
both,transaction,40.0519
both,transaction,39.0852
both,transaction,36.4614
both,transaction,45.0638
both,transaction,40.9012
both,transaction,39.1467
both,transaction,30.3635
both,transaction,37.6085
both,transaction,35.5276
both,transaction,16.2651
both,transaction,12.0727
both,transaction,38.7198
both,transaction,79.3885
both,transaction,45.2278
both,transaction,40.8998
both,transaction,40.8198
both,transaction,37.5313
both,transaction,43.4641
both,transaction,25.0666
both,transaction,38.1159
both,transaction,40.4317
both,transaction,31.9769
both,transaction,66.4415
both,transaction,30.9894
both,transaction,18.3300
both,transaction,28.1034
both,transaction,24.3063
both,transaction,33.9223
both,transaction,33.8987
both,transaction,31.9375
both,transaction,32.5463
both,transaction,40.7830
both,transaction,38.3301
both,transaction,37.1433
both,transaction,31.1454
both,transaction,30.4658
both,transaction,34.6664
both,transaction,31.5973
both,transaction,25.4668
both,transaction,11.8520
both,transaction,14.3035
both,transaction,118.4509
both,transaction,22.4268
both,transaction,17.8507
both,transaction,20.1482
both,transaction,35.5935
both,transaction,30.6406
both,transaction,32.5854
both,transaction,38.5858
both,transaction,33.8732
both,transaction,32.5720
both,transaction,35.2423
both,transaction,35.5072
both,transaction,23.3611
both,transaction,41.5436
both,transaction,33.4045
both,transaction,48.3111
both,transaction,58.4929
both,transaction,38.5708
both,transaction,56.5917
both,transaction,46.7855
both,transaction,32.2014
both,transaction,31.2066
both,transaction,46.3577
both,transaction,37.2436
both,transaction,34.6907
both,transaction,30.8960
both,transaction,33.3197
both,transaction,33.6117
both,transaction,40.4504
both,transaction,43.4794
both,transaction,40.0064
both,transaction,36.1101
both,transaction,32.2639
both,transaction,45.8819
both,transaction,22.3644
both,transaction,25.4835
both,transaction,18.1450
both,transaction,30.0828
both,transaction,40.8594
both,transaction,22.7447
both,transaction,19.9607
both,transaction,54.2665
both,transaction,37.7894
both,transaction,16.0191
both,transaction,25.3500
both,transaction,18.0111
both,transaction,20.3778
both,transaction,30.3558
both,transaction,21.4432
both,transaction,26.6493
both,transaction,31.9356
both,transaction,42.9117
both,transaction,35.7622
both,transaction,30.6203
both,transaction,44.9614
both,transaction,32.3400
both,transaction,34.7300
both,transaction,33.5342
both,transaction,26.3770
both,transaction,31.9624
both,transaction,32.8037
both,transaction,29.5804
both,transaction,51.8538
both,transaction,45.4030
both,transaction,31.8792
both,transaction,51.3997
both,transaction,46.2535
both,transaction,44.6408
both,transaction,34.3614
both,transaction,31.0708
both,transaction,34.7712
both,transaction,33.8238
both,transaction,34.3794
both,transaction,42.4610
both,transaction,46.5112
both,transaction,45.9969
both,transaction,41.3743
both,transaction,44.3373
both,transaction,38.9531
both,transaction,22.0962
both,transaction,22.0541
both,transaction,30.7658
both,transaction,19.1216
both,transaction,23.2513
both,transaction,51.6280
both,transaction,42.5856
both,transaction,21.4499
both,transaction,21.3359
both,transaction,49.0914
both,transaction,51.0517
both,transaction,33.7264
both,transaction,28.5137
both,transaction,31.0950
both,transaction,32.3612
both,transaction,31.1092
both,transaction,19.1040
both,transaction,20.2742
both,transaction,41.7806
both,transaction,25.4243
both,transaction,31.9115
both,transaction,80.0869
both,transaction,52.6224
both,transaction,51.9991
both,transaction,35.2481
both,transaction,28.8663
both,transaction,35.0007
both,transaction,35.4724
both,transaction,40.1910
both,transaction,31.9291
both,transaction,35.5977
both,transaction,35.2465
both,transaction,37.1627
both,transaction,62.4383
both,transaction,46.1250
both,transaction,37.4577
both,transaction,53.0918
both,transaction,48.1184
both,transaction,39.1028
both,transaction,28.7934
both,transaction,37.8537
both,transaction,30.9457
both,transaction,28.6191
both,transaction,33.8199
both,transaction,47.3431
both,transaction,30.4447
both,transaction,17.0160
both,transaction,16.7466
both,transaction,29.8140
both,transaction,28.3978
both,transaction,30.6853
both,transaction,47.6931
both,transaction,36.3819
both,transaction,50.7031
both,transaction,30.5521
both,transaction,32.0520
both,transaction,21.8052
both,transaction,27.5651
both,transaction,30.3278
both,transaction,37.6785
both,transaction,19.5984
both,transaction,38.4543
both,transaction,25.3876
both,transaction,40.5855
both,transaction,39.5187
both,transaction,42.4297
both,transaction,50.7255
both,transaction,39.7471
both,transaction,46.3372
both,transaction,31.2019
both,transaction,27.2697
both,transaction,29.7709
both,transaction,44.9590
both,transaction,42.9160
both,transaction,35.6658
both,transaction,48.4255
both,transaction,21.7867
both,transaction,30.9143
both,transaction,30.5005
both,transaction,35.4985
both,transaction,35.8260
both,transaction,56.5050
both,transaction,35.2116
both,transaction,47.2028
both,transaction,40.4324
both,transaction,39.7617
both,transaction,45.2871
both,transaction,28.4336
both,transaction,32.1293
both,transaction,35.8981
both,transaction,21.6309
both,transaction,46.4827
both,transaction,38.0709
both,transaction,67.2133
both,transaction,43.8194
both,transaction,37.2227
both,transaction,18.5433
both,transaction,25.6468
both,transaction,27.6195
both,transaction,24.8562
both,transaction,51.1596
both,transaction,37.1806
both,transaction,40.3388
both,transaction,43.1012
both,transaction,61.5428
both,transaction,50.3575
both,transaction,34.9229
both,transaction,25.3633
both,transaction,33.9983
both,transaction,32.3724
both,transaction,36.3489
both,transaction,33.5680
both,transaction,23.2327
both,transaction,32.8516
both,transaction,23.2118
both,transaction,16.8462
both,transaction,20.0359
both,transaction,22.0923
both,transaction,38.5945
both,transaction,20.2939
both,transaction,21.9001
both,transaction,96.2894
both,transaction,17.3882
both,transaction,22.1505
both,transaction,20.4654
both,transaction,31.4615
both,transaction,34.1918
both,transaction,21.4194
both,transaction,34.2090
both,transaction,34.6732
both,transaction,35.3602
both,transaction,23.2671
both,transaction,35.7567
both,transaction,28.2008
both,transaction,24.0426
both,transaction,35.3702
both,transaction,63.1485
both,transaction,55.8936
both,transaction,42.0643
both,transaction,54.6641
both,transaction,63.7913
both,transaction,35.6169
both,transaction,33.5414
both,transaction,39.9322
both,transaction,39.7408
both,transaction,36.0463
both,transaction,37.4063
both,transaction,25.9189
both,transaction,38.1566
both,transaction,33.8356
both,transaction,24.5706
both,transaction,34.8968
both,transaction,43.5658
both,transaction,38.1934
both,transaction,40.1708
both,transaction,38.1118
both,transaction,53.9900
both,transaction,32.6133
both,transaction,22.4029
both,transaction,44.8892
both,transaction,22.8963
both,transaction,58.5965
both,transaction,27.6466
both,transaction,31.3442
both,transaction,34.8474
both,transaction,42.1107
both,transaction,33.9866
both,transaction,29.9791
both,transaction,30.0109
both,transaction,29.6121
both,transaction,34.7278
both,transaction,58.3226
both,transaction,50.2450
both,transaction,36.6541
both,transaction,35.9511
both,transaction,33.9996
both,transaction,27.5504
both,transaction,32.4267
both,transaction,22.6104
both,transaction,38.1712
both,transaction,14.4579
both,transaction,31.4359
both,transaction,47.5587
both,transaction,38.2388
both,transaction,47.1729
both,transaction,45.4524
both,transaction,41.3802
both,transaction,34.3737
both,transaction,24.6220
both,transaction,31.5829
both,transaction,31.3727
both,transaction,58.9734
both,transaction,24.9974
both,transaction,7.2705
both,transaction,47.1188
both,transaction,50.5632
both,transaction,28.8882
both,transaction,35.9417
both,transaction,39.6056
both,transaction,26.3029
both,transaction,37.0305
both,transaction,22.5563
both,transaction,25.5872
both,transaction,27.0853
both,transaction,39.2385
both,transaction,37.2727
both,transaction,29.8445
both,transaction,42.2174
both,transaction,47.6101
both,transaction,48.5950
both,transaction,41.4237
both,transaction,35.3583
both,transaction,33.4474
both,transaction,34.7006
both,transaction,36.0540
both,transaction,29.5996
both,transaction,31.6230
both,transaction,34.8278
both,transaction,22.4549
both,transaction,27.9308
both,transaction,16.5068
both,transaction,99.8559
both,transaction,28.6195
both,transaction,20.6055
both,transaction,20.7942
both,transaction,35.3641
both,transaction,29.5215
both,transaction,33.6564
both,transaction,36.2617
both,transaction,26.1907
both,transaction,37.1549
both,transaction,39.0451
both,transaction,33.2142
both,transaction,64.1753
both,transaction,33.1199
both,transaction,43.9521
both,transaction,57.6345
both,transaction,45.5067
both,transaction,26.9493
both,transaction,48.6787
both,transaction,41.9494
both,transaction,32.3848
both,transaction,26.0446
both,transaction,42.0536
both,transaction,30.6647
both,transaction,24.1751
both,transaction,13.4698
both,transaction,39.4640
both,transaction,40.6532
both,transaction,48.4960
both,transaction,27.7282
both,transaction,24.8152
both,transaction,44.0080
both,transaction,37.8397
both,transaction,19.3235
both,transaction,46.4153
both,transaction,33.9138
both,transaction,25.6502
both,transaction,58.4839
both,transaction,33.7836
both,transaction,35.2210
both,transaction,34.0990
both,transaction,39.4953
both,transaction,41.4402
both,transaction,39.8679
both,transaction,24.9952
both,transaction,34.0913
both,transaction,45.7003
both,transaction,19.5413
both,transaction,10.6182
both,transaction,52.3148
both,transaction,39.5382
both,transaction,39.7669
both,transaction,24.6216
both,transaction,9.7342
both,transaction,9.6729
both,transaction,29.8141
both,transaction,32.7131
both,transaction,22.4996
both,transaction,39.2329
both,transaction,38.8977
both,transaction,36.9015
both,transaction,39.1087
both,transaction,45.0804
both,transaction,28.2599
both,transaction,15.2083
both,transaction,50.3826
both,transaction,45.5041
both,transaction,39.3323
both,transaction,34.8170
both,transaction,44.2316
both,transaction,22.7869
both,transaction,34.8469
both,transaction,24.8674
both,transaction,27.3646
both,transaction,49.4361
both,transaction,18.7471
both,transaction,49.0470
both,transaction,39.3083
both,transaction,34.6664
both,transaction,38.8205
both,transaction,31.7408
both,transaction,33.6904
both,transaction,29.6698
both,transaction,33.7574
both,transaction,40.3923
both,transaction,44.5528
both,transaction,44.5608
both,transaction,19.8512
both,transaction,45.0973
both,transaction,46.1932
both,transaction,41.4333
both,transaction,36.6499
both,transaction,25.0187
both,transaction,29.9555
both,transaction,30.5881
both,transaction,33.1284
both,transaction,31.2150
both,transaction,15.4938
both,transaction,27.0687
both,transaction,25.4905
both,transaction,114.2408
both,transaction,20.6283
both,transaction,17.9104
both,transaction,26.7536
both,transaction,31.8947
both,transaction,36.3970
both,transaction,36.4883
both,transaction,46.5507
both,transaction,45.6379
both,transaction,37.1336
both,transaction,35.1167
both,transaction,34.8635
both,transaction,35.8098
both,transaction,44.4082
both,transaction,30.1764
both,transaction,51.1655
both,transaction,41.7102
both,transaction,54.7834
both,transaction,43.1069
both,transaction,31.6527
both,transaction,42.0299
both,transaction,37.2909
both,transaction,44.8942
both,transaction,35.5639
both,transaction,43.8992
both,transaction,24.8300
both,transaction,44.0613
both,transaction,26.0110
both,transaction,30.9141
both,transaction,55.6716
both,transaction,40.6367
both,transaction,39.1473
both,transaction,36.3131
both,transaction,41.1892
both,transaction,55.8564
both,transaction,26.5961
both,transaction,28.5133
both,transaction,39.1839
both,transaction,29.5052
both,transaction,34.7820
both,transaction,30.4771
both,transaction,34.4889
both,transaction,37.7697
both,transaction,47.0045
both,transaction,33.7743
both,transaction,28.5224
both,transaction,27.7067
both,transaction,29.7511
both,transaction,41.9104
both,transaction,37.0498
both,transaction,28.9462
both,transaction,32.5475
both,transaction,36.0066
both,transaction,36.7636
both,transaction,36.6753
both,transaction,34.9166
both,transaction,23.5154
both,transaction,37.4573
both,transaction,48.5498
both,transaction,37.0067
both,transaction,30.2484
both,transaction,23.6917
both,transaction,43.7235
both,transaction,35.8094
both,transaction,55.1860
both,transaction,28.0521
both,transaction,40.4127
both,transaction,58.2662
both,transaction,27.0008
both,transaction,50.2685
both,transaction,48.8085
both,transaction,7.7101
both,transaction,8.5925
both,transaction,38.4962
both,transaction,41.7926
both,transaction,40.8492
both,transaction,31.8165
both,transaction,29.6904
both,transaction,22.6566
both,transaction,53.0643
both,transaction,43.8254
both,transaction,44.1686
both,transaction,16.2818
both,transaction,27.9208
both,transaction,50.6361
both,transaction,33.5094
both,transaction,34.6904
both,transaction,34.0037
both,transaction,33.2467
both,transaction,32.4912
both,transaction,32.8417
both,transaction,31.5760
both,transaction,46.3438
both,transaction,32.3347
both,transaction,21.7714
both,transaction,21.6149
both,transaction,14.7556
both,transaction,23.5992
both,transaction,32.0713
both,transaction,21.0356
both,transaction,80.2130
both,transaction,20.2207
both,transaction,20.9921
both,transaction,20.9548
both,transaction,26.6494
both,transaction,39.9758
both,transaction,29.3262
both,transaction,16.4199
both,transaction,33.5425
both,transaction,38.3427
both,transaction,47.8011
both,transaction,41.0964
both,transaction,27.9758
both,transaction,22.2014
both,transaction,31.8882
both,transaction,39.0172
both,transaction,40.6025
both,transaction,21.0766
both,transaction,53.3815
both,transaction,46.9748
both,transaction,43.7797
both,transaction,46.4068
both,transaction,23.9638
both,transaction,43.4680
both,transaction,35.5613
both,transaction,39.8726
both,transaction,33.0703
both,transaction,25.1957
both,transaction,28.7802
both,transaction,35.2882
both,transaction,28.9365
both,transaction,29.5897
both,transaction,27.3629
both,transaction,46.0072
both,transaction,29.1231
both,transaction,30.1374
both,transaction,60.1304
both,transaction,27.3564
both,transaction,28.1267
both,transaction,41.0208
both,transaction,26.2959
both,transaction,42.7785
both,transaction,16.3406
both,transaction,33.6488
both,transaction,35.6602
both,transaction,40.7119
both,transaction,32.4214
both,transaction,45.9488
both,transaction,46.3108
both,transaction,27.2436
both,transaction,19.6991
both,transaction,27.4610
both,transaction,32.3490
both,transaction,44.1973
both,transaction,34.3152
both,transaction,55.8879
both,transaction,36.5714
both,transaction,34.2087
both,transaction,38.8291
both,transaction,36.3369
both,transaction,39.8481
both,transaction,46.5866
both,transaction,45.2054
both,transaction,32.3505
both,transaction,29.4090
both,transaction,35.4940
both,transaction,35.6638
both,transaction,38.7410
both,transaction,33.7285
both,transaction,31.4471
both,transaction,29.4554
both,transaction,40.5628
both,transaction,39.8569
both,transaction,41.8255
both,transaction,45.5959
both,transaction,70.2164
both,transaction,40.8619
both,transaction,35.0745
both,transaction,20.5601
both,transaction,32.8025
both,transaction,35.0629
both,transaction,32.7028
both,transaction,41.1810
both,transaction,51.1826
both,transaction,35.3321
both,transaction,35.9319
both,transaction,53.9407
both,transaction,49.3889
both,transaction,43.3744
both,transaction,33.1283
both,transaction,38.8421
both,transaction,34.8720
both,transaction,33.6313
both,transaction,40.0525
both,transaction,34.0975
both,transaction,41.2264
both,transaction,23.9885
both,transaction,33.3229
both,transaction,17.5965
both,transaction,18.7858
both,transaction,111.5655
both,transaction,23.0303
both,transaction,18.4620
both,transaction,22.9203
both,transaction,35.7143
both,transaction,23.2464
both,transaction,27.4455
both,transaction,12.2852
both,transaction,28.1928
both,transaction,40.2008
both,transaction,39.9987
both,transaction,32.6454
both,transaction,27.2249
both,transaction,35.9102
both,transaction,53.0745
both,transaction,46.1393
both,transaction,53.2000
both,transaction,48.0554
both,transaction,30.6152
both,transaction,49.1567
both,transaction,35.7690
both,transaction,34.8563
both,transaction,46.7044
both,transaction,29.3535
both,transaction,34.9660
both,transaction,27.6538
both,transaction,45.6648
both,transaction,33.1966
both,transaction,37.4826
both,transaction,34.0634
both,transaction,24.9391
both,transaction,43.0201
both,transaction,26.9230
both,transaction,30.1741
both,transaction,57.2692
both,transaction,47.1495
both,transaction,25.4863
both,transaction,21.9552
both,transaction,24.0913
both,transaction,30.1983
both,transaction,28.4697
both,transaction,36.1553
both,transaction,34.6821
both,transaction,41.9201
both,transaction,39.0938
both,transaction,36.9798
both,transaction,18.5605
both,transaction,34.5746
both,transaction,14.6412
both,transaction,9.3835
both,transaction,27.9378
both,transaction,20.1121
both,transaction,28.0227
both,transaction,35.1556
both,transaction,55.7623
both,transaction,29.3540
both,transaction,18.5462
both,transaction,31.4972
both,transaction,32.3710
both,transaction,32.7959
both,transaction,33.7617
both,transaction,38.0149
both,transaction,16.5610
both,transaction,33.1796
both,transaction,38.6125
both,transaction,37.4340
both,transaction,34.7022
both,transaction,41.5733
both,transaction,51.1029
both,transaction,40.3788
both,transaction,42.9818
both,transaction,29.6569
both,transaction,27.4447
both,transaction,32.4861
both,transaction,54.5658
both,transaction,64.5430
both,transaction,65.4211
both,transaction,11.8106
both,transaction,22.5408
both,transaction,32.3746
both,transaction,30.9908
both,transaction,36.4284
both,transaction,34.5644
both,transaction,21.0846
both,transaction,16.6051
both,transaction,49.0590
both,transaction,38.1780
both,transaction,33.6618
both,transaction,36.8768
both,transaction,28.5390
both,transaction,45.9290
both,transaction,43.6278
both,transaction,35.2145
both,transaction,35.9193
both,transaction,36.5465
both,transaction,31.1022
both,transaction,31.9094
both,transaction,37.7126
both,transaction,34.8911
both,transaction,24.8908
both,transaction,120.5823
both,transaction,20.7198
both,transaction,15.9680
both,transaction,29.8532
both,transaction,43.5463
both,transaction,35.6545
both,transaction,35.0172
both,transaction,31.6596
both,transaction,46.5900
both,transaction,38.9273
both,transaction,31.1560
both,transaction,26.7178
both,transaction,42.4150
both,transaction,37.6165
both,transaction,48.9437
both,transaction,37.3150
both,transaction,53.8722
both,transaction,21.6803
both,transaction,47.9025
both,transaction,38.7069
both,transaction,30.7382
both,transaction,31.9257
both,transaction,24.3253
both,transaction,42.2944
both,transaction,37.1473
both,transaction,28.0334
both,transaction,28.9149
both,transaction,40.0784
both,transaction,42.1608
both,transaction,26.2181
both,transaction,31.9120
both,transaction,43.8895
both,transaction,36.7539
both,transaction,65.3869
both,transaction,28.2157
both,transaction,44.8263
both,transaction,23.7272
both,transaction,26.8240
both,transaction,23.1148
both,transaction,49.1517
both,transaction,29.6836
both,transaction,21.6470
both,transaction,39.5943
both,transaction,32.1647
both,transaction,33.7187
both,transaction,45.3328
both,transaction,45.3778
both,transaction,26.9804
both,transaction,23.5866
both,transaction,28.8663
both,transaction,27.7455
both,transaction,56.2564
both,transaction,28.1792
both,transaction,37.0351
both,transaction,20.4222
both,transaction,34.7425
both,transaction,11.5162
both,transaction,37.3034
both,transaction,32.1654
both,transaction,35.3900
both,transaction,49.2551
both,transaction,35.8203
both,transaction,33.9425
both,transaction,21.9585
both,transaction,38.2093
both,transaction,44.1610
both,transaction,43.4940
both,transaction,35.1236
both,transaction,25.7807
both,transaction,51.8195
both,transaction,11.5019
both,transaction,23.3079
both,transaction,32.5373
both,transaction,51.6610
both,transaction,57.1004
both,transaction,34.5063
both,transaction,39.0982
both,transaction,44.4127
both,transaction,35.7223
both,transaction,24.9694
both,transaction,25.5039
both,transaction,34.8517
both,transaction,52.1674
both,transaction,36.1367
both,transaction,45.4713
both,transaction,40.4817
both,transaction,44.3121
both,transaction,42.3858
both,transaction,33.8030
both,transaction,30.5085
both,transaction,33.5222
both,transaction,32.6513
both,transaction,32.7553
both,transaction,26.6626
both,transaction,28.0988
both,transaction,38.6338
both,transaction,26.6249
both,transaction,34.2951
both,transaction,25.6549
both,transaction,29.3027
alone,query,9.5229
alone,query,2.1478
alone,query,5.1321
alone,query,2.2411
alone,query,4.7425
alone,query,3.2351
alone,query,4.6626
alone,query,3.4960
alone,query,3.9415
alone,query,2.8106
alone,query,1.7360
alone,query,3.4437
alone,query,6.1599
alone,query,6.4727
alone,query,4.1681
alone,query,2.3429
alone,query,3.2769
alone,query,3.9144
alone,query,4.0077
alone,query,1.3602
alone,query,2.3162
alone,query,3.4607
alone,query,6.8975
alone,query,2.5264
alone,query,6.6655
alone,query,0.9654
alone,query,2.5935
alone,query,2.0309
alone,query,1.2134
alone,query,2.9887
alone,query,3.8039
alone,query,1.5097
alone,query,6.0077
alone,query,3.7399
alone,query,3.0312
alone,query,11.2488
alone,query,0.7344
alone,query,2.2728
alone,query,1.1590
alone,query,2.1980
alone,query,2.4021
alone,query,3.3903
alone,query,0.7299
alone,query,2.5742
alone,query,2.2108
alone,query,5.2627
alone,query,3.7559
alone,query,4.7695
alone,query,2.6435
alone,query,2.2515
alone,query,1.3702
alone,query,4.5050
alone,query,3.2132
alone,query,2.3255
alone,query,8.9181
alone,query,1.9521
alone,query,2.2281
alone,query,1.4688
alone,query,1.7523
alone,query,3.2397
alone,query,2.2773
alone,query,3.1099
alone,query,2.9758
alone,query,3.2210
alone,query,2.3516
alone,query,3.5930
alone,query,2.8347
alone,query,1.8844
alone,query,3.3506
alone,query,1.7713
alone,query,2.6735
alone,query,4.2254
alone,query,2.4468
alone,query,1.8349
alone,query,2.1469
alone,query,1.5399
alone,query,2.3060
alone,query,2.2298
alone,query,1.3616
alone,query,1.2575
alone,query,1.8265
alone,query,1.7566
alone,query,1.8413
alone,query,1.7111
alone,query,2.1220
alone,query,3.2983
alone,query,3.0195
alone,query,2.5086
alone,query,2.8407
alone,query,1.4052
alone,query,1.6990
alone,query,2.2099
alone,query,1.3955
alone,query,2.8999
alone,query,2.2301
alone,query,11.4227
alone,query,2.1718
alone,query,1.7950
alone,query,4.0841
alone,query,0.7324
alone,query,1.9691
alone,query,1.1818
alone,query,2.7258
alone,query,5.6360
alone,query,4.1121
alone,query,2.1018
alone,query,2.7508
alone,query,3.3974
alone,query,1.9909
alone,query,5.5545
alone,query,2.4248
alone,query,4.5554
alone,query,3.3631
alone,query,3.1004
alone,query,3.9480
alone,query,4.3824
alone,query,5.1838
alone,query,2.3855
alone,query,6.5539
alone,query,2.7500
alone,query,2.7489
alone,query,6.3013
alone,query,5.7070
alone,query,0.8455
alone,query,2.4708
alone,query,7.9248
alone,query,1.3417
alone,query,1.3395
alone,query,2.4302
alone,query,3.3260
alone,query,5.1007
alone,query,2.3134
alone,query,1.1849
alone,query,2.0496
alone,query,1.4104
alone,query,2.5482
alone,query,2.7185
alone,query,1.6164
alone,query,1.5680
alone,query,2.3091
alone,query,2.2556
alone,query,2.4407
alone,query,1.6428
alone,query,3.8656
alone,query,2.7429
alone,query,4.0505
alone,query,2.8959
alone,query,1.7403
alone,query,3.1887
alone,query,2.4431
alone,query,4.4859
alone,query,10.6399
alone,query,2.8051
alone,query,2.3624
alone,query,0.6338
alone,query,1.8305
alone,query,2.9171
alone,query,3.0631
alone,query,2.0925
alone,query,3.2912
alone,query,3.0033
alone,query,3.2720
alone,query,2.4785
alone,query,2.8006
alone,query,1.5963
alone,query,2.3470
alone,query,5.4057
alone,query,1.2723
alone,query,1.2315
alone,query,1.3386
alone,query,2.4644
alone,query,1.7674
alone,query,2.0555
alone,query,2.9464
alone,query,3.0986
alone,query,1.9067
alone,query,2.6103
alone,query,4.0188
alone,query,0.7607
alone,query,1.2274
alone,query,2.1051
alone,query,1.6073
alone,query,4.4245
alone,query,2.4646
alone,query,5.5722
alone,query,1.8466
alone,query,1.8026
alone,query,1.2968
alone,query,1.8733
alone,query,1.5913
alone,query,3.2962
alone,query,1.4640
alone,query,2.4686
alone,query,2.3901
alone,query,2.6343
alone,query,1.9309
alone,query,9.1619
alone,query,1.5074
alone,query,1.0492
alone,query,3.6908
alone,query,2.4531
alone,query,3.8912
alone,query,4.4925
alone,query,2.3133
alone,query,3.1845
alone,query,0.6921
alone,query,3.1942
alone,query,8.4302
alone,query,2.4216
alone,query,13.1846
alone,query,11.4597
alone,query,3.2271
alone,query,1.3363
alone,query,7.2401
alone,query,10.7274
alone,query,3.1821
alone,query,1.5748
alone,query,3.5435
alone,query,1.1252
alone,query,2.8938
alone,query,12.8975
alone,query,3.7359
alone,query,2.8005
alone,query,4.2535
alone,query,2.6631
alone,query,0.8632
alone,query,6.6808
alone,query,1.9046
alone,query,2.4098
alone,query,0.8509
alone,query,1.8339
alone,query,2.4343
alone,query,3.2124
alone,query,4.3031
alone,query,1.2600
alone,query,2.2674
alone,query,2.7577
alone,query,3.7375
alone,query,2.3855
alone,query,1.1048
alone,query,2.9090
alone,query,2.5501
alone,query,2.4077
alone,query,2.4575
alone,query,2.5277
alone,query,3.7218
alone,query,1.1452
alone,query,2.7444
alone,query,3.6216
alone,query,4.7422
alone,query,3.9067
alone,query,1.5479
alone,query,3.3481
alone,query,3.9091
alone,query,3.7929
alone,query,3.8751
alone,query,6.5344
alone,query,1.9889
alone,query,2.7691
alone,query,3.5360
alone,query,2.4091
alone,query,1.6024
alone,query,2.2752
alone,query,0.9488
alone,query,1.4424
alone,query,3.0150
alone,query,1.7540
alone,query,2.1175
alone,query,7.7039
alone,query,2.4180
alone,query,4.0650
alone,query,1.0526
alone,query,2.0454
alone,query,3.9249
alone,query,1.4913
alone,query,1.6284
alone,query,1.7572
alone,query,1.5261
alone,query,1.8707
alone,query,1.5026
alone,query,1.3389
alone,query,1.4910
alone,query,2.6787
alone,query,1.6817
alone,query,1.4105
alone,query,1.6861
alone,query,1.1855
alone,query,5.0665
alone,query,0.8334
alone,query,1.6865
alone,query,2.1979
alone,query,2.8781
alone,query,3.3749
alone,query,2.2814
alone,query,2.3762
alone,query,2.7196
alone,query,1.8458
alone,query,2.1580
alone,query,1.6513
alone,query,2.1609
alone,query,2.3848
alone,query,3.4319
alone,query,4.9134
alone,query,4.5092
alone,query,3.8836
alone,query,3.4930
alone,query,3.4775
alone,query,5.1565
alone,query,5.6077
alone,query,3.2960
alone,query,1.8373
alone,query,3.5125
alone,query,2.9497
alone,query,6.6492
alone,query,4.8218
alone,query,2.1116
alone,query,9.8347
alone,query,2.7582
alone,query,2.3753
alone,query,5.5265
alone,query,2.8483
alone,query,2.5853
alone,query,5.5546
alone,query,3.6798
alone,query,3.1801
alone,query,3.2718
alone,query,0.9152
alone,query,6.9568
alone,query,5.0513
alone,query,2.9016
alone,query,4.0087
alone,query,1.6962
alone,query,3.2387
alone,query,6.7169
alone,query,2.3804
alone,query,3.0009
alone,query,2.1193
alone,query,1.6254
alone,query,2.1434
alone,query,2.1660
alone,query,5.3882
alone,query,1.2783
alone,query,6.2511
alone,query,2.8281
alone,query,2.8627
alone,query,1.9810
alone,query,3.3616
alone,query,2.5940
alone,query,3.9683
alone,query,1.6457
alone,query,3.2732
alone,query,2.3012
alone,query,2.1815
alone,query,2.0796
alone,query,1.5460
alone,query,3.4498
alone,query,1.1132
alone,query,1.8569
alone,query,4.1382
alone,query,3.7571
alone,query,2.2195
alone,query,1.8344
alone,query,2.4034
alone,query,2.1380
alone,query,3.6245
alone,query,3.1014
alone,query,1.3041
alone,query,2.8020
alone,query,1.0111
alone,query,1.7797
alone,query,2.2286
alone,query,2.5915
alone,query,2.6132
alone,query,1.8522
alone,query,2.1292
alone,query,1.7393
alone,query,1.9118
alone,query,1.5688
alone,query,1.9261
alone,query,1.4788
alone,query,3.2112
alone,query,2.3794
alone,query,3.4550
alone,query,1.9563
alone,query,1.5545
alone,query,4.1505
alone,query,8.1682
alone,query,2.4313
alone,query,1.3275
alone,query,0.9143
alone,query,2.4508
alone,query,1.3199
alone,query,0.9149
alone,query,12.4524
alone,query,1.5561
alone,query,1.3263
alone,query,3.9550
alone,query,0.7465
alone,query,0.7943
alone,query,0.4893
alone,query,2.4154
alone,query,2.3999
alone,query,6.9376
alone,query,3.6725
alone,query,3.3375
alone,query,3.7779
alone,query,2.2043
alone,query,2.0783
alone,query,4.0695
alone,query,3.8627
alone,query,1.0211
alone,query,1.9631
alone,query,7.4376
alone,query,2.8676
alone,query,5.3687
alone,query,3.1514
alone,query,3.2952
alone,query,2.6438
alone,query,4.2727
alone,query,2.1063
alone,query,5.2667
alone,query,4.3122
alone,query,2.3259
alone,query,2.8695
alone,query,3.3960
alone,query,1.6618
alone,query,3.1130
alone,query,2.5974
alone,query,2.2119
alone,query,3.3154
alone,query,2.8044
alone,query,3.2784
alone,query,1.2136
alone,query,3.5938
alone,query,4.6717
alone,query,3.5245
alone,query,4.5126
alone,query,3.2145
alone,query,2.4070
alone,query,2.6397
alone,query,3.8814
alone,query,2.3189
alone,query,2.9738
alone,query,1.5023
alone,query,2.9192
alone,query,3.3268
alone,query,1.8313
alone,query,2.1531
alone,query,2.2620
alone,query,1.9823
alone,query,1.7720
alone,query,1.9531
alone,query,9.7809
alone,query,2.3691
alone,query,3.3880
alone,query,3.8683
alone,query,1.6724
alone,query,0.8606
alone,query,1.9831
alone,query,2.3705
alone,query,1.6676
alone,query,2.4776
alone,query,7.3979
alone,query,4.5177
alone,query,2.9406
alone,query,3.3062
alone,query,2.2168
alone,query,4.4139
alone,query,2.0868
alone,query,1.8526
alone,query,9.2104
alone,query,1.3475
alone,query,1.3799
alone,query,14.9616
alone,query,1.6052
alone,query,2.2562
alone,query,2.0490
alone,query,1.7659
alone,query,1.4634
alone,query,1.8634
alone,query,3.6644
alone,query,2.5302
alone,query,3.7127
alone,query,2.9326
alone,query,1.7656
alone,query,2.2444
alone,query,2.1068
alone,query,2.8537
alone,query,2.0183
alone,query,1.6850
alone,query,4.1758
alone,query,2.3299
alone,query,0.6396
alone,query,1.9616
alone,query,1.3416
alone,query,2.4367
alone,query,1.7088
alone,query,3.6317
alone,query,1.3966
alone,query,2.8374
alone,query,3.8660
alone,query,2.8221
alone,query,3.9194
alone,query,7.3465
alone,query,3.8168
alone,query,3.6266
alone,query,1.1498
alone,query,2.7009
alone,query,4.8403
alone,query,4.5770
alone,query,3.0325
alone,query,2.1568
alone,query,1.7171
alone,query,1.4764
alone,query,5.0584
alone,query,2.0289
alone,query,4.2208
alone,query,2.3386
alone,query,1.5966
alone,query,1.8365
alone,query,2.3181
alone,query,4.3453
alone,query,6.6020
alone,query,2.1511
alone,query,4.9974
alone,query,2.6665
alone,query,3.6602
alone,query,1.4043
alone,query,2.0660
alone,query,3.4962
alone,query,2.5179
alone,query,1.4074
alone,query,5.5451
alone,query,2.0756
alone,query,6.4240
alone,query,2.1146
alone,query,1.6367
alone,query,1.7806
alone,query,5.6459
alone,query,2.2478
alone,query,1.5259
alone,query,2.8830
alone,query,2.5535
alone,query,1.7202
alone,query,2.3399
alone,query,7.1878
alone,query,3.7079
alone,query,3.5325
alone,query,2.7931
alone,query,2.9967
alone,query,3.5960
alone,query,2.9247
alone,query,3.3392
alone,query,3.0350
alone,query,4.6477
alone,query,1.7378
alone,query,2.2302
alone,query,2.2115
alone,query,2.5503
alone,query,2.9182
alone,query,3.2841
alone,query,1.3773
alone,query,3.1543
alone,query,3.1833
alone,query,1.7178
alone,query,2.1185
alone,query,2.7028
alone,query,3.2760
alone,query,2.1885
alone,query,2.7615
alone,query,2.2816
alone,query,2.8811
alone,query,1.1314
alone,query,1.2664
alone,query,2.7786
alone,query,1.9543
alone,query,1.6771
alone,query,1.3918
alone,query,1.6913
alone,query,3.1168
alone,query,0.8112
alone,query,7.5558
alone,query,4.6307
alone,query,2.7771
alone,query,1.5807
alone,query,2.7678
alone,query,4.8938
alone,query,2.6351
alone,query,5.1293
alone,query,3.1481
alone,query,3.0278
alone,query,4.1442
alone,query,3.2713
alone,query,2.2491
alone,query,2.0393
alone,query,2.2594
alone,query,1.6261
alone,query,3.6334
alone,query,2.1594
alone,query,1.4965
alone,query,2.4452
alone,query,3.2153
alone,query,2.3200
alone,query,3.7517
alone,query,3.4729
alone,query,1.7625
alone,query,4.7370
alone,query,2.2698
alone,query,1.8667
alone,query,2.3473
alone,query,6.9328
alone,query,2.6829
alone,query,3.2716
alone,query,1.8224
alone,query,2.3293
alone,query,1.9092
alone,query,2.9564
alone,query,3.1063
alone,query,5.3858
alone,query,4.7947
alone,query,1.1225
alone,query,2.3914
alone,query,6.1943
alone,query,3.1165
alone,query,6.8139
alone,query,1.8944
alone,query,2.3763
alone,query,2.9772
alone,query,3.1745
alone,query,1.9397
alone,query,2.4332
alone,query,3.0054
alone,query,10.4745
alone,query,2.2912
alone,query,2.4128
alone,query,2.0954
alone,query,0.6265
alone,query,9.1568
alone,query,2.3448
alone,query,1.8993
alone,query,1.7062
alone,query,1.9828
alone,query,2.2452
alone,query,0.9561
alone,query,2.7963
alone,query,2.8902
alone,query,1.3305
alone,query,3.3060
alone,query,7.8064
alone,query,2.9017
alone,query,1.5166
alone,query,2.4357
alone,query,3.6467
alone,query,2.4683
alone,query,1.2995
alone,query,1.7183
alone,query,2.5314
alone,query,2.5354
alone,query,2.8181
alone,query,1.5455
alone,query,3.2497
alone,query,2.5535
alone,query,3.3652
alone,query,1.9676
alone,query,1.8291
alone,query,2.3769
alone,query,0.7825
alone,query,2.4221
alone,query,2.2316
alone,query,1.4111
alone,query,4.2666
alone,query,2.2413
alone,query,0.7645
alone,query,2.3049
alone,query,2.5007
alone,query,2.3261
alone,query,1.9386
alone,query,1.7131
alone,query,1.0245
alone,query,1.6201
alone,query,1.9251
alone,query,2.2549
alone,query,4.2979
alone,query,2.7289
alone,query,3.5639
alone,query,1.4888
alone,query,1.7605
alone,query,1.5597
alone,query,3.9978
alone,query,1.9540
alone,query,1.7453
alone,query,4.3462
alone,query,3.0090
alone,query,2.5393
alone,query,2.9326
alone,query,2.1487
alone,query,3.0210
alone,query,1.7212
alone,query,0.7698
alone,query,0.8768
alone,query,4.3738
alone,query,2.8536
alone,query,1.7432
alone,query,3.0185
alone,query,3.6937
alone,query,3.2072
alone,query,15.1984
alone,query,3.8139
alone,query,3.8428
alone,query,3.0471
alone,query,1.8261
alone,query,4.7262
alone,query,3.7409
alone,query,3.4231
alone,query,2.2061
alone,query,2.9037
alone,query,2.8475
alone,query,3.2963
alone,query,2.4341
alone,query,4.1960
alone,query,2.8185
alone,query,1.1379
alone,query,7.8371
alone,query,3.8062
alone,query,2.9122
alone,query,3.2224
alone,query,2.8091
alone,query,1.9896
alone,query,1.6751
alone,query,5.3177
alone,query,2.8606
alone,query,2.6421
alone,query,2.9366
alone,query,4.4350
alone,query,2.3970
alone,query,4.0262
alone,query,2.1205
alone,query,5.6467
alone,query,3.2749
alone,query,3.2879
alone,query,3.0254
alone,query,1.0416
alone,query,2.1917
alone,query,2.6840
alone,query,3.1976
alone,query,2.0967
alone,query,2.6045
alone,query,3.2426
alone,query,4.6985
alone,query,9.7141
alone,query,9.5608
alone,query,1.6047
alone,query,1.5498
alone,query,7.2720
alone,query,1.1745
alone,query,4.9149
alone,query,3.7250
alone,query,3.0179
alone,query,3.5517
alone,query,2.4627
alone,query,2.4682
alone,query,2.9695
alone,query,3.3114
alone,query,1.8725
alone,query,6.7471
alone,query,1.5924
alone,query,2.3104
alone,query,1.6922
alone,query,2.4906
alone,query,2.8564
alone,query,6.8852
alone,query,2.5576
alone,query,1.9771
alone,query,2.3473
alone,query,2.1982
alone,query,1.8300
alone,query,2.5019
alone,query,1.5899
alone,query,2.9855
alone,query,1.5563
alone,query,1.8240
alone,query,1.7993
alone,query,3.8612
alone,query,2.3223
alone,query,3.4516
alone,query,1.5327
alone,query,1.7220
alone,query,4.7210
alone,query,3.0628
alone,query,3.2278
alone,query,1.3101
alone,query,1.9584
alone,query,3.1033
alone,query,5.2995
alone,query,4.2981
alone,query,0.7633
alone,query,0.5024
alone,query,0.4686
alone,query,0.5069
alone,query,0.6433
alone,query,7.6547
alone,query,1.3667
alone,query,3.4139
alone,query,3.0042
alone,query,4.4497
alone,query,2.7032
alone,query,11.4252
alone,query,5.8931
alone,query,3.5239
alone,query,4.0554
alone,query,2.7945
alone,query,3.6946
alone,query,3.2218
alone,query,3.0938
alone,query,2.5995
alone,query,2.1989
alone,query,4.6120
alone,query,2.8793
alone,query,2.7471
alone,query,3.3712
alone,query,2.6685
alone,query,2.6403
alone,query,3.6491
alone,query,2.5981
alone,query,3.4430
alone,query,1.8771
alone,query,2.9831
alone,query,2.6807
alone,query,3.8964
alone,query,4.0603
alone,query,2.6710
alone,query,3.1747
alone,query,3.1582
alone,query,2.6055
alone,query,1.5058
alone,query,0.9225
alone,query,2.3689
alone,query,6.0138
alone,query,3.6502
alone,query,2.5654
alone,query,2.8829
alone,query,2.3469
alone,query,3.1703
alone,query,2.5724
alone,query,2.9425
alone,query,2.5449
alone,query,1.4529
alone,query,1.0083
alone,query,1.6943
alone,query,2.5361
alone,query,4.7736
alone,query,10.1263
alone,query,7.0040
alone,query,1.3521
alone,query,1.8594
alone,query,1.1681
alone,query,1.5099
alone,query,3.6497
alone,query,4.7448
alone,query,4.3394
alone,query,2.7276
alone,query,1.7297
alone,query,1.9689
alone,query,1.9799
alone,query,2.4419
alone,query,1.4442
alone,query,7.9168
alone,query,1.2879
alone,query,2.9515
alone,query,1.5429
alone,query,1.7696
alone,query,2.3488
alone,query,1.3432
alone,query,1.7931
alone,query,1.6798
alone,query,1.5455
alone,query,1.6904
alone,query,1.9844
alone,query,2.6058
alone,query,2.4932
alone,query,2.2068
alone,query,3.1471
alone,query,2.4477
alone,query,1.8448
alone,query,3.3713
alone,query,2.4242
alone,query,3.7161
alone,query,3.4227
alone,query,2.4838
alone,query,1.9681
alone,query,2.2286
alone,query,2.4450
alone,query,2.4449
alone,query,1.6383
alone,query,2.4700
alone,query,1.2751
alone,query,1.6979
alone,query,2.9872
alone,query,4.8503
alone,query,1.0046
alone,query,2.0636
alone,query,3.6638
alone,query,2.2941
alone,query,2.7068
alone,query,2.4387
alone,query,2.5532
alone,query,2.7895
alone,query,2.1303
alone,query,3.4626
alone,query,0.9668
alone,query,3.1938
alone,query,2.9412
alone,query,3.9395
alone,query,5.9627
alone,query,2.1683
alone,query,5.1085
alone,query,5.9045
alone,query,2.8040
alone,query,4.1274
alone,query,2.4924
alone,query,7.4583
alone,query,2.9728
alone,query,4.8649
alone,query,3.7227
alone,query,1.7861
alone,query,0.6573
alone,query,2.5308
alone,query,2.9677
alone,query,0.8353
alone,query,3.0675
alone,query,3.2281
alone,query,6.7887
alone,query,2.4206
alone,query,1.3184
alone,query,2.8717
alone,query,5.4548
alone,query,5.1349
alone,query,5.6124
alone,query,3.9611
alone,query,2.0620
alone,query,2.7841
alone,query,2.1194
alone,query,1.7429
alone,query,2.8194
alone,query,3.3213
alone,query,2.8544
alone,query,3.9760
alone,query,1.2698
alone,query,0.6722
alone,query,5.7151
alone,query,3.0187
alone,query,3.5150
alone,query,1.8473
alone,query,5.4222
alone,query,1.5847
alone,query,1.4540
alone,query,3.1518
alone,query,7.5137
alone,query,4.4728
alone,query,3.3256
alone,query,1.5915
alone,query,2.9849
alone,query,3.4737
alone,query,2.3118
alone,query,2.1674
alone,query,2.7066
alone,query,1.5284
alone,query,6.4348
alone,query,2.5084
alone,query,2.7614
alone,query,1.5942
alone,query,1.4077
alone,query,2.1159
alone,query,2.4177
alone,query,1.6928
alone,query,1.8492
alone,query,2.3718
alone,query,1.5103
alone,query,3.9475
alone,query,1.3278
alone,query,2.2087
alone,query,1.6993
alone,query,2.4003
alone,query,2.5249
alone,query,3.8070
alone,query,1.7688
alone,query,1.8805
alone,query,1.6117
alone,query,2.7517
alone,query,2.2906
alone,query,0.8136
alone,query,1.1669
alone,query,2.2457
alone,query,3.3953
alone,query,2.1236
alone,query,3.8331
alone,query,1.8070
alone,query,1.5029
alone,query,1.5749
alone,query,1.8317
alone,query,2.6644
alone,query,3.6643
alone,query,1.4704
alone,query,5.2731
alone,query,3.4462
alone,query,4.6893
alone,query,8.0836
alone,query,2.1194
alone,query,2.5921
alone,query,3.1423
alone,query,5.2320
alone,query,4.1106
alone,query,3.0208
alone,query,2.8192
alone,query,2.7769
alone,query,2.8761
alone,query,6.9698
alone,query,4.8911
alone,query,4.6547
alone,query,2.8767
alone,query,3.0632
alone,query,1.3212
alone,query,5.3718
alone,query,3.5845
alone,query,3.5336
alone,query,2.3244
alone,query,1.3946
alone,query,3.2008
alone,query,1.8915
alone,query,1.5959
alone,query,2.5485
alone,query,4.4857
alone,query,1.0431
alone,query,1.8345
alone,query,2.0758
alone,query,2.0791
alone,query,2.1662
alone,query,1.3006
alone,query,1.2511
alone,query,3.0655
alone,query,2.3438
alone,query,2.3827
alone,query,2.5678
alone,query,4.6266
alone,query,2.8886
alone,query,2.5093
alone,query,3.3656
alone,query,2.5369
alone,query,2.3737
alone,query,1.1588
alone,query,2.6104
alone,query,1.7389
alone,query,2.8261
alone,query,2.8195
alone,query,2.9097
alone,query,2.8229
alone,query,3.4212
alone,query,4.1922
alone,query,2.7708
alone,query,4.5803
alone,query,2.4613
alone,query,1.9407
alone,query,1.5677
alone,query,2.1360
alone,query,1.2069
alone,query,0.6096
alone,query,4.0209
alone,query,1.5980
alone,query,2.4037
alone,query,5.2379
alone,query,3.2178
alone,query,2.5252
alone,query,3.2129
alone,query,2.2327
alone,query,3.0533
alone,query,1.9909
alone,query,1.4821
alone,query,2.0826
alone,query,1.4959
alone,query,1.1672
alone,query,1.5432
alone,query,2.7110
alone,query,1.8878
alone,query,1.5518
alone,query,1.8239
alone,query,2.4699
alone,query,3.2716
alone,query,3.1702
alone,query,3.5012
alone,query,2.3222
alone,query,2.8106
alone,query,3.2808
alone,query,1.3500
alone,query,0.9024
alone,query,1.3404
alone,query,1.9022
alone,query,2.4332
alone,query,0.8716
alone,query,1.0457
alone,query,0.5301
alone,query,2.3057
alone,query,2.4404
alone,query,1.9155
alone,query,3.9590
alone,query,6.1599
alone,query,3.5455
alone,query,4.7164
alone,query,3.9864
alone,query,4.4377
alone,query,3.6838
alone,query,4.0431
alone,query,5.3126
alone,query,1.6462
alone,query,5.3677
alone,query,2.9148
alone,query,2.9716
alone,query,2.0145
alone,query,2.0086
alone,query,2.6810
alone,query,2.8754
alone,query,3.1082
alone,query,3.0550
alone,query,4.6187
alone,query,2.6565
alone,query,5.1940
alone,query,2.6150
alone,query,2.4804
alone,query,1.6213
alone,query,3.0220
alone,query,3.7299
alone,query,2.9275
alone,query,5.6404
alone,query,2.5026
alone,query,8.6328
alone,query,1.5200
alone,query,4.8389
alone,query,1.5820
alone,query,1.4334
alone,query,1.8852
alone,query,2.4578
alone,query,0.9608
alone,query,2.6754
alone,query,2.7534
alone,query,2.9109
alone,query,2.3683
alone,query,2.3338
alone,query,2.9704
alone,query,2.0304
alone,query,0.8024
alone,query,4.8374
alone,query,4.4501
alone,query,1.2651
alone,query,2.4552
alone,query,2.6407
alone,query,2.1511
alone,query,3.2384
alone,query,5.9832
alone,query,1.6894
alone,query,1.7509
alone,query,3.9219
alone,query,2.4064
alone,query,2.6656
alone,query,5.8014
alone,query,2.6850
alone,query,1.3791
alone,query,2.6714
alone,query,2.3800
alone,query,1.7778
alone,query,3.9363
alone,query,2.5625
alone,query,1.3368
alone,query,2.1894
alone,query,1.9860
alone,query,1.8011
alone,query,1.5010
alone,query,1.6055
alone,query,2.2049
alone,query,1.3429
alone,query,3.6910
alone,query,5.0929
alone,query,3.1607
alone,query,3.5742
alone,query,0.9489
alone,query,11.5969
alone,query,1.5959
alone,query,3.1403
alone,query,1.6016
alone,query,2.0210
alone,query,3.1928
alone,query,1.8626
alone,query,1.0190
alone,query,3.7417
alone,query,2.0662
alone,query,3.1757
alone,query,2.9547
alone,query,2.8081
alone,query,2.0265
alone,query,1.9285
alone,query,4.3301
alone,query,3.0130
alone,query,1.0240
alone,query,4.1164
alone,query,3.6939
alone,query,2.4162
alone,query,1.0138
alone,query,3.5609
alone,query,3.4325
alone,query,2.6450
alone,query,2.3660
alone,query,4.2458
alone,query,3.7410
alone,query,5.0468
alone,query,3.5453
alone,query,2.7641
alone,query,2.8824
alone,query,1.9713
alone,query,1.2038
alone,query,1.6559
alone,query,2.7561
alone,query,6.6323
alone,query,1.2565
alone,query,3.2799
alone,query,5.1882
alone,query,5.2663
alone,query,1.9671
alone,query,2.7747
alone,query,3.2887
alone,query,2.0173
alone,query,3.6534
alone,query,2.4933
alone,query,1.6532
alone,query,2.1391
alone,query,3.3027
alone,query,2.3866
alone,query,1.8671
alone,query,3.0715
alone,query,2.0320
alone,query,2.2632
alone,query,1.7634
alone,query,2.9417
alone,query,1.4990
alone,query,0.6782
alone,query,2.6689
alone,query,3.2802
alone,query,2.4905
alone,query,3.5302
alone,query,2.2458
alone,query,2.8148
alone,query,2.8184
alone,query,1.9377
alone,query,2.7046
alone,query,3.1401
alone,query,2.1441
alone,query,5.1514
alone,query,1.2313
alone,query,1.6030
alone,query,1.7919
alone,query,2.1128
alone,query,3.4179
alone,query,0.8007
alone,query,1.4681
alone,query,1.0397
alone,query,1.5602
alone,query,1.3857
alone,query,2.7681
alone,query,2.6768
alone,query,3.6163
alone,query,1.8964
alone,query,1.9652
alone,query,1.2272
alone,query,1.5554
alone,query,2.0752
alone,query,2.2676
alone,query,2.7073
alone,query,2.7495
alone,query,2.2725
alone,query,2.9918
alone,query,1.5518
alone,query,3.1500
alone,query,4.5079
alone,query,2.5451
alone,query,1.2459
alone,query,4.9609
alone,query,3.7226
alone,query,2.1308
alone,query,2.3382
alone,query,3.0624
alone,query,1.4900
alone,query,2.9126
alone,query,2.3748
alone,query,4.3954
alone,query,0.6498
alone,query,2.9389
alone,query,2.7646
alone,query,2.8769
alone,query,3.0125
alone,query,0.8339
alone,query,2.0442
alone,query,2.1296
alone,query,3.2359
alone,query,1.4830
alone,query,2.9318
alone,query,5.2298
alone,query,3.9190
alone,query,1.5166
alone,query,3.5911
alone,query,3.0211
alone,query,8.0904
alone,query,4.5873
alone,query,3.6324
alone,query,3.2741
alone,query,2.4960
alone,query,4.0306
alone,query,0.9613
alone,query,3.1898
alone,query,2.4759
alone,query,3.1740
alone,query,1.8068
alone,query,5.8796
alone,query,2.7858
alone,query,2.5415
alone,query,2.4352
alone,query,4.2870
alone,query,1.9404
alone,query,2.3177
alone,query,2.2530
alone,query,5.5251
alone,query,3.0313
alone,query,4.4485
alone,query,3.1126
alone,query,1.6423
alone,query,6.1671
alone,query,5.4600
alone,query,2.5800
alone,query,1.7931
alone,query,1.4025
alone,query,8.2349
alone,query,1.9850
alone,query,4.8312
alone,query,1.7222
alone,query,2.7032
alone,query,2.1608
alone,query,2.3950
alone,query,1.6437
alone,query,1.4311
alone,query,2.2683
alone,query,2.0867
alone,query,2.8305
alone,query,5.4258
alone,query,3.3610
alone,query,3.7480
alone,query,2.2473
alone,query,1.5835
alone,query,8.1896
alone,query,2.1619
alone,query,1.8707
alone,query,2.0784
alone,query,3.1720
alone,query,4.9682
alone,query,3.6186
alone,query,3.3200
alone,query,3.2750
alone,query,2.8980
alone,query,2.7642
alone,query,2.0332
alone,query,2.4956
alone,query,2.0192
alone,query,1.4051
alone,query,2.4556
alone,query,2.9376
alone,query,7.4175
alone,query,2.4174
alone,query,1.0584
alone,query,2.1087
alone,query,2.2109
alone,query,2.9795
alone,query,4.4214
alone,query,4.4980
alone,query,1.6295
alone,query,1.9104
alone,query,2.0669
alone,query,1.9946
alone,query,1.2783
alone,query,3.8082
alone,query,1.6040
alone,query,1.4541
alone,query,3.0264
alone,query,3.2029
alone,query,2.8321
alone,query,1.7654
alone,query,1.4929
alone,query,2.5450
alone,query,1.4133
alone,query,2.5239
alone,query,2.9306
alone,query,2.7088
alone,query,1.8945
alone,query,1.0261
alone,query,2.7457
alone,query,3.1094
alone,query,5.0515
alone,query,5.0829
alone,query,2.9873
alone,query,3.9744
alone,query,3.6847
alone,query,3.1055
alone,query,3.6303
alone,query,2.6727
alone,query,2.7852
alone,query,3.7476
alone,query,2.6339
alone,query,5.0343
alone,query,2.1606
alone,query,3.5076
alone,query,3.4752
alone,query,3.0526
alone,query,3.7727
alone,query,2.7819
alone,query,0.7785
alone,query,3.6804
alone,query,3.7082
alone,query,2.3279
alone,query,2.8750
alone,query,2.8450
alone,query,3.6536
alone,query,1.3447
alone,query,5.2317
alone,query,1.5487
alone,query,4.5114
alone,query,2.7602
alone,query,2.1180
alone,query,4.2764
alone,query,4.0016
alone,query,1.8547
alone,query,8.1766
alone,query,1.9358
alone,query,2.3040
alone,query,1.8316
alone,query,2.4450
alone,query,1.1679
alone,query,3.4230
alone,query,2.2414
alone,query,3.3721
alone,query,4.2778
alone,query,0.9090
alone,query,3.8899
alone,query,2.9107
alone,query,3.5031
alone,query,0.9085
alone,query,2.0159
alone,query,2.0365
alone,query,3.3275
alone,query,2.5317
alone,query,1.5245
alone,query,1.9887
alone,query,2.5976
alone,query,1.2917
alone,query,2.5476
alone,query,9.3492
alone,query,3.4795
alone,query,4.2208
alone,query,3.1070
alone,query,0.8578
alone,query,2.0631
alone,query,1.9137
alone,query,1.9421
alone,query,2.0713
alone,query,1.6429
alone,query,2.9397
alone,query,2.0198
alone,query,2.2515
alone,query,2.6272
alone,query,3.9084
alone,query,1.2501
alone,query,2.2385
alone,query,2.4082
alone,query,2.3949
alone,query,2.5632
alone,query,0.9224
alone,query,3.3213
alone,query,1.1453
alone,query,1.7189
alone,query,0.7139
alone,query,3.1855
alone,query,2.0300
alone,query,2.7112
alone,query,1.7170
alone,query,3.8362
alone,query,2.2218
alone,query,0.8646
alone,query,2.8850
alone,query,1.1064
alone,query,5.3965
alone,query,2.6306
alone,query,1.7562
alone,query,1.9898
alone,query,1.2943
alone,query,3.2242
alone,query,1.7675
alone,query,0.8296
alone,query,5.0071
alone,query,2.7033
alone,query,2.3716
alone,query,4.2809
alone,query,3.2318
alone,query,3.9935
alone,query,2.5490
alone,query,2.5667
alone,query,3.0864
alone,query,2.5637
alone,query,4.4486
alone,query,4.6797
alone,query,2.4509
alone,query,3.0529
alone,query,4.1740
alone,query,9.8416
alone,query,3.4394
alone,query,4.9873
alone,query,2.6275
alone,query,1.4057
alone,query,3.5576
alone,query,5.7517
alone,query,4.0820
alone,query,2.6451
alone,query,3.0875
alone,query,8.6654
alone,query,4.1163
alone,query,10.1829
alone,query,2.4233
alone,query,2.5550
alone,query,4.2181
alone,query,5.9943
alone,query,6.7746
alone,query,2.0295
alone,query,1.6558
alone,query,1.8194
alone,query,1.8206
alone,query,2.5228
alone,query,2.3012
alone,query,2.1638
alone,query,3.3937
alone,query,2.1053
alone,query,3.3289
alone,query,1.8389
alone,query,2.4191
alone,query,4.9595
alone,query,5.6316
alone,query,3.2281
alone,query,1.9364
alone,query,6.3830
alone,query,1.8122
alone,query,5.4882
alone,query,3.8904
alone,query,2.3367
alone,query,1.9699
alone,query,3.2668
alone,query,3.2139
alone,query,1.0386
alone,query,5.8401
alone,query,1.1482
alone,query,2.5145
alone,query,2.5728
alone,query,2.4736
alone,query,2.4106
alone,query,2.3158
alone,query,2.6813
alone,query,1.4375
alone,query,1.9052
alone,query,6.6845
alone,query,7.8443
alone,query,0.7952
alone,query,7.2609
alone,query,1.4764
alone,query,1.4237
alone,query,2.1426
alone,query,2.3465
alone,query,2.5004
alone,query,1.6208
alone,query,2.5055
alone,query,1.7198
alone,query,1.9093
alone,query,1.4030
alone,query,1.6129
alone,query,1.5422
alone,query,3.6038
alone,query,1.5415
alone,query,1.7611
alone,query,2.7345
alone,query,2.5189
alone,query,3.3279
alone,query,3.2338
alone,query,1.8148
alone,query,2.6451
alone,query,2.5603
alone,query,1.6688
alone,query,1.8954
alone,query,1.5018
alone,query,4.6723
alone,query,0.6390
alone,query,1.7541
alone,query,7.3518
alone,query,3.2076
alone,query,6.4734
alone,query,10.8584
alone,query,2.6160
alone,query,3.8027
alone,query,4.0532
alone,query,1.2675
alone,query,4.9637
alone,query,1.7979
alone,query,4.2426
alone,query,3.2554
alone,query,3.3380
alone,query,2.6595
alone,query,3.2500
alone,query,1.5041
alone,query,2.6212
alone,query,2.4227
alone,query,1.2414
alone,query,3.0549
alone,query,2.9951
alone,query,3.2920
alone,query,3.4851
alone,query,5.4832
alone,query,3.1625
alone,query,3.7093
alone,query,3.3500
alone,query,4.7361
alone,query,4.8614
alone,query,5.2909
alone,query,2.8603
alone,query,2.8737
alone,query,2.0581
alone,query,2.7423
alone,query,1.8004
alone,query,10.8128
alone,query,2.4048
alone,query,2.6647
alone,query,2.4191
alone,query,2.7855
alone,query,1.2512
alone,query,2.4461
alone,query,4.5694
alone,query,2.6289
alone,query,5.4395
alone,query,1.3227
alone,query,3.1268
alone,query,4.1324
alone,query,7.3560
alone,query,2.8339
alone,query,2.7557
alone,query,3.9513
alone,query,2.9882
alone,query,2.0485
alone,query,12.7943
alone,query,1.4058
alone,query,1.9214
alone,query,1.7361
alone,query,1.2498
alone,query,1.2427
alone,query,2.1279
alone,query,0.9768
alone,query,4.6275
alone,query,4.3331
alone,query,2.9707
alone,query,1.8178
alone,query,1.5284
alone,query,0.4786
alone,query,1.3456
alone,query,1.9728
alone,query,1.4426
alone,query,3.1378
alone,query,2.3505
alone,query,1.5578
alone,query,2.0191
alone,query,3.1083
alone,query,2.8186
alone,query,3.3547
alone,query,3.0989
alone,query,2.0039
alone,query,1.2953
alone,query,2.9546
alone,query,2.1814
alone,query,1.1390
alone,query,1.5149
alone,query,1.2732
alone,query,3.4351
alone,query,5.3775
alone,query,2.4949
alone,query,3.0031
alone,query,2.2621
alone,query,3.8469
alone,query,3.2115
alone,query,1.5316
alone,query,2.3211
alone,query,2.3119
alone,query,1.1399
alone,query,3.2337
alone,query,2.3016
alone,query,13.7276
alone,query,4.0704
alone,query,1.9986
alone,query,1.6351
alone,query,4.2531
alone,query,4.1487
alone,query,3.7729
alone,query,9.4714
alone,query,11.2871
alone,query,1.2874
alone,query,12.3648
alone,query,2.6956
alone,query,8.2436
alone,query,4.2332
alone,query,3.3120
alone,query,2.9950
alone,query,3.3581
alone,query,2.1649
alone,query,4.7271
alone,query,3.8135
alone,query,2.0083
alone,query,3.3127
alone,query,4.1948
alone,query,4.1235
alone,query,2.5722
alone,query,2.8833
alone,query,0.9704
alone,query,6.7441
alone,query,4.3862
alone,query,4.6290
alone,query,10.1188
alone,query,2.3750
alone,query,6.0531
alone,query,4.8098
alone,query,1.8065
alone,query,2.5744
alone,query,2.5029
alone,query,1.6124
alone,query,4.3763
alone,query,2.1332
alone,query,2.7062
alone,query,2.6519
alone,query,2.7339
alone,query,2.4103
alone,query,2.9257
alone,query,3.5423
alone,query,2.3786
alone,query,3.8737
alone,query,3.8241
alone,query,2.4663
alone,query,2.0896
alone,query,6.6524
alone,query,6.6203
alone,query,1.8841
alone,query,18.0773
alone,query,2.9911
alone,query,3.1867
alone,query,1.1354
alone,query,0.9970
alone,query,2.5778
alone,query,2.3381
alone,query,1.0424
alone,query,6.9681
alone,query,1.3172
alone,query,2.1609
alone,query,1.5964
alone,query,3.5596
alone,query,1.8804
alone,query,2.7658
alone,query,3.2539
alone,query,13.9397
alone,query,2.3015
alone,query,2.0291
alone,query,2.3401
alone,query,4.5553
alone,query,1.9741
alone,query,0.7515
alone,query,1.8408
alone,query,3.4407
alone,query,1.2648
alone,query,2.4820
alone,query,1.1730
alone,query,1.0960
alone,query,2.1912
alone,query,1.2838
alone,query,1.6323
alone,query,1.2189
alone,query,1.3708
alone,query,3.4147
alone,query,2.9244
alone,query,2.3392
alone,query,3.2349
alone,query,1.7533
alone,query,4.5162
alone,query,2.5768
alone,query,3.7499
alone,query,0.9617
alone,query,1.2989
alone,query,1.4357
alone,query,2.0640
alone,query,1.4104
alone,query,3.0574
alone,query,5.6055
alone,query,6.2554
alone,query,4.6575
alone,query,3.2441
alone,query,2.8119
alone,query,4.4950
alone,query,1.5930
alone,query,2.1676
alone,query,4.8043
alone,query,3.7363
alone,query,9.6649
alone,query,3.4865
alone,query,2.7922
alone,query,4.6823
alone,query,2.2970
alone,query,0.9589
alone,query,2.3178
alone,query,2.2778
alone,query,3.4770
alone,query,3.1530
alone,query,2.9454
alone,query,1.8321
alone,query,2.9252
alone,query,2.1196
alone,query,3.1736
alone,query,6.0073
alone,query,3.5450
alone,query,2.8497
alone,query,2.6147
alone,query,1.6133
alone,query,2.8260
alone,query,13.3323
alone,query,6.9122
alone,query,1.9922
alone,query,1.1199
alone,query,3.3584
alone,query,2.5800
alone,query,1.2003
alone,query,2.0523
alone,query,3.3015
alone,query,2.9447
alone,query,3.4575
alone,query,8.5461
alone,query,1.5806
alone,query,1.0534
alone,query,3.3918
alone,query,2.6907
alone,query,0.5676
alone,query,0.6973
alone,query,5.6863
alone,query,3.9025
alone,query,2.1535
alone,query,3.6135
alone,query,1.8242
alone,query,6.3678
alone,query,0.9333
alone,query,4.2799
alone,query,0.9661
alone,query,3.0817
alone,query,2.1143
alone,query,4.5789
alone,query,4.5256
alone,query,4.5346
alone,query,2.7341
alone,query,1.3089
alone,query,1.0127
alone,query,2.5057
alone,query,1.0829
alone,query,3.3287
alone,query,2.7704
alone,query,2.2551
alone,query,2.6441
alone,query,1.8467
alone,query,1.0497
alone,query,2.6694
alone,query,2.5802
alone,query,2.7547
alone,query,2.3570
alone,query,1.2960
alone,query,1.4138
alone,query,1.9838
alone,query,1.6638
alone,query,2.0699
alone,query,1.6246
alone,query,1.4474
alone,query,1.5788
alone,query,1.7532
alone,query,1.9139
alone,query,2.0230
alone,query,3.0202
alone,query,2.7860
alone,query,2.4508
alone,query,2.8972
alone,query,3.6370
alone,query,2.4912
alone,query,2.2945
alone,query,1.2746
alone,query,1.5681
alone,query,2.5608
alone,query,2.4073
alone,query,2.8424
alone,query,2.4039
alone,query,5.0025
alone,query,3.3887
alone,query,3.2318
alone,query,3.8829
alone,query,2.1286
alone,query,1.2766
alone,query,6.7663
alone,query,3.8161
alone,query,2.1579
alone,query,3.7652
alone,query,2.3591
alone,query,4.1173
alone,query,2.2000
alone,query,5.6926
alone,query,3.3055
alone,query,2.7228
alone,query,2.8261
alone,query,3.9422
alone,query,2.5131
alone,query,3.9783
alone,query,4.8450
alone,query,3.2572
alone,query,1.5153
alone,query,3.4883
alone,query,4.0688
alone,query,3.7335
alone,query,1.7707
alone,query,2.4283
alone,query,3.8915
alone,query,1.3443
alone,query,6.1979
alone,query,1.4832
alone,query,1.8724
alone,query,3.1396
alone,query,4.4259
alone,query,2.8185
alone,query,1.6297
alone,query,2.3875
alone,query,2.3379
alone,query,1.8668
alone,query,1.6555
alone,query,3.0168
alone,query,3.4069
alone,query,1.7467
alone,query,4.5588
alone,query,0.9006
alone,query,1.5243
alone,query,7.7050
alone,query,5.0205
alone,query,1.5632
alone,query,2.5240
alone,query,2.5530
alone,query,2.2178
alone,query,4.0593
alone,query,3.5516
alone,query,1.8422
alone,query,0.8792
alone,query,1.0429
alone,query,4.2813
alone,query,2.5933
alone,query,2.1408
alone,query,2.3471
alone,query,1.9823
alone,query,1.2952
alone,query,2.9339
alone,query,2.8265
alone,query,1.3581
alone,query,2.0043
alone,query,2.5243
alone,query,2.4944
alone,query,1.7712
alone,query,2.9462
alone,query,2.2152
alone,query,2.0332
alone,query,1.8530
alone,query,2.2617
alone,query,7.2049
alone,query,2.6605
alone,query,1.5348
alone,query,2.6782
alone,query,1.9870
alone,query,2.9015
alone,query,2.4741
alone,query,5.2026
alone,query,2.2841
alone,query,3.4036
alone,query,4.2017
alone,query,3.0834
alone,query,2.3185
alone,query,2.3601
alone,query,2.8147
alone,query,3.1272
alone,query,2.3590
alone,query,1.6100
alone,query,0.9259
alone,query,2.3072
alone,query,1.1676
alone,transaction,34.9552
alone,transaction,29.5992
alone,transaction,29.1435
alone,transaction,20.6540
alone,transaction,35.7079
alone,transaction,24.6556
alone,transaction,32.4611
alone,transaction,51.0233
alone,transaction,32.4321
alone,transaction,25.3073
alone,transaction,30.7780
alone,transaction,38.6481
alone,transaction,31.9514
alone,transaction,30.6950
alone,transaction,29.2075
alone,transaction,25.9265
alone,transaction,25.8356
alone,transaction,29.9447
alone,transaction,41.8921
alone,transaction,19.7321
alone,transaction,35.2644
alone,transaction,26.8001
alone,transaction,26.3149
alone,transaction,28.4572
alone,transaction,30.2660
alone,transaction,27.6872
alone,transaction,19.3947
alone,transaction,23.5651
alone,transaction,24.6075
alone,transaction,30.2286
alone,transaction,27.6625
alone,transaction,31.9691
alone,transaction,39.6831
alone,transaction,27.0921
alone,transaction,22.7446
alone,transaction,36.4910
alone,transaction,34.9773
alone,transaction,17.2503
alone,transaction,20.2584
alone,transaction,27.6318
alone,transaction,24.9198
alone,transaction,23.7040
alone,transaction,24.5286
alone,transaction,29.1024
alone,transaction,15.2998
alone,transaction,30.3983
alone,transaction,34.4736
alone,transaction,32.8274
alone,transaction,36.8583
alone,transaction,40.6109
alone,transaction,24.0900
alone,transaction,38.7380
alone,transaction,31.2982
alone,transaction,18.8063
alone,transaction,23.0213
alone,transaction,22.0350
alone,transaction,30.5777
alone,transaction,28.9716
alone,transaction,27.6931
alone,transaction,32.5458
alone,transaction,31.2066
alone,transaction,28.9555
alone,transaction,26.6709
alone,transaction,22.6754
alone,transaction,26.7468
alone,transaction,27.1268
alone,transaction,35.6729
alone,transaction,36.5099
alone,transaction,28.5679
alone,transaction,27.6606
alone,transaction,25.0351
alone,transaction,28.5057
alone,transaction,17.6950
alone,transaction,22.2631
alone,transaction,24.1429
alone,transaction,22.1266
alone,transaction,19.6999
alone,transaction,35.8071
alone,transaction,18.4877
alone,transaction,26.0992
alone,transaction,19.3028
alone,transaction,18.9164
alone,transaction,25.9283
alone,transaction,19.2504
alone,transaction,20.8951
alone,transaction,24.1208
alone,transaction,24.9845
alone,transaction,13.6669
alone,transaction,21.8408
alone,transaction,12.7869
alone,transaction,20.9049
alone,transaction,24.3874
alone,transaction,15.3042
alone,transaction,18.6687
alone,transaction,17.9192
alone,transaction,32.1723
alone,transaction,18.6808
alone,transaction,19.4458
alone,transaction,17.8195
alone,transaction,12.8596
alone,transaction,40.3559
alone,transaction,18.6840
alone,transaction,27.4083
alone,transaction,26.7615
alone,transaction,43.0998
alone,transaction,25.4578
alone,transaction,32.0447
alone,transaction,45.0133
alone,transaction,25.2394
alone,transaction,27.5320
alone,transaction,31.8055
alone,transaction,27.2975
alone,transaction,19.5366
alone,transaction,29.0224
alone,transaction,31.8726
alone,transaction,31.2432
alone,transaction,43.3734
alone,transaction,32.7558
alone,transaction,28.0066
alone,transaction,28.0891
alone,transaction,24.3892
alone,transaction,36.1999
alone,transaction,44.8090
alone,transaction,20.7882
alone,transaction,34.2949
alone,transaction,44.3597
alone,transaction,22.6794
alone,transaction,23.6799
alone,transaction,32.0301
alone,transaction,26.0157
alone,transaction,32.3347
alone,transaction,23.6600
alone,transaction,17.1664
alone,transaction,25.6766
alone,transaction,25.2382
alone,transaction,16.9790
alone,transaction,27.3357
alone,transaction,27.7153
alone,transaction,21.1450
alone,transaction,24.4699
alone,transaction,26.0814
alone,transaction,27.1454
alone,transaction,14.6790
alone,transaction,29.4233
alone,transaction,30.7263
alone,transaction,28.2068
alone,transaction,25.5931
alone,transaction,20.3529
alone,transaction,28.7091
alone,transaction,26.5644
alone,transaction,43.8902
alone,transaction,34.0018
alone,transaction,37.9763
alone,transaction,21.2157
alone,transaction,23.2245
alone,transaction,25.6102
alone,transaction,23.1012
alone,transaction,26.0378
alone,transaction,28.5180
alone,transaction,21.3589
alone,transaction,22.4415
alone,transaction,22.2653
alone,transaction,30.4838
alone,transaction,27.5811
alone,transaction,27.6702
alone,transaction,23.0767
alone,transaction,28.3341
alone,transaction,18.3873
alone,transaction,36.1279
alone,transaction,27.9679
alone,transaction,24.2679
alone,transaction,26.9480
alone,transaction,24.4907
alone,transaction,26.3542
alone,transaction,27.2223
alone,transaction,24.7782
alone,transaction,22.3046
alone,transaction,23.8724
alone,transaction,15.0856
alone,transaction,19.4696
alone,transaction,28.1742
alone,transaction,15.7206
alone,transaction,24.7033
alone,transaction,20.3666
alone,transaction,27.8449
alone,transaction,23.7223
alone,transaction,24.8910
alone,transaction,24.7323
alone,transaction,17.2547
alone,transaction,14.3797
alone,transaction,32.6936
alone,transaction,29.0221
alone,transaction,22.0280
alone,transaction,33.6904
alone,transaction,25.4785
alone,transaction,24.8272
alone,transaction,23.8804
alone,transaction,17.6782
alone,transaction,17.9867
alone,transaction,17.1654
alone,transaction,20.5647
alone,transaction,34.7449
alone,transaction,23.3537
alone,transaction,29.4316
alone,transaction,28.5012
alone,transaction,26.0975
alone,transaction,31.5343
alone,transaction,38.2776
alone,transaction,36.9595
alone,transaction,30.4165
alone,transaction,33.2876
alone,transaction,24.5105
alone,transaction,26.6995
alone,transaction,30.3801
alone,transaction,43.7636
alone,transaction,29.8439
alone,transaction,28.8288
alone,transaction,31.2269
alone,transaction,24.4932
alone,transaction,27.3757
alone,transaction,33.0153
alone,transaction,34.1691
alone,transaction,35.2083
alone,transaction,26.2952
alone,transaction,24.5291
alone,transaction,22.3875
alone,transaction,22.9276
alone,transaction,25.5107
alone,transaction,19.7685
alone,transaction,25.6368
alone,transaction,22.6990
alone,transaction,27.7146
alone,transaction,26.7477
alone,transaction,29.9999
alone,transaction,24.7001
alone,transaction,23.7829
alone,transaction,20.7439
alone,transaction,31.5599
alone,transaction,32.6433
alone,transaction,21.6967
alone,transaction,26.8062
alone,transaction,26.9316
alone,transaction,24.8704
alone,transaction,29.1906
alone,transaction,27.5682
alone,transaction,25.8016
alone,transaction,15.9299
alone,transaction,30.4982
alone,transaction,33.1910
alone,transaction,31.9575
alone,transaction,36.5592
alone,transaction,35.3747
alone,transaction,42.5941
alone,transaction,26.8155
alone,transaction,26.2359
alone,transaction,24.0948
alone,transaction,32.3557
alone,transaction,19.1393
alone,transaction,29.5881
alone,transaction,39.2332
alone,transaction,20.5408
alone,transaction,25.8219
alone,transaction,20.2896
alone,transaction,15.5056
alone,transaction,14.8219
alone,transaction,23.0043
alone,transaction,16.0975
alone,transaction,23.3092
alone,transaction,28.2109
alone,transaction,23.1204
alone,transaction,34.6360
alone,transaction,48.0882
alone,transaction,24.6479
alone,transaction,64.3631
alone,transaction,21.4999
alone,transaction,19.5849
alone,transaction,20.8754
alone,transaction,20.2328
alone,transaction,17.7407
alone,transaction,17.1432
alone,transaction,18.7408
alone,transaction,18.1404
alone,transaction,19.2186
alone,transaction,21.5821
alone,transaction,20.6014
alone,transaction,22.6455
alone,transaction,14.0072
alone,transaction,27.0245
alone,transaction,23.7794
alone,transaction,22.6445
alone,transaction,32.8006
alone,transaction,30.8492
alone,transaction,26.1849
alone,transaction,33.0421
alone,transaction,24.4794
alone,transaction,24.0514
alone,transaction,19.5445
alone,transaction,11.5562
alone,transaction,16.6859
alone,transaction,19.9599
alone,transaction,22.0475
alone,transaction,27.1937
alone,transaction,25.9129
alone,transaction,24.6555
alone,transaction,46.3963
alone,transaction,35.9186
alone,transaction,34.0797
alone,transaction,52.9391
alone,transaction,30.4258
alone,transaction,26.0479
alone,transaction,30.7548
alone,transaction,27.7431
alone,transaction,31.3428
alone,transaction,32.7017
alone,transaction,31.9320
alone,transaction,21.1690
alone,transaction,41.2030
alone,transaction,22.1934
alone,transaction,31.9071
alone,transaction,30.8927
alone,transaction,26.9940
alone,transaction,29.0473
alone,transaction,35.8500
alone,transaction,27.8973
alone,transaction,28.8807
alone,transaction,29.3045
alone,transaction,18.4826
alone,transaction,37.4422
alone,transaction,33.5559
alone,transaction,27.9036
alone,transaction,38.6477
alone,transaction,25.6761
alone,transaction,27.9055
alone,transaction,24.1039
alone,transaction,25.0324
alone,transaction,23.9889
alone,transaction,18.1331
alone,transaction,28.7692
alone,transaction,18.0879
alone,transaction,26.8807
alone,transaction,27.2389
alone,transaction,23.8299
alone,transaction,28.8624
alone,transaction,33.3606
alone,transaction,32.2202
alone,transaction,26.4889
alone,transaction,37.1006
alone,transaction,32.6570
alone,transaction,42.6835
alone,transaction,39.2410
alone,transaction,35.5365
alone,transaction,19.1050
alone,transaction,23.3774
alone,transaction,27.3447
alone,transaction,25.8330
alone,transaction,25.7877
alone,transaction,41.8259
alone,transaction,26.3674
alone,transaction,30.8778
alone,transaction,29.8693
alone,transaction,21.3634
alone,transaction,21.2633
alone,transaction,24.3691
alone,transaction,25.5916
alone,transaction,33.5779
alone,transaction,32.0346
alone,transaction,15.2826
alone,transaction,23.5647
alone,transaction,18.9257
alone,transaction,23.6585
alone,transaction,23.9007
alone,transaction,25.7753
alone,transaction,28.2188
alone,transaction,24.4373
alone,transaction,19.5318
alone,transaction,18.5428
alone,transaction,18.8576
alone,transaction,17.6153
alone,transaction,30.8015
alone,transaction,13.7247
alone,transaction,23.6402
alone,transaction,21.6679
alone,transaction,26.0625
alone,transaction,25.9105
alone,transaction,20.7898
alone,transaction,31.9437
alone,transaction,32.5232
alone,transaction,30.2546
alone,transaction,25.0569
alone,transaction,29.9450
alone,transaction,19.3171
alone,transaction,23.5150
alone,transaction,15.6312
alone,transaction,39.1022
alone,transaction,12.2873
alone,transaction,20.6859
alone,transaction,14.1874
alone,transaction,7.5146
alone,transaction,8.4810
alone,transaction,4.8512
alone,transaction,22.3905
alone,transaction,31.6743
alone,transaction,36.0883
alone,transaction,31.2744
alone,transaction,42.3702
alone,transaction,34.2756
alone,transaction,23.6049
alone,transaction,42.1809
alone,transaction,29.3401
alone,transaction,24.6140
alone,transaction,21.3864
alone,transaction,29.9234
alone,transaction,32.7215
alone,transaction,31.9614
alone,transaction,33.2342
alone,transaction,25.3970
alone,transaction,29.6499
alone,transaction,22.7826
alone,transaction,27.8616
alone,transaction,29.5624
alone,transaction,27.1312
alone,transaction,17.4921
alone,transaction,25.4032
alone,transaction,29.9983
alone,transaction,31.7137
alone,transaction,23.9982
alone,transaction,21.2481
alone,transaction,30.1430
alone,transaction,25.1502
alone,transaction,30.0840
alone,transaction,21.8660
alone,transaction,24.5158
alone,transaction,24.0413
alone,transaction,35.5125
alone,transaction,23.0741
alone,transaction,33.5530
alone,transaction,24.2858
alone,transaction,24.5522
alone,transaction,27.2266
alone,transaction,22.9754
alone,transaction,22.6214
alone,transaction,24.7604
alone,transaction,29.4524
alone,transaction,18.3909
alone,transaction,31.6840
alone,transaction,29.8154
alone,transaction,23.2232
alone,transaction,22.6596
alone,transaction,24.6784
alone,transaction,25.3954
alone,transaction,11.9391
alone,transaction,29.4659
alone,transaction,44.3248
alone,transaction,14.9788
alone,transaction,40.0247
alone,transaction,19.7344
alone,transaction,17.3888
alone,transaction,16.9016
alone,transaction,17.4447
alone,transaction,24.6365
alone,transaction,20.6082
alone,transaction,22.9664
alone,transaction,42.9358
alone,transaction,34.5172
alone,transaction,26.2896
alone,transaction,33.9388
alone,transaction,23.6290
alone,transaction,29.1356
alone,transaction,24.0538
alone,transaction,28.6581
alone,transaction,35.9841
alone,transaction,22.1412
alone,transaction,17.8006
alone,transaction,32.3357
alone,transaction,19.0778
alone,transaction,20.3635
alone,transaction,29.6800
alone,transaction,26.8867
alone,transaction,17.1364
alone,transaction,17.9332
alone,transaction,21.7335
alone,transaction,21.1977
alone,transaction,20.3910
alone,transaction,25.0473
alone,transaction,19.5526
alone,transaction,16.7488
alone,transaction,24.9141
alone,transaction,22.6246
alone,transaction,24.3026
alone,transaction,29.3779
alone,transaction,23.0502
alone,transaction,30.4880
alone,transaction,28.8128
alone,transaction,20.5351
alone,transaction,24.2336
alone,transaction,23.6744
alone,transaction,17.4441
alone,transaction,19.0451
alone,transaction,11.5328
alone,transaction,23.0885
alone,transaction,21.3606
alone,transaction,31.9918
alone,transaction,25.3693
alone,transaction,37.4734
alone,transaction,35.0759
alone,transaction,32.2050
alone,transaction,15.5775
alone,transaction,46.5883
alone,transaction,31.7042
alone,transaction,35.8078
alone,transaction,25.3408
alone,transaction,29.9986
alone,transaction,25.6745
alone,transaction,27.5223
alone,transaction,32.6923
alone,transaction,27.1694
alone,transaction,27.3308
alone,transaction,21.0557
alone,transaction,24.6345
alone,transaction,12.6258
alone,transaction,24.4849
alone,transaction,25.4909
alone,transaction,33.4998
alone,transaction,25.2923
alone,transaction,37.0483
alone,transaction,31.6801
alone,transaction,35.0443
alone,transaction,31.0992
alone,transaction,22.6725
alone,transaction,22.9112
alone,transaction,32.1416
alone,transaction,16.9424
alone,transaction,24.8678
alone,transaction,24.7036
alone,transaction,34.5102
alone,transaction,17.8191
alone,transaction,19.0970
alone,transaction,16.4660
alone,transaction,29.3741
alone,transaction,21.7968
alone,transaction,23.0290
alone,transaction,23.3146
alone,transaction,23.7242
alone,transaction,17.0836
alone,transaction,27.9558
alone,transaction,31.3598
alone,transaction,16.9549
alone,transaction,27.2820
alone,transaction,25.7387
alone,transaction,28.3520
alone,transaction,27.8128
alone,transaction,31.1881
alone,transaction,29.6291
alone,transaction,71.5168
alone,transaction,37.7047
alone,transaction,24.1075
alone,transaction,21.4017
alone,transaction,26.6910
alone,transaction,28.5271
alone,transaction,27.9376
alone,transaction,44.6370
alone,transaction,17.4063
alone,transaction,32.6613
alone,transaction,31.6499
alone,transaction,24.8974
alone,transaction,27.4220
alone,transaction,22.4844
alone,transaction,26.0791
alone,transaction,30.5557
alone,transaction,33.6663
alone,transaction,13.7163
alone,transaction,17.8366
alone,transaction,22.5817
alone,transaction,16.4260
alone,transaction,60.6873
alone,transaction,25.6943
alone,transaction,20.2919
alone,transaction,21.6124
alone,transaction,20.2833
alone,transaction,21.6410
alone,transaction,22.2962
alone,transaction,29.6996
alone,transaction,22.0046
alone,transaction,24.6179
alone,transaction,22.4669
alone,transaction,22.5446
alone,transaction,23.5095
alone,transaction,24.0933
alone,transaction,27.6932
alone,transaction,19.7899
alone,transaction,23.1101
alone,transaction,29.2091
alone,transaction,23.1604
alone,transaction,32.3120
alone,transaction,26.3977
alone,transaction,24.1987
alone,transaction,17.6680
alone,transaction,17.1967
alone,transaction,12.9963
alone,transaction,11.9641
alone,transaction,32.9541
alone,transaction,49.1299
alone,transaction,24.0740
alone,transaction,38.0614
alone,transaction,35.9391
alone,transaction,21.9621
alone,transaction,44.5355
alone,transaction,31.5802
alone,transaction,29.4670
alone,transaction,25.3151
alone,transaction,29.1833
alone,transaction,28.5450
alone,transaction,26.4211
alone,transaction,33.1146
alone,transaction,30.8378
alone,transaction,26.6993
alone,transaction,23.0886
alone,transaction,24.6633
alone,transaction,28.8831
alone,transaction,26.9049
alone,transaction,20.6375
alone,transaction,33.4258
alone,transaction,37.6121
alone,transaction,31.9503
alone,transaction,27.5439
alone,transaction,16.9555
alone,transaction,28.0861
alone,transaction,20.1831
alone,transaction,35.7308
alone,transaction,25.9351
alone,transaction,23.5658
alone,transaction,27.9536
alone,transaction,35.9689
alone,transaction,26.8266
alone,transaction,19.2872
alone,transaction,21.2842
alone,transaction,22.6224
alone,transaction,25.0017
alone,transaction,28.5008
alone,transaction,24.2203
alone,transaction,20.5108
alone,transaction,26.7772
alone,transaction,21.8522
alone,transaction,27.8544
alone,transaction,27.5539
alone,transaction,29.7340
alone,transaction,27.4948
alone,transaction,29.2219
alone,transaction,29.6695
alone,transaction,28.9904
alone,transaction,36.3316
alone,transaction,25.5872
alone,transaction,44.9196
alone,transaction,15.8181
alone,transaction,23.8643
alone,transaction,24.6503
alone,transaction,26.5251
alone,transaction,24.9681
alone,transaction,24.7452
alone,transaction,31.9782
alone,transaction,20.4519
alone,transaction,28.6226
alone,transaction,26.2297
alone,transaction,18.6056
alone,transaction,12.4479
alone,transaction,26.5618
alone,transaction,17.9847
alone,transaction,21.2357
alone,transaction,22.9277
alone,transaction,17.3958
alone,transaction,26.7241
alone,transaction,22.2044
alone,transaction,18.0110
alone,transaction,15.8229
alone,transaction,24.2006
alone,transaction,22.1940
alone,transaction,21.0697
alone,transaction,21.8864
alone,transaction,26.2258
alone,transaction,20.7665
alone,transaction,22.3391
alone,transaction,23.3600
alone,transaction,20.2788
alone,transaction,18.4631
alone,transaction,28.2569
alone,transaction,24.1068
alone,transaction,15.9730
alone,transaction,21.7993
alone,transaction,22.1883
alone,transaction,23.0820
alone,transaction,29.4410
alone,transaction,27.9413
alone,transaction,26.4149
alone,transaction,30.4070
alone,transaction,27.8373
alone,transaction,36.4019
alone,transaction,31.8689
alone,transaction,17.7860
alone,transaction,18.0235
alone,transaction,17.1217
alone,transaction,32.5554
alone,transaction,26.6033
alone,transaction,24.5242
alone,transaction,31.6824
alone,transaction,38.3477
alone,transaction,33.1352
alone,transaction,44.1903
alone,transaction,29.6086
alone,transaction,29.3711
alone,transaction,29.7675
alone,transaction,24.1227
alone,transaction,30.3770
alone,transaction,29.0827
alone,transaction,39.8773
alone,transaction,26.1107
alone,transaction,31.4679
alone,transaction,27.3807
alone,transaction,28.0777
alone,transaction,33.6246
alone,transaction,22.6387
alone,transaction,25.1722
alone,transaction,19.8189
alone,transaction,36.5734
alone,transaction,31.2689
alone,transaction,23.0327
alone,transaction,29.0316
alone,transaction,29.0596
alone,transaction,23.3514
alone,transaction,13.7977
alone,transaction,29.6528
alone,transaction,32.4109
alone,transaction,38.2098
alone,transaction,31.7456
alone,transaction,36.2099
alone,transaction,28.3433
alone,transaction,28.2388
alone,transaction,36.3054
alone,transaction,35.1341
alone,transaction,23.7330
alone,transaction,25.9329
alone,transaction,21.7658
alone,transaction,17.9098
alone,transaction,28.4486
alone,transaction,30.5528
alone,transaction,33.0357
alone,transaction,28.4744
alone,transaction,32.6696
alone,transaction,37.7014
alone,transaction,45.6223
alone,transaction,39.6178
alone,transaction,41.3098
alone,transaction,18.3226
alone,transaction,19.9441
alone,transaction,33.2470
alone,transaction,20.6148
alone,transaction,30.8717
alone,transaction,48.1077
alone,transaction,33.5607
alone,transaction,33.1318
alone,transaction,32.8171
alone,transaction,27.0983
alone,transaction,17.7175
alone,transaction,27.9368
alone,transaction,18.1268
alone,transaction,38.0843
alone,transaction,26.4049
alone,transaction,22.4250
alone,transaction,26.8116
alone,transaction,30.0756
alone,transaction,29.1418
alone,transaction,33.5874
alone,transaction,23.3607
alone,transaction,20.6444
alone,transaction,19.8831
alone,transaction,20.6554
alone,transaction,17.8915
alone,transaction,29.0505
alone,transaction,18.0693
alone,transaction,21.9589
alone,transaction,27.3738
alone,transaction,23.3971
alone,transaction,34.7414
alone,transaction,27.5471
alone,transaction,20.9618
alone,transaction,30.7685
alone,transaction,23.1595
alone,transaction,16.6609
alone,transaction,41.0002
alone,transaction,26.9559
alone,transaction,25.0595
alone,transaction,16.8472
alone,transaction,17.1924
alone,transaction,21.2656
alone,transaction,19.7154
alone,transaction,17.6952
alone,transaction,8.2918
alone,transaction,8.6586
alone,transaction,4.7629
alone,transaction,3.9335
alone,transaction,4.9290
alone,transaction,28.3012
alone,transaction,36.5667
alone,transaction,25.5622
alone,transaction,27.1887
alone,transaction,37.2895
alone,transaction,30.3102
alone,transaction,44.0132
alone,transaction,36.2266
alone,transaction,31.0341
alone,transaction,23.2025
alone,transaction,35.3767
alone,transaction,27.0746
alone,transaction,36.1547
alone,transaction,31.8519
alone,transaction,31.5774
alone,transaction,19.3126
alone,transaction,27.4191
alone,transaction,22.1797
alone,transaction,26.1642
alone,transaction,33.6901
alone,transaction,29.2490
alone,transaction,30.0962
alone,transaction,43.1261
alone,transaction,28.9100
alone,transaction,29.5025
alone,transaction,31.5933
alone,transaction,25.4575
alone,transaction,23.6716
alone,transaction,29.7245
alone,transaction,30.7465
alone,transaction,28.9027
alone,transaction,32.7303
alone,transaction,17.6213
alone,transaction,24.7571
alone,transaction,19.1907
alone,transaction,16.9096
alone,transaction,21.3864
alone,transaction,35.6117
alone,transaction,25.4771
alone,transaction,25.5304
alone,transaction,23.7381
alone,transaction,23.4505
alone,transaction,25.8645
alone,transaction,26.8089
alone,transaction,30.5807
alone,transaction,28.4567
alone,transaction,30.9339
alone,transaction,25.8618
alone,transaction,14.3824
alone,transaction,35.7718
alone,transaction,40.6145
alone,transaction,36.8536
alone,transaction,39.2810
alone,transaction,29.5076
alone,transaction,22.6515
alone,transaction,22.7959
alone,transaction,26.3364
alone,transaction,30.4382
alone,transaction,45.1125
alone,transaction,30.7184
alone,transaction,31.7702
alone,transaction,31.0288
alone,transaction,23.8227
alone,transaction,21.4772
alone,transaction,22.6377
alone,transaction,22.1192
alone,transaction,43.0602
alone,transaction,24.6315
alone,transaction,21.1502
alone,transaction,21.6819
alone,transaction,26.4249
alone,transaction,24.7208
alone,transaction,25.1455
alone,transaction,25.6601
alone,transaction,22.6380
alone,transaction,22.3096
alone,transaction,20.1920
alone,transaction,19.5917
alone,transaction,16.3055
alone,transaction,29.6263
alone,transaction,24.1784
alone,transaction,24.1724
alone,transaction,20.7720
alone,transaction,24.2819
alone,transaction,20.6998
alone,transaction,24.0539
alone,transaction,29.3331
alone,transaction,27.7156
alone,transaction,28.6012
alone,transaction,26.5654
alone,transaction,30.2470
alone,transaction,24.4512
alone,transaction,20.9648
alone,transaction,21.5783
alone,transaction,14.4670
alone,transaction,18.2014
alone,transaction,17.1404
alone,transaction,18.2746
alone,transaction,12.8396
alone,transaction,8.1263
alone,transaction,32.5272
alone,transaction,27.1922
alone,transaction,26.0486
alone,transaction,32.1598
alone,transaction,42.2485
alone,transaction,28.9879
alone,transaction,23.6307
alone,transaction,48.3867
alone,transaction,22.1177
alone,transaction,19.9869
alone,transaction,26.9738
alone,transaction,25.7839
alone,transaction,25.3230
alone,transaction,32.0563
alone,transaction,28.2602
alone,transaction,23.9405
alone,transaction,28.3217
alone,transaction,27.2231
alone,transaction,25.8369
alone,transaction,29.1794
alone,transaction,35.4051
alone,transaction,30.3275
alone,transaction,37.8288
alone,transaction,30.7894
alone,transaction,15.1210
alone,transaction,21.4819
alone,transaction,29.6609
alone,transaction,25.7902
alone,transaction,22.1916
alone,transaction,24.0131
alone,transaction,32.6706
alone,transaction,24.5372
alone,transaction,30.1993
alone,transaction,16.3815
alone,transaction,23.1889
alone,transaction,26.3440
alone,transaction,27.3071
alone,transaction,25.1645
alone,transaction,21.2197
alone,transaction,48.2982
alone,transaction,32.4020
alone,transaction,25.2777
alone,transaction,21.9476
alone,transaction,25.4305
alone,transaction,30.8774
alone,transaction,27.7367
alone,transaction,30.2551
alone,transaction,23.7160
alone,transaction,20.8104
alone,transaction,21.9898
alone,transaction,35.8112
alone,transaction,44.0169
alone,transaction,17.1211
alone,transaction,47.0388
alone,transaction,24.3096
alone,transaction,34.5639
alone,transaction,26.7084
alone,transaction,26.3102
alone,transaction,37.4547
alone,transaction,44.9798
alone,transaction,17.8544
alone,transaction,22.7094
alone,transaction,36.0595
alone,transaction,22.6064
alone,transaction,21.1212
alone,transaction,24.7554
alone,transaction,25.8868
alone,transaction,27.4432
alone,transaction,36.4781
alone,transaction,46.7450
alone,transaction,21.3115
alone,transaction,21.5406
alone,transaction,18.5226
alone,transaction,20.2057
alone,transaction,21.2595
alone,transaction,26.7174
alone,transaction,20.7010
alone,transaction,14.2760
alone,transaction,22.2512
alone,transaction,14.9836
alone,transaction,27.0216
alone,transaction,18.1416
alone,transaction,19.3992
alone,transaction,23.2661
alone,transaction,17.1940
alone,transaction,27.5039
alone,transaction,23.8314
alone,transaction,20.0615
alone,transaction,24.1649
alone,transaction,25.0062
alone,transaction,20.9378
alone,transaction,17.3606
alone,transaction,36.8969
alone,transaction,26.0484
alone,transaction,29.5536
alone,transaction,22.5559
alone,transaction,16.7066
alone,transaction,16.3859
alone,transaction,16.6333
alone,transaction,28.4764
alone,transaction,19.4685
alone,transaction,36.6197
alone,transaction,37.3205
alone,transaction,30.4323
alone,transaction,35.4793
alone,transaction,34.0470
alone,transaction,46.5455
alone,transaction,25.7174
alone,transaction,32.2289
alone,transaction,29.1522
alone,transaction,19.5122
alone,transaction,28.2794
alone,transaction,31.1852
alone,transaction,36.5002
alone,transaction,27.3121
alone,transaction,27.2718
alone,transaction,29.4220
alone,transaction,32.8119
alone,transaction,29.6566
alone,transaction,21.6261
alone,transaction,46.0397
alone,transaction,27.5617
alone,transaction,35.5022
alone,transaction,26.7208
alone,transaction,28.5795
alone,transaction,27.9932
alone,transaction,23.5521
alone,transaction,30.4372
alone,transaction,27.0472
alone,transaction,22.0508
alone,transaction,26.0236
alone,transaction,32.1207
alone,transaction,39.2721
alone,transaction,22.4490
alone,transaction,20.8258
alone,transaction,26.4384
alone,transaction,25.7864
alone,transaction,21.5776
alone,transaction,24.3221
alone,transaction,26.7205
alone,transaction,25.2166
alone,transaction,19.7361
alone,transaction,30.6706
alone,transaction,25.3485
alone,transaction,30.3071
alone,transaction,26.6670
alone,transaction,30.7879
alone,transaction,33.3126
alone,transaction,37.5649
alone,transaction,38.8515
alone,transaction,43.1728
alone,transaction,30.1788
alone,transaction,27.0305
alone,transaction,21.3874
alone,transaction,28.6878
alone,transaction,21.0365
alone,transaction,21.9794
alone,transaction,49.4026
alone,transaction,32.3870
alone,transaction,33.8624
alone,transaction,30.4924
alone,transaction,24.1194
alone,transaction,22.8809
alone,transaction,18.6040
alone,transaction,21.3121
alone,transaction,31.2070
alone,transaction,33.5592
alone,transaction,45.3986
alone,transaction,21.8406
alone,transaction,27.0377
alone,transaction,23.9088
alone,transaction,23.2194
alone,transaction,24.2802
alone,transaction,21.9858
alone,transaction,19.5023
alone,transaction,18.6207
alone,transaction,17.1518
alone,transaction,24.9545
alone,transaction,22.9660
alone,transaction,17.4506
alone,transaction,19.5247
alone,transaction,19.9668
alone,transaction,22.2904
alone,transaction,24.4429
alone,transaction,20.8364
alone,transaction,23.7521
alone,transaction,26.0607
alone,transaction,32.3567
alone,transaction,30.9883
alone,transaction,25.7847
alone,transaction,22.8205
alone,transaction,26.0005
alone,transaction,11.3276
alone,transaction,19.3103
alone,transaction,16.7606
alone,transaction,21.7491
alone,transaction,24.2495
alone,transaction,16.1386
alone,transaction,6.1857
alone,transaction,7.6761
alone,transaction,23.3970
alone,transaction,31.4370
alone,transaction,26.1611
alone,transaction,26.7976
alone,transaction,35.8436
alone,transaction,33.6271
alone,transaction,24.2250
alone,transaction,51.6109
alone,transaction,32.7773
alone,transaction,26.0384
alone,transaction,43.2625
alone,transaction,27.0591
alone,transaction,30.9628
alone,transaction,30.7270
alone,transaction,31.4849
alone,transaction,30.1466
alone,transaction,17.1794
alone,transaction,23.0588
alone,transaction,25.5653
alone,transaction,29.1576
alone,transaction,30.8473
alone,transaction,34.9871
alone,transaction,34.0160
alone,transaction,32.5862
alone,transaction,29.6361
alone,transaction,24.1764
alone,transaction,15.6071
alone,transaction,23.0468
alone,transaction,28.1888
alone,transaction,27.4810
alone,transaction,22.7815
alone,transaction,27.0392
alone,transaction,24.5056
alone,transaction,37.4375
alone,transaction,18.9727
alone,transaction,16.8188
alone,transaction,22.6877
alone,transaction,22.3389
alone,transaction,34.9391
alone,transaction,22.8850
alone,transaction,21.9633
alone,transaction,24.6767
alone,transaction,24.9126
alone,transaction,25.1898
alone,transaction,33.6785
alone,transaction,31.5025
alone,transaction,26.6521
alone,transaction,24.6661
alone,transaction,26.6520
alone,transaction,37.8407
alone,transaction,31.1196
alone,transaction,35.6910
alone,transaction,41.5983
alone,transaction,17.3868
alone,transaction,20.0889
alone,transaction,23.3131
alone,transaction,22.9472
alone,transaction,26.8748
alone,transaction,25.6355
alone,transaction,30.2393
alone,transaction,27.2771
alone,transaction,28.0763
alone,transaction,32.0961
alone,transaction,36.3999
alone,transaction,15.8413
alone,transaction,23.4912
alone,transaction,20.2086
alone,transaction,22.6893
alone,transaction,22.1514
alone,transaction,50.0403
alone,transaction,17.3127
alone,transaction,23.7272
alone,transaction,24.7562
alone,transaction,24.3376
alone,transaction,21.4129
alone,transaction,23.8487
alone,transaction,15.2466
alone,transaction,17.2206
alone,transaction,22.7983
alone,transaction,27.0267
alone,transaction,21.5881
alone,transaction,29.4621
alone,transaction,19.4761
alone,transaction,25.3422
alone,transaction,18.7040
alone,transaction,22.1133
alone,transaction,24.0066
alone,transaction,22.7243
alone,transaction,27.0683
alone,transaction,27.3065
alone,transaction,28.3460
alone,transaction,30.1986
alone,transaction,22.8677
alone,transaction,29.5741
alone,transaction,20.7933
alone,transaction,24.7108
alone,transaction,22.2734
alone,transaction,15.6411
alone,transaction,19.1011
alone,transaction,23.2676
alone,transaction,17.7936
alone,transaction,38.0696
alone,transaction,21.9296
alone,transaction,34.2931
alone,transaction,18.5070
alone,transaction,23.2223
alone,transaction,27.5224
alone,transaction,24.3172
alone,transaction,45.4670
alone,transaction,28.6952
alone,transaction,31.9380
alone,transaction,25.5065
alone,transaction,26.5492
alone,transaction,25.8898
alone,transaction,41.9971
alone,transaction,32.8153
alone,transaction,28.0255
alone,transaction,28.8539
alone,transaction,24.4479
alone,transaction,38.2747
alone,transaction,22.1999
alone,transaction,33.4535
alone,transaction,37.1518
alone,transaction,39.4712
alone,transaction,26.1510
alone,transaction,24.2857
alone,transaction,36.2199
alone,transaction,23.9175
alone,transaction,28.0555
alone,transaction,27.5918
alone,transaction,22.1264
alone,transaction,28.9190
alone,transaction,25.3746
alone,transaction,25.3436
alone,transaction,32.8053
alone,transaction,30.8979
alone,transaction,20.4616
alone,transaction,27.3422
alone,transaction,23.3140
alone,transaction,23.3024
alone,transaction,23.0613
alone,transaction,21.8368
alone,transaction,24.4203
alone,transaction,31.1322
alone,transaction,22.3239
alone,transaction,29.9857
alone,transaction,21.6186
alone,transaction,29.8373
alone,transaction,29.1126
alone,transaction,22.1760
alone,transaction,28.2443
alone,transaction,39.2945
alone,transaction,13.7619
alone,transaction,50.7106
alone,transaction,23.6758
alone,transaction,24.9853
alone,transaction,23.9014
alone,transaction,30.6615
alone,transaction,28.1596
alone,transaction,38.2044
alone,transaction,26.7672
alone,transaction,25.4360
alone,transaction,22.3969
alone,transaction,12.8935
alone,transaction,28.1990
alone,transaction,25.4123
alone,transaction,24.7782
alone,transaction,25.0000
alone,transaction,28.5717
alone,transaction,44.1860
alone,transaction,43.4496
alone,transaction,25.0031
alone,transaction,27.5894
alone,transaction,22.0599
alone,transaction,30.9588
alone,transaction,17.8018
alone,transaction,19.6825
alone,transaction,20.3006
alone,transaction,27.5941
alone,transaction,27.0610
alone,transaction,15.7446
alone,transaction,14.7347
alone,transaction,18.7048
alone,transaction,24.1310
alone,transaction,26.4146
alone,transaction,20.0385
alone,transaction,22.4190
alone,transaction,14.7935
alone,transaction,23.6297
alone,transaction,13.6151
alone,transaction,16.0687
alone,transaction,14.8187
alone,transaction,28.0854
alone,transaction,26.7199
alone,transaction,25.1038
alone,transaction,27.5098
alone,transaction,18.0407
alone,transaction,23.7638
alone,transaction,20.7603
alone,transaction,14.3964
alone,transaction,18.6751
alone,transaction,32.9853
alone,transaction,29.9248
alone,transaction,33.0036
alone,transaction,33.7434
alone,transaction,33.2386
alone,transaction,22.6022
alone,transaction,53.6147
alone,transaction,32.5074
alone,transaction,30.4086
alone,transaction,23.8249
alone,transaction,22.4245
alone,transaction,35.7049
alone,transaction,21.1241
alone,transaction,35.6457
alone,transaction,28.7527
alone,transaction,14.5232
alone,transaction,23.4612
alone,transaction,22.2729
alone,transaction,19.1266
alone,transaction,24.8024
alone,transaction,21.4552
alone,transaction,26.1123
alone,transaction,30.5165
alone,transaction,30.4672
alone,transaction,32.1674
alone,transaction,27.9579
alone,transaction,32.0150
alone,transaction,22.9023
alone,transaction,26.9703
alone,transaction,22.9516
alone,transaction,38.4650
alone,transaction,24.3395
alone,transaction,25.5422
alone,transaction,23.6363
alone,transaction,19.0771
alone,transaction,38.3974
alone,transaction,15.2286
alone,transaction,27.9392
alone,transaction,27.0423
alone,transaction,20.4820
alone,transaction,23.3698
alone,transaction,25.8701
alone,transaction,22.7540
alone,transaction,17.1832
alone,transaction,33.0302
alone,transaction,20.3966
alone,transaction,32.1183
alone,transaction,31.4354
alone,transaction,33.9154
alone,transaction,31.0484
alone,transaction,33.1231
alone,transaction,36.8614
alone,transaction,36.3421
alone,transaction,20.0631
alone,transaction,21.2637
alone,transaction,23.8344
alone,transaction,30.3147
alone,transaction,20.6176
alone,transaction,22.1686
alone,transaction,30.3331
alone,transaction,45.2919
alone,transaction,27.7215
alone,transaction,31.5601
alone,transaction,18.9508
alone,transaction,19.2035
alone,transaction,10.4720
alone,transaction,18.7623
alone,transaction,23.6981
alone,transaction,24.7730
alone,transaction,26.4456
alone,transaction,33.1245
alone,transaction,18.7674
alone,transaction,12.7829
alone,transaction,24.9370
alone,transaction,24.5741
alone,transaction,31.9695
alone,transaction,23.1372
alone,transaction,16.3377
alone,transaction,18.8073
alone,transaction,24.4138
alone,transaction,18.6433
alone,transaction,17.7725
alone,transaction,19.8306
alone,transaction,25.6656
alone,transaction,23.8519
alone,transaction,25.4574
alone,transaction,25.0490
alone,transaction,23.7121
alone,transaction,20.0478
alone,transaction,19.4225
alone,transaction,24.0410
alone,transaction,17.0029
alone,transaction,21.6828
alone,transaction,22.1115
alone,transaction,24.1226
alone,transaction,11.2049
alone,transaction,12.2314
alone,transaction,25.4129
alone,transaction,29.3802
alone,transaction,44.1957
alone,transaction,28.3847
alone,transaction,24.2540
alone,transaction,45.5804
alone,transaction,19.9300
alone,transaction,35.9361
alone,transaction,43.5116
alone,transaction,24.8162
alone,transaction,25.1358
alone,transaction,32.0344
alone,transaction,21.9501
alone,transaction,22.9409
alone,transaction,28.8252
alone,transaction,28.6187
alone,transaction,30.0801
alone,transaction,26.8462
alone,transaction,29.3053
alone,transaction,28.9078
alone,transaction,24.9324
alone,transaction,36.1614
alone,transaction,40.7980
alone,transaction,26.9289
alone,transaction,36.6159
alone,transaction,32.1464
alone,transaction,28.8931
alone,transaction,31.3620
alone,transaction,26.1393
alone,transaction,25.7942
alone,transaction,34.2226
alone,transaction,27.5628
alone,transaction,24.7394
alone,transaction,30.2143
alone,transaction,20.0441
alone,transaction,26.6508
alone,transaction,30.6023
alone,transaction,27.6524
alone,transaction,30.6251
alone,transaction,20.9176
alone,transaction,25.9914
alone,transaction,21.9791
alone,transaction,22.1583
alone,transaction,24.0806
alone,transaction,25.9968
alone,transaction,22.7954
alone,transaction,24.9196
alone,transaction,26.4112
alone,transaction,31.3394
alone,transaction,31.6445
alone,transaction,16.7014
alone,transaction,12.9494
alone,transaction,18.2223
alone,transaction,103.1304
alone,transaction,22.5731
alone,transaction,11.9271
alone,transaction,16.1736
alone,transaction,27.4276
alone,transaction,18.8885
alone,transaction,25.8641
alone,transaction,41.7104
alone,transaction,32.8250
alone,transaction,32.7782
alone,transaction,31.4369
alone,transaction,23.4380
alone,transaction,20.7055
alone,transaction,20.7203
alone,transaction,22.4896
alone,transaction,24.5131
alone,transaction,33.3997
alone,transaction,28.9754
alone,transaction,18.9835
alone,transaction,25.0558
alone,transaction,23.4924
alone,transaction,21.7700
alone,transaction,19.3832
alone,transaction,33.9323
alone,transaction,22.8550
alone,transaction,19.9809
alone,transaction,21.1681
alone,transaction,18.5165
alone,transaction,17.5003
alone,transaction,28.2660
alone,transaction,18.7628
alone,transaction,21.8354
alone,transaction,20.0469
alone,transaction,20.7289
alone,transaction,22.1464
alone,transaction,22.1496
alone,transaction,30.8536
alone,transaction,20.3870
alone,transaction,28.4811
alone,transaction,22.2223
alone,transaction,22.9540
alone,transaction,26.7202
alone,transaction,27.3485
alone,transaction,27.4234
alone,transaction,32.3900
alone,transaction,17.4710
alone,transaction,16.7752
alone,transaction,23.5764
alone,transaction,11.5745
alone,transaction,39.1781
alone,transaction,32.6817
alone,transaction,27.6211
alone,transaction,35.2753
alone,transaction,20.4093
alone,transaction,23.7075
alone,transaction,36.8942
alone,transaction,42.1383
alone,transaction,25.8841
alone,transaction,30.2932
alone,transaction,21.2654
alone,transaction,33.8340
alone,transaction,24.5604
alone,transaction,31.4742
alone,transaction,39.7534
alone,transaction,34.7884
alone,transaction,27.4636
alone,transaction,26.0983
alone,transaction,29.0345
alone,transaction,23.2398
alone,transaction,43.9793
alone,transaction,31.9468
alone,transaction,29.7682
alone,transaction,29.3184
alone,transaction,26.2310
alone,transaction,28.5025
alone,transaction,42.7982
alone,transaction,34.5312
alone,transaction,30.3791
alone,transaction,35.3889
alone,transaction,26.9166
alone,transaction,23.5314
alone,transaction,36.7433
alone,transaction,25.3430
alone,transaction,25.5819
alone,transaction,30.4099
alone,transaction,32.5607
alone,transaction,25.8226
alone,transaction,27.9322
alone,transaction,23.1947
alone,transaction,29.8751
alone,transaction,25.8503
alone,transaction,18.8505
alone,transaction,27.4605
alone,transaction,28.1622
alone,transaction,33.5493
alone,transaction,42.4847
alone,transaction,71.4285
alone,transaction,22.5346
alone,transaction,35.9638
alone,transaction,21.8980
alone,transaction,31.5186
alone,transaction,26.3538
alone,transaction,19.4607
alone,transaction,30.6313
alone,transaction,16.2151
alone,transaction,22.5886
alone,transaction,22.3405
alone,transaction,24.4875
alone,transaction,16.1152
alone,transaction,16.2482
alone,transaction,27.2981
alone,transaction,21.4162
alone,transaction,24.1552
alone,transaction,19.7397
alone,transaction,15.7286
alone,transaction,36.5279
alone,transaction,14.7781
alone,transaction,16.2656
alone,transaction,34.9861
alone,transaction,22.0624
alone,transaction,25.0129
alone,transaction,27.1631
alone,transaction,20.8451
alone,transaction,20.6433
alone,transaction,21.4378
alone,transaction,20.4536
alone,transaction,16.9019
alone,transaction,16.8883
alone,transaction,27.6551
alone,transaction,15.7302
alone,transaction,17.0329
alone,transaction,22.9081
alone,transaction,20.3016
alone,transaction,21.1823
alone,transaction,22.2688
alone,transaction,21.3678
alone,transaction,18.9021
alone,transaction,28.3892
alone,transaction,34.2083
alone,transaction,20.5393
alone,transaction,21.6616
alone,transaction,22.8742
alone,transaction,27.9007
alone,transaction,22.6022
alone,transaction,24.9131
alone,transaction,14.8512
alone,transaction,25.1942
alone,transaction,12.2121
alone,transaction,17.6021
alone,transaction,30.4053
alone,transaction,25.1927
alone,transaction,28.9634
alone,transaction,39.8591
alone,transaction,37.3388
alone,transaction,36.5803
alone,transaction,47.3359
alone,transaction,37.4086
alone,transaction,31.7282
alone,transaction,28.3456
alone,transaction,29.3579
alone,transaction,42.7993
alone,transaction,35.1543
alone,transaction,24.0734
alone,transaction,24.1381
alone,transaction,22.6240
alone,transaction,23.1751
alone,transaction,24.3941
alone,transaction,20.9486
alone,transaction,21.0181
alone,transaction,33.9999
alone,transaction,15.3098
alone,transaction,25.2730
alone,transaction,34.9363
alone,transaction,25.0509
alone,transaction,33.3488
alone,transaction,26.6317
alone,transaction,27.6501
alone,transaction,36.8578
alone,transaction,36.4908
alone,transaction,26.2241
alone,transaction,25.5138
alone,transaction,23.3910
alone,transaction,23.5131
alone,transaction,29.4575
alone,transaction,38.2622
alone,transaction,27.8313
alone,transaction,22.1694
alone,transaction,24.6262
alone,transaction,26.8206
alone,transaction,11.5356
alone,transaction,20.4341
alone,transaction,26.5591
alone,transaction,25.2673
alone,transaction,28.8352
alone,transaction,24.7730
alone,transaction,21.7844
alone,transaction,34.1582
alone,transaction,36.0952
alone,transaction,29.6268
alone,transaction,35.8314
alone,transaction,44.3213
alone,transaction,18.7985
alone,transaction,24.9837
alone,transaction,37.3848
alone,transaction,21.4229
alone,transaction,21.9173
alone,transaction,23.6037
alone,transaction,22.1806
alone,transaction,17.6976
alone,transaction,15.2005
alone,transaction,11.3703
alone,transaction,34.8915
alone,transaction,29.9752
alone,transaction,23.3440
alone,transaction,23.2868
alone,transaction,23.0107
alone,transaction,17.4382
alone,transaction,31.2702
alone,transaction,28.6879
alone,transaction,25.7518
alone,transaction,22.2207
alone,transaction,16.0445
alone,transaction,26.3175
alone,transaction,27.9619
alone,transaction,27.7849
alone,transaction,25.2590
alone,transaction,22.8600
alone,transaction,22.6442
alone,transaction,20.6361
alone,transaction,17.2367
alone,transaction,26.0165
alone,transaction,22.1841
alone,transaction,16.6073
alone,transaction,18.7671
alone,transaction,17.4711
alone,transaction,24.8949
alone,transaction,33.3178
alone,transaction,18.9642
alone,transaction,24.4913
alone,transaction,14.0002
alone,transaction,29.9314
alone,transaction,23.9105
alone,transaction,15.0373
alone,transaction,20.0488
alone,transaction,30.7432
alone,transaction,15.3086
alone,transaction,29.7303
alone,transaction,25.5724
alone,transaction,28.9600
alone,transaction,27.0203
alone,transaction,36.9004
alone,transaction,21.3506
alone,transaction,34.6982
alone,transaction,35.5894
alone,transaction,32.7762
alone,transaction,44.3521
alone,transaction,38.9930
alone,transaction,21.1845
alone,transaction,36.0710
alone,transaction,21.7384
alone,transaction,30.3354
alone,transaction,38.8596
alone,transaction,34.6822
alone,transaction,27.9948
alone,transaction,23.5742
alone,transaction,27.4320
alone,transaction,26.0394
alone,transaction,35.3318
alone,transaction,28.3853
alone,transaction,31.9782
alone,transaction,28.9718
alone,transaction,31.1377
alone,transaction,27.0039
alone,transaction,25.8354
alone,transaction,26.3985
alone,transaction,27.2173
alone,transaction,35.8985
alone,transaction,34.1662
alone,transaction,34.7769
alone,transaction,23.5333
alone,transaction,27.7080
alone,transaction,22.8841
alone,transaction,18.9595
alone,transaction,27.5017
alone,transaction,27.7832
alone,transaction,28.7081
alone,transaction,21.7049
alone,transaction,21.9626
alone,transaction,25.4238
alone,transaction,18.6526
alone,transaction,24.9866
alone,transaction,28.2997
alone,transaction,25.7197
alone,transaction,29.4812
alone,transaction,29.8802
alone,transaction,30.0741
alone,transaction,34.0748
alone,transaction,34.3990
alone,transaction,38.5817
alone,transaction,42.9824
alone,transaction,34.8256
alone,transaction,22.6630
alone,transaction,38.4888
alone,transaction,26.4474
alone,transaction,34.2537
alone,transaction,19.7206
alone,transaction,26.6001
alone,transaction,15.5178
alone,transaction,17.3646
alone,transaction,14.5351
alone,transaction,35.7124
alone,transaction,20.8470
alone,transaction,23.7842
alone,transaction,17.8656
alone,transaction,19.4184
alone,transaction,20.0044
alone,transaction,30.8024
alone,transaction,24.1063
alone,transaction,52.0503
alone,transaction,22.1938
alone,transaction,18.2534
alone,transaction,21.5026
alone,transaction,31.1036
alone,transaction,21.2331
alone,transaction,19.7506
alone,transaction,19.8952
alone,transaction,23.6263
alone,transaction,21.2342
alone,transaction,24.0976
alone,transaction,15.8260
alone,transaction,15.2179
alone,transaction,19.3569
alone,transaction,23.1499
alone,transaction,20.5393
alone,transaction,21.2770
alone,transaction,24.2259
alone,transaction,24.6817
alone,transaction,26.9368
alone,transaction,30.9739
alone,transaction,29.2905
alone,transaction,20.4904
alone,transaction,26.8811
alone,transaction,27.3141
alone,transaction,26.8355
alone,transaction,14.6457
alone,transaction,17.5659
alone,transaction,14.7462
alone,transaction,14.0056
alone,transaction,17.7386
alone,transaction,33.6017
alone,transaction,27.0797
alone,transaction,30.0492
alone,transaction,39.5369
alone,transaction,36.8107
alone,transaction,33.9499
alone,transaction,49.6848
alone,transaction,25.2889
alone,transaction,28.9146
alone,transaction,41.7715
alone,transaction,35.1526
alone,transaction,44.9680
alone,transaction,30.4260
alone,transaction,31.4606
alone,transaction,31.0611
alone,transaction,23.8538
alone,transaction,27.3700
alone,transaction,27.6344
alone,transaction,26.4451
alone,transaction,35.8656
alone,transaction,35.0560
alone,transaction,30.2276
alone,transaction,28.9205
alone,transaction,24.2982
alone,transaction,24.5900
alone,transaction,31.6528
alone,transaction,32.7688
alone,transaction,24.6043
alone,transaction,25.6851
alone,transaction,37.3613
alone,transaction,27.4415
alone,transaction,22.8137
alone,transaction,29.9277
alone,transaction,31.1860
alone,transaction,25.1903
alone,transaction,19.4534
alone,transaction,21.4831
alone,transaction,25.5429
alone,transaction,14.7150
alone,transaction,25.7418
alone,transaction,28.3999
alone,transaction,33.7982
alone,transaction,32.0496
alone,transaction,32.1785
alone,transaction,28.2508
alone,transaction,21.4844
alone,transaction,22.0800
alone,transaction,22.1528
alone,transaction,10.1309
alone,transaction,4.7781
alone,transaction,70.9215
alone,transaction,28.4696
alone,transaction,27.2409
alone,transaction,28.6917
alone,transaction,35.3245
alone,transaction,35.7488
alone,transaction,6.8174
alone,transaction,16.6963
alone,transaction,13.9685
alone,transaction,23.0070
alone,transaction,31.5915
alone,transaction,24.9219
alone,transaction,32.5714
alone,transaction,25.2869
alone,transaction,20.1561
alone,transaction,16.1410
alone,transaction,23.8149
alone,transaction,55.7383
alone,transaction,12.2092
alone,transaction,14.8309
alone,transaction,37.8690
alone,transaction,17.9317
alone,transaction,19.0182
alone,transaction,21.0571
alone,transaction,23.6752
alone,transaction,18.8968
alone,transaction,22.2090
alone,transaction,19.5706
alone,transaction,18.1859
alone,transaction,17.9903
alone,transaction,14.4267
alone,transaction,29.1243
alone,transaction,17.6188
alone,transaction,23.9869
alone,transaction,18.2329
alone,transaction,26.4418
alone,transaction,20.6490
alone,transaction,21.9385
alone,transaction,21.2037
alone,transaction,27.1580
alone,transaction,31.6133
alone,transaction,29.6627
alone,transaction,25.4811
alone,transaction,30.1131
alone,transaction,27.0460
alone,transaction,21.4419
alone,transaction,19.0928
alone,transaction,13.5458
alone,transaction,18.6612
alone,transaction,21.6080
alone,transaction,35.7226
alone,transaction,30.8102
alone,transaction,37.9667
alone,transaction,38.3776
alone,transaction,29.3813
alone,transaction,31.4633
alone,transaction,45.8105
alone,transaction,28.1488
alone,transaction,27.7568
alone,transaction,28.2086
alone,transaction,27.2995
alone,transaction,23.7923
alone,transaction,26.1673
alone,transaction,35.6525
alone,transaction,27.5651
alone,transaction,35.1024
alone,transaction,24.6907
alone,transaction,31.1650
alone,transaction,28.1087
alone,transaction,29.8407
alone,transaction,38.7546
alone,transaction,32.1334
alone,transaction,34.1908
alone,transaction,28.8391
alone,transaction,27.0186
alone,transaction,23.7915
alone,transaction,32.4303
alone,transaction,26.7499
alone,transaction,36.9888
alone,transaction,29.4233
alone,transaction,20.6799
alone,transaction,31.6302
alone,transaction,27.0490
alone,transaction,26.9280
alone,transaction,20.0095
alone,transaction,22.4886
alone,transaction,23.2092
alone,transaction,24.7181
alone,transaction,21.7881
alone,transaction,18.8891
alone,transaction,26.4539
alone,transaction,26.0927
alone,transaction,23.2516
alone,transaction,18.7171
alone,transaction,27.8991
alone,transaction,25.9888
alone,transaction,30.6386
alone,transaction,34.9861
alone,transaction,21.5678
alone,transaction,11.6379
alone,transaction,32.0359
alone,transaction,72.5539
alone,transaction,18.0448
alone,transaction,23.1291
alone,transaction,18.8083
alone,transaction,28.2312
alone,transaction,35.7499
alone,transaction,23.9323
alone,transaction,33.4399
alone,transaction,32.7434
alone,transaction,15.2200
alone,transaction,33.2363
alone,transaction,28.8360
alone,transaction,24.0259
alone,transaction,23.8495
alone,transaction,24.3132
alone,transaction,15.8748
alone,transaction,33.7855
alone,transaction,26.0125
alone,transaction,15.1641
alone,transaction,27.2041
alone,transaction,27.5622
alone,transaction,28.1731
alone,transaction,29.4510
alone,transaction,25.9280
alone,transaction,22.4815
alone,transaction,20.7400
alone,transaction,19.5906
alone,transaction,21.7534
alone,transaction,22.9069
alone,transaction,14.8339
alone,transaction,19.0235
alone,transaction,18.3302
alone,transaction,18.5357
alone,transaction,22.6639
alone,transaction,19.7869
alone,transaction,22.4425
alone,transaction,22.7513
alone,transaction,25.8406
alone,transaction,30.9877
alone,transaction,27.8253
alone,transaction,21.8295
alone,transaction,24.4859
alone,transaction,24.4260
alone,transaction,22.4635
alone,transaction,22.5636
alone,transaction,17.4470
alone,transaction,14.3161
alone,transaction,19.0680
alone,transaction,12.9943
