phase,measure,ms
both,query,9.8075
both,query,8.9993
both,query,5.8643
both,query,5.0803
both,query,19.5195
both,query,6.3685
both,query,5.1470
both,query,5.1114
both,query,2.3596
both,query,2.3386
both,query,5.9653
both,query,5.8768
both,query,4.9639
both,query,3.0716
both,query,6.7275
both,query,4.0874
both,query,5.7025
both,query,3.7389
both,query,2.4652
both,query,2.2241
both,query,4.9865
both,query,3.1408
both,query,4.6100
both,query,3.6262
both,query,3.4530
both,query,1.9243
both,query,6.1334
both,query,2.1624
both,query,6.0127
both,query,4.0779
both,query,3.2778
both,query,3.8766
both,query,5.3727
both,query,7.3536
both,query,4.8483
both,query,4.3221
both,query,22.8004
both,query,3.1538
both,query,2.9947
both,query,5.5274
both,query,5.0512
both,query,5.1167
both,query,3.7070
both,query,4.8425
both,query,5.1960
both,query,2.2644
both,query,1.6109
both,query,1.8992
both,query,6.3629
both,query,9.6030
both,query,3.6136
both,query,2.2617
both,query,3.6182
both,query,11.1583
both,query,6.1071
both,query,24.8878
both,query,3.4396
both,query,4.3004
both,query,2.3154
both,query,2.4627
both,query,1.7640
both,query,7.4371
both,query,4.4439
both,query,6.0558
both,query,5.3896
both,query,7.0613
both,query,3.3332
both,query,5.5477
both,query,2.5164
both,query,3.9766
both,query,4.6247
both,query,5.8580
both,query,11.3630
both,query,3.1130
both,query,3.2909
both,query,8.9490
both,query,2.6891
both,query,3.2697
both,query,5.1062
both,query,6.1153
both,query,4.6563
both,query,3.8921
both,query,3.0288
both,query,3.1110
both,query,4.1157
both,query,6.5059
both,query,5.3250
both,query,6.5462
both,query,7.9272
both,query,4.0198
both,query,5.0511
both,query,4.3047
both,query,4.2923
both,query,2.9962
both,query,3.6985
both,query,3.5336
both,query,5.3293
both,query,6.4268
both,query,2.1459
both,query,3.5011
both,query,13.7560
both,query,6.3712
both,query,8.1267
both,query,4.1425
both,query,4.6074
both,query,5.1381
both,query,2.5857
both,query,4.6432
both,query,3.5795
both,query,3.2540
both,query,8.3902
both,query,4.0554
both,query,7.4280
both,query,6.0202
both,query,2.5741
both,query,5.8686
both,query,16.4178
both,query,5.2151
both,query,7.8690
both,query,5.6530
both,query,2.1054
both,query,4.3975
both,query,5.4801
both,query,3.5184
both,query,5.9258
both,query,5.8409
both,query,5.0246
both,query,13.1420
both,query,5.6810
both,query,2.9534
both,query,4.8651
both,query,4.8553
both,query,5.3784
both,query,6.0772
both,query,5.7256
both,query,2.3915
both,query,3.1027
both,query,4.9174
both,query,5.1088
both,query,14.5649
both,query,3.0297
both,query,4.0998
both,query,5.8197
both,query,7.6491
both,query,4.4337
both,query,4.3888
both,query,9.3424
both,query,5.8960
both,query,3.1064
both,query,13.7014
both,query,2.6579
both,query,8.1827
both,query,7.1832
both,query,8.7993
both,query,6.7624
both,query,5.5335
both,query,7.8421
both,query,3.6384
both,query,3.1659
both,query,4.7896
both,query,2.8404
both,query,1.3164
both,query,2.1111
both,query,6.7653
both,query,12.5756
both,query,3.1842
both,query,4.6590
both,query,3.1974
both,query,4.4049
both,query,8.9246
both,query,3.5980
both,query,7.9246
both,query,9.9985
both,query,4.7508
both,query,6.2660
both,query,19.1186
both,query,3.1047
both,query,5.3378
both,query,4.7218
both,query,3.9867
both,query,3.2709
both,query,1.4107
both,query,2.0729
both,query,1.8415
both,query,2.5603
both,query,3.1354
both,query,5.0842
both,query,3.5590
both,query,2.8342
both,query,3.6544
both,query,6.5117
both,query,3.8154
both,query,5.9891
both,query,5.3990
both,query,3.3528
both,query,5.0477
both,query,2.3469
both,query,3.1153
both,query,5.0965
both,query,2.1195
both,query,15.6547
both,query,4.4948
both,query,3.2247
both,query,5.5843
both,query,4.4438
both,query,2.0053
both,query,1.7626
both,query,3.9843
both,query,4.0579
both,query,5.2493
both,query,5.4042
both,query,9.3285
both,query,6.7448
both,query,3.8149
both,query,1.7657
both,query,10.2959
both,query,6.3508
both,query,5.7421
both,query,3.1030
both,query,3.2021
both,query,4.3935
both,query,3.6605
both,query,5.0963
both,query,3.8998
both,query,6.3399
both,query,4.0991
both,query,4.4856
both,query,3.4725
both,query,9.5106
both,query,3.4762
both,query,5.1230
both,query,6.2861
both,query,6.4076
both,query,4.8499
both,query,3.7662
both,query,5.5339
both,query,5.7523
both,query,3.7618
both,query,3.7137
both,query,5.4555
both,query,5.3328
both,query,4.0894
both,query,5.3731
both,query,4.4258
both,query,6.1770
both,query,3.4029
both,query,4.5455
both,query,7.0316
both,query,4.8262
both,query,4.6422
both,query,5.4790
both,query,3.4781
both,query,4.5405
both,query,5.1856
both,query,2.9926
both,query,13.5972
both,query,9.9829
both,query,3.8464
both,query,5.3258
both,query,3.5298
both,query,1.8334
both,query,5.2118
both,query,5.0347
both,query,3.0309
both,query,2.5055
both,query,2.9297
both,query,3.8150
both,query,6.5207
both,query,3.5318
both,query,4.7591
both,query,10.2011
both,query,4.9921
both,query,3.4249
both,query,2.3020
both,query,7.9296
both,query,4.0965
both,query,4.2802
both,query,7.5752
both,query,4.9984
both,query,6.6786
both,query,3.2370
both,query,3.9559
both,query,2.1226
both,query,5.6106
both,query,6.7055
both,query,5.7795
both,query,3.7092
both,query,2.1174
both,query,1.7665
both,query,5.4261
both,query,5.2214
both,query,3.8269
both,query,4.1085
both,query,6.5260
both,query,1.8768
both,query,2.5665
both,query,10.8545
both,query,4.5751
both,query,2.0894
both,query,1.3335
both,query,11.1354
both,query,5.8139
both,query,3.7918
both,query,9.2997
both,query,2.3464
both,query,6.7682
both,query,3.1156
both,query,3.4073
both,query,4.0255
both,query,5.7592
both,query,4.2189
both,query,4.3807
both,query,7.6002
both,query,4.9150
both,query,3.2889
both,query,7.2544
both,query,6.6667
both,query,4.2594
both,query,2.2929
both,query,5.3024
both,query,3.3793
both,query,4.9799
both,query,6.7458
both,query,3.8916
both,query,4.2975
both,query,5.0264
both,query,5.8273
both,query,2.8553
both,query,4.8777
both,query,6.1883
both,query,4.5473
both,query,5.3234
both,query,4.4717
both,query,5.6434
both,query,4.6311
both,query,3.2024
both,query,6.6379
both,query,5.0585
both,query,5.6605
both,query,5.2847
both,query,4.2392
both,query,3.3950
both,query,4.9615
both,query,6.7070
both,query,11.4585
both,query,10.8268
both,query,6.0715
both,query,2.7133
both,query,5.0440
both,query,3.3614
both,query,1.9632
both,query,5.0314
both,query,3.9182
both,query,2.5846
both,query,9.8110
both,query,3.2949
both,query,3.7713
both,query,5.3808
both,query,7.6078
both,query,16.5879
both,query,10.2194
both,query,9.8661
both,query,2.5508
both,query,3.9055
both,query,8.0372
both,query,3.0669
both,query,5.3476
both,query,5.0727
both,query,2.7046
both,query,5.9112
both,query,13.3115
both,query,1.8122
both,query,3.5176
both,query,2.5636
both,query,4.8377
both,query,3.8897
both,query,6.9797
both,query,5.0499
both,query,5.7392
both,query,7.2297
both,query,2.1136
both,query,4.4822
both,query,2.8563
both,query,5.6894
both,query,5.5849
both,query,4.0945
both,query,4.6590
both,query,3.4289
both,query,4.6112
both,query,3.4842
both,query,5.4519
both,query,8.2708
both,query,2.1212
both,query,1.8322
both,query,2.6415
both,query,2.1326
both,query,1.3309
both,query,1.5499
both,query,1.2723
both,query,1.2892
both,query,10.4532
both,query,6.0143
both,query,3.3574
both,query,12.0414
both,query,4.1725
both,query,4.1032
both,query,4.5035
both,query,4.0735
both,query,1.6133
both,query,4.2032
both,query,8.2860
both,query,2.7667
both,query,3.2769
both,query,4.2933
both,query,3.7360
both,query,2.9606
both,query,7.8516
both,query,2.9976
both,query,5.5508
both,query,3.5865
both,query,5.6245
both,query,4.0140
both,query,3.6530
both,query,1.9962
both,query,4.5471
both,query,6.1959
both,query,5.9616
both,query,3.9705
both,query,5.6102
both,query,5.9791
both,query,3.5636
both,query,8.9176
both,query,6.6471
both,query,27.3116
both,query,6.2201
both,query,6.0925
both,query,4.6753
both,query,6.9125
both,query,4.9107
both,query,4.7734
both,query,5.9520
both,query,5.8502
both,query,6.3519
both,query,6.0342
both,query,6.0773
both,query,8.4149
both,query,8.8177
both,query,2.4888
both,query,1.2340
both,query,4.9632
both,query,5.0924
both,query,9.2442
both,query,4.0782
both,query,3.9895
both,query,4.6466
both,query,2.9668
both,query,4.9763
both,query,2.3910
both,query,13.9345
both,query,4.3945
both,query,1.9654
both,query,2.3960
both,query,4.9833
both,query,4.8183
both,query,5.3348
both,query,4.6202
both,query,4.5340
both,query,6.2355
both,query,3.0081
both,query,5.7755
both,query,3.2857
both,query,1.5940
both,query,4.5762
both,query,8.5416
both,query,12.1539
both,query,3.6302
both,query,6.4339
both,query,3.0668
both,query,8.3965
both,query,4.3633
both,query,5.3281
both,query,4.0454
both,query,4.4257
both,query,4.7538
both,query,6.2567
both,query,2.8551
both,query,2.0878
both,query,8.9613
both,query,3.1140
both,query,2.1461
both,query,5.2208
both,query,5.9896
both,query,8.1142
both,query,2.1026
both,query,3.7801
both,query,1.9627
both,query,1.5705
both,query,2.9065
both,query,2.4151
both,query,2.0196
both,query,5.9832
both,query,5.0443
both,query,7.9169
both,query,5.7327
both,query,5.2550
both,query,1.4877
both,query,5.4924
both,query,4.3979
both,query,3.5886
both,query,6.5949
both,query,5.9840
both,query,4.3610
both,query,3.9306
both,query,2.8720
both,query,6.5858
both,query,4.1083
both,query,3.0918
both,query,3.6125
both,query,2.3305
both,query,4.2937
both,query,9.0940
both,query,6.6762
both,query,2.5980
both,query,3.6913
both,query,8.0027
both,query,4.7412
both,query,4.7281
both,query,2.0907
both,query,3.0372
both,query,3.7350
both,query,3.5215
both,query,6.1316
both,query,4.0267
both,query,5.9311
both,query,3.2172
both,query,2.0686
both,query,4.8324
both,query,1.9926
both,query,3.3767
both,query,7.3695
both,query,4.0051
both,query,5.4231
both,query,4.2740
both,query,4.7127
both,query,5.8377
both,query,7.1594
both,query,6.2498
both,query,4.4261
both,query,3.7704
both,query,3.7979
both,query,8.3997
both,query,5.1464
both,query,10.6497
both,query,4.9485
both,query,2.3983
both,query,2.4067
both,query,3.2421
both,query,5.8852
both,query,4.3233
both,query,4.6968
both,query,4.0021
both,query,3.4871
both,query,3.6890
both,query,5.6808
both,query,3.2213
both,query,1.6531
both,query,1.9296
both,query,4.5643
both,query,3.4441
both,query,1.7351
both,query,1.7502
both,query,1.7711
both,query,1.6325
both,query,1.6103
both,query,1.6455
both,query,6.2910
both,query,4.0124
both,query,3.5416
both,query,1.6514
both,query,7.6087
both,query,2.1961
both,query,3.7525
both,query,3.6017
both,query,4.2146
both,query,3.4957
both,query,4.1793
both,query,3.5234
both,query,11.5733
both,query,6.0328
both,query,5.2360
both,query,2.1821
both,query,7.2810
both,query,4.5160
both,query,5.4635
both,query,3.4387
both,query,6.3461
both,query,10.2516
both,query,2.9184
both,query,2.0247
both,query,2.1505
both,query,2.2694
both,query,4.3420
both,query,1.8569
both,query,4.7344
both,query,4.4783
both,query,3.7605
both,query,1.9972
both,query,2.7490
both,query,3.4306
both,query,4.5482
both,query,1.7147
both,query,5.7636
both,query,3.3395
both,query,4.3750
both,query,4.9277
both,query,20.6750
both,query,4.1320
both,query,3.5835
both,query,3.4778
both,query,6.0196
both,query,1.4736
both,query,1.8859
both,query,3.8363
both,query,2.8109
both,query,3.9290
both,query,4.8186
both,query,2.1691
both,query,8.7137
both,query,5.4749
both,query,4.3106
both,query,4.2271
both,query,3.6084
both,query,3.3677
both,query,5.2946
both,query,2.0638
both,query,5.5313
both,query,2.6893
both,query,2.7825
both,query,4.8387
both,query,3.9574
both,query,4.4527
both,query,2.0794
both,query,4.2703
both,query,4.4128
both,query,5.1205
both,query,4.3586
both,query,4.4635
both,query,6.5378
both,query,15.2172
both,query,3.7237
both,query,3.9247
both,query,8.6283
both,query,4.4710
both,query,11.0960
both,query,2.4693
both,query,2.3429
both,query,4.4201
both,query,9.9454
both,query,6.1178
both,query,3.5683
both,query,4.2310
both,query,2.0237
both,query,4.5231
both,query,5.9889
both,query,4.3145
both,query,5.4545
both,query,1.6413
both,query,2.6033
both,query,3.6182
both,query,4.3119
both,query,3.4973
both,query,4.8978
both,query,3.9878
both,query,5.2568
both,query,4.7170
both,query,7.6105
both,query,3.7416
both,query,5.3811
both,query,2.2672
both,query,6.7109
both,query,2.7646
both,query,7.3906
both,query,3.7452
both,query,4.6196
both,query,4.4044
both,query,6.6425
both,query,3.4066
both,query,2.1695
both,query,5.1245
both,query,10.1252
both,query,2.0564
both,query,2.3503
both,query,5.0475
both,query,6.7242
both,query,2.9035
both,query,5.4843
both,query,6.2246
both,query,6.2417
both,query,2.7984
both,query,5.3511
both,query,16.9202
both,query,8.9822
both,query,5.5219
both,query,3.9539
both,query,5.3673
both,query,4.5492
both,query,4.1659
both,query,5.9249
both,query,9.0158
both,query,2.9615
both,query,5.4799
both,query,3.8327
both,query,6.5236
both,query,3.7055
both,query,8.5681
both,query,5.2628
both,query,1.4484
both,query,4.3262
both,query,4.6346
both,query,5.0151
both,query,2.8226
both,query,2.5952
both,query,4.5512
both,query,4.8233
both,query,6.7275
both,query,4.3305
both,query,5.7610
both,query,3.7824
both,query,4.9693
both,query,2.5971
both,query,4.2002
both,query,5.3516
both,query,3.1239
both,query,5.4334
both,query,2.2314
both,query,3.4603
both,query,6.1677
both,query,3.2042
both,query,4.9461
both,query,4.5326
both,query,4.0872
both,query,4.5965
both,query,7.3055
both,query,6.6496
both,query,8.2268
both,query,6.4873
both,query,6.0970
both,query,2.8230
both,query,4.9520
both,query,8.9372
both,query,1.9672
both,query,5.7375
both,query,5.1578
both,query,4.3542
both,query,4.4187
both,query,7.2787
both,query,3.6063
both,query,3.6452
both,query,3.3875
both,query,1.7583
both,query,3.2009
both,query,4.3834
both,query,8.0475
both,query,4.4843
both,query,2.0284
both,query,4.4728
both,query,1.6301
both,query,2.6934
both,query,2.6807
both,query,3.0684
both,query,5.8411
both,query,7.1048
both,query,3.2361
both,query,5.1695
both,query,5.3092
both,query,2.3143
both,query,7.9595
both,query,5.6695
both,query,2.1928
both,query,5.1477
both,query,5.4515
both,query,4.4249
both,query,3.0782
both,query,3.4711
both,query,6.3058
both,query,4.9093
both,query,3.0504
both,query,2.6409
both,query,4.9286
both,query,4.7496
both,query,2.8378
both,query,5.1884
both,query,4.0412
both,query,4.4652
both,query,6.7727
both,query,10.1451
both,query,2.8729
both,query,2.3668
both,query,9.0929
both,query,4.4683
both,query,28.7958
both,query,3.1813
both,query,3.3943
both,query,3.9597
both,query,4.5678
both,query,5.8608
both,query,3.8020
both,query,4.4076
both,query,5.2617
both,query,5.7074
both,query,4.6363
both,query,2.7701
both,query,5.2413
both,query,3.8672
both,query,12.5744
both,query,5.8745
both,query,7.2255
both,query,8.7630
both,query,5.0118
both,query,6.8543
both,query,10.9190
both,query,2.7357
both,query,8.0015
both,query,3.0123
both,query,3.6470
both,query,3.2026
both,query,3.4671
both,query,4.1887
both,query,3.8869
both,query,3.7888
both,query,4.8394
both,query,3.3465
both,query,7.1867
both,query,5.7949
both,query,4.8967
both,query,6.0211
both,query,3.8814
both,query,3.9129
both,query,9.2364
both,query,4.1048
both,query,4.1222
both,query,4.0962
both,query,3.7090
both,query,5.6505
both,query,3.2694
both,query,7.6574
both,query,10.3598
both,query,7.3277
both,query,5.0381
both,query,5.6506
both,query,3.6949
both,query,5.1973
both,query,11.1928
both,query,3.7315
both,query,4.9840
both,query,6.6727
both,query,5.5992
both,query,2.8261
both,query,7.2591
both,query,8.4189
both,query,3.8215
both,query,2.8126
both,query,2.6380
both,query,5.4274
both,query,3.3894
both,query,2.3246
both,query,6.0333
both,query,5.7278
both,query,3.2656
both,query,4.0818
both,query,8.0108
both,query,4.8663
both,query,3.5920
both,query,2.8251
both,query,5.2220
both,query,4.2841
both,query,3.0325
both,query,6.0261
both,query,4.4229
both,query,3.5982
both,query,4.1818
both,query,4.2885
both,query,5.5998
both,query,13.2459
both,query,5.2862
both,query,2.7663
both,query,5.0694
both,query,1.7311
both,query,4.8536
both,query,4.6625
both,query,5.8302
both,query,8.4046
both,query,4.1115
both,query,7.3561
both,query,2.6255
both,query,2.7295
both,query,2.1485
both,query,2.0748
both,query,2.8849
both,query,1.3632
both,query,22.0028
both,query,7.3513
both,query,6.6775
both,query,4.1020
both,query,8.1423
both,query,4.7243
both,query,3.4316
both,query,3.5618
both,query,4.0984
both,query,3.6953
both,query,11.6571
both,query,5.0540
both,query,3.6307
both,query,5.6365
both,query,3.2941
both,query,4.2395
both,query,4.0036
both,query,2.7899
both,query,6.8875
both,query,6.4762
both,query,3.4263
both,query,7.2227
both,query,3.4503
both,query,8.5062
both,query,2.2090
both,query,3.7938
both,query,3.1491
both,query,3.5933
both,query,3.1902
both,query,3.0140
both,query,3.2050
both,query,8.2246
both,query,3.7643
both,query,4.3527
both,query,3.0136
both,query,8.4432
both,query,8.7595
both,query,4.2354
both,query,7.3008
both,query,2.3778
both,query,5.1547
both,query,6.8972
both,query,6.7614
both,query,5.5081
both,query,7.5727
both,query,6.0546
both,query,3.6105
both,query,6.8844
both,query,4.3227
both,query,4.0004
both,query,2.7167
both,query,1.9698
both,query,3.9992
both,query,4.9320
both,query,3.5461
both,query,3.8447
both,query,6.0549
both,query,3.1929
both,query,5.8792
both,query,1.6344
both,query,1.9214
both,query,1.9169
both,query,3.8961
both,query,3.5898
both,query,3.0401
both,query,5.7239
both,query,2.8841
both,query,5.1007
both,query,2.4222
both,query,3.6017
both,query,4.9564
both,query,5.3694
both,query,2.9587
both,query,3.6717
both,query,3.4472
both,query,4.7423
both,query,4.7962
both,query,6.8190
both,query,3.8876
both,query,3.0401
both,query,6.5684
both,query,4.7309
both,query,4.0039
both,query,3.7360
both,query,5.5734
both,query,3.7529
both,query,5.6259
both,query,3.4015
both,query,2.3587
both,query,3.6289
both,query,4.4250
both,query,4.7223
both,query,6.8477
both,query,3.8963
both,query,2.8952
both,query,3.0321
both,query,1.3224
both,query,4.7092
both,query,2.4700
both,query,2.0948
both,query,32.1042
both,query,5.7403
both,query,7.9156
both,query,10.6578
both,query,3.0286
both,query,4.4622
both,query,4.9629
both,query,3.8738
both,query,3.8163
both,query,6.1447
both,query,2.9473
both,query,2.0223
both,query,5.7656
both,query,7.1106
both,query,5.0172
both,query,3.7729
both,query,15.2801
both,query,5.4782
both,query,4.9713
both,query,5.6070
both,query,6.5897
both,query,4.4427
both,query,2.3875
both,query,4.1541
both,query,1.9953
both,query,3.7286
both,query,3.3776
both,query,2.3835
both,query,3.7730
both,query,1.9842
both,query,6.2298
both,query,6.5607
both,query,3.2119
both,query,3.6239
both,query,2.4854
both,query,4.9058
both,query,4.5187
both,query,8.0179
both,query,2.9976
both,query,4.5248
both,query,4.0177
both,query,3.0430
both,query,1.7229
both,query,2.0195
both,query,3.7451
both,query,3.8258
both,query,2.9201
both,query,5.9117
both,query,8.3512
both,query,6.5343
both,query,30.7446
both,query,3.2448
both,query,5.7012
both,query,4.0288
both,query,5.6635
both,query,3.4783
both,query,2.4963
both,query,3.4450
both,query,3.1444
both,query,2.0270
both,query,2.8510
both,query,6.8496
both,query,5.0006
both,query,6.0655
both,query,3.6344
both,query,2.6957
both,query,1.8327
both,query,2.8978
both,query,3.3117
both,query,5.7212
both,query,5.2844
both,query,5.6145
both,query,5.5695
both,query,3.9572
both,query,2.9787
both,query,8.0170
both,query,6.9005
both,query,2.8819
both,query,2.6747
both,query,6.0086
both,query,4.7883
both,query,5.8598
both,query,3.0963
both,query,5.7554
both,query,5.4260
both,query,2.6694
both,query,2.7712
both,query,2.6672
both,query,8.0113
both,query,4.1016
both,query,2.6179
both,query,4.2433
both,query,5.2884
both,query,5.6986
both,query,5.7755
both,query,5.0654
both,query,6.7318
both,query,4.3793
both,query,6.7518
both,query,1.9295
both,query,10.8422
both,query,3.1753
both,query,2.8302
both,query,3.0302
both,query,5.3552
both,query,8.0647
both,query,4.7468
both,query,5.5799
both,query,4.9998
both,query,4.6296
both,query,7.3385
both,query,7.5853
both,query,3.5971
both,query,5.9885
both,query,3.1932
both,query,11.3764
both,query,6.6885
both,query,4.2113
both,query,2.7127
both,query,3.8596
both,query,4.7296
both,query,4.1652
both,query,4.1625
both,query,2.2614
both,query,2.6945
both,query,4.3126
both,query,3.8250
both,query,4.0436
both,query,4.2923
both,query,5.3896
both,query,5.1433
both,query,3.7431
both,query,4.1417
both,query,4.0506
both,query,6.6162
both,query,3.3860
both,query,5.0026
both,query,4.6125
both,query,3.4727
both,query,10.9472
both,query,3.1423
both,query,8.2308
both,query,6.8228
both,query,3.7690
both,query,7.0715
both,query,10.4229
both,query,8.6808
both,query,3.5930
both,query,2.6275
both,query,3.2180
both,query,4.3398
both,query,4.9092
both,query,4.4330
both,query,2.1488
both,query,3.4194
both,query,4.3235
both,query,3.1025
both,query,10.8883
both,query,9.6349
both,query,4.4032
both,query,3.7272
both,query,1.3550
both,query,3.2243
both,query,10.4110
both,query,3.8222
both,query,4.1608
both,query,2.5348
both,query,7.3802
both,query,4.7809
both,query,2.8887
both,query,7.9597
both,query,5.3700
both,query,2.4348
both,query,6.2080
both,query,3.5994
both,query,4.2214
both,query,11.5802
both,query,5.2320
both,query,3.5867
both,query,5.0054
both,query,3.6226
both,query,3.2540
both,query,4.0798
both,query,3.5335
both,query,2.3621
both,query,3.5169
both,query,8.6870
both,query,4.2738
both,query,2.3497
both,query,4.3867
both,query,6.0123
both,query,4.2726
both,query,3.2736
both,query,5.6739
both,query,4.7276
both,query,8.6183
both,query,6.6986
both,query,3.1648
both,query,2.3486
both,query,3.0485
both,query,3.4969
both,query,9.4495
both,query,2.7935
both,query,3.3611
both,query,3.5495
both,query,3.2160
both,query,1.3771
both,query,2.2789
both,query,3.5502
both,query,3.9765
both,query,3.9973
both,query,5.1253
both,query,5.7322
both,query,6.7362
both,query,3.5682
both,query,2.7465
both,query,3.9336
both,query,4.8637
both,query,4.9609
both,query,8.1734
both,query,6.8873
both,query,4.9403
both,query,3.2962
both,query,2.9387
both,query,2.3353
both,query,4.8548
both,query,7.2210
both,query,7.5733
both,query,4.9796
both,query,3.1591
both,query,2.2123
both,query,3.4406
both,query,10.7530
both,query,1.6388
both,query,1.8758
both,query,6.9761
both,query,4.3240
both,query,5.8854
both,query,5.9916
both,query,7.6462
both,query,4.4953
both,query,10.5775
both,query,6.1758
both,query,5.9725
both,query,5.1189
both,query,9.1583
both,query,4.4001
both,query,25.6470
both,query,3.0548
both,query,8.8382
both,query,7.4376
both,query,7.4627
both,query,3.3845
both,query,3.3026
both,query,1.9346
both,query,1.8975
both,query,3.9128
both,query,8.9188
both,query,2.0415
both,query,2.4726
both,query,2.0150
both,query,3.4609
both,query,3.9518
both,query,3.3395
both,query,7.8764
both,query,9.3643
both,query,16.0985
both,query,8.7597
both,query,4.6000
both,query,6.2773
both,query,1.9556
both,query,3.7076
both,query,3.6697
both,query,6.3868
both,query,2.4008
both,query,2.2939
both,query,5.4286
both,query,4.4899
both,query,3.1400
both,query,7.0689
both,query,6.1389
both,query,2.6910
both,query,3.0586
both,query,5.7282
both,query,6.5693
both,query,4.8150
both,query,15.9444
both,query,2.0857
both,query,3.3280
both,query,3.5467
both,query,6.8907
both,query,6.3316
both,query,5.6387
both,query,7.7730
both,query,4.8256
both,query,2.6156
both,query,6.4331
both,query,10.0301
both,query,5.1591
both,query,4.9932
both,query,6.7630
both,query,7.5133
both,query,2.2114
both,query,4.0704
both,query,6.1475
both,query,3.8855
both,query,3.7435
both,query,5.2825
both,query,1.4470
both,query,2.1077
both,query,1.8662
both,query,5.1725
both,query,4.8384
both,query,10.5223
both,query,2.6005
both,query,5.8805
both,query,11.2121
both,query,4.0126
both,query,1.6760
both,query,2.2806
both,query,6.0766
both,query,1.2233
both,query,3.7055
both,query,5.3207
both,query,6.7765
both,query,6.3183
both,query,6.3437
both,query,2.5163
both,query,4.3166
both,query,4.7323
both,query,3.5289
both,query,3.5524
both,query,4.4976
both,query,5.0049
both,query,4.4687
both,query,3.6699
both,query,3.1520
both,query,5.8510
both,query,2.8283
both,query,3.3940
both,query,12.2239
both,query,4.9670
both,query,5.3804
both,query,6.4750
both,query,5.6766
both,query,6.2661
both,query,3.4232
both,query,7.7107
both,query,6.0049
both,query,3.9488
both,query,5.6115
both,query,3.4046
both,query,3.4349
both,query,3.0793
both,query,3.4243
both,query,8.6793
both,query,3.1798
both,query,2.9961
both,query,6.5766
both,query,5.2707
both,query,1.8883
both,query,2.1740
both,query,2.2097
both,query,6.4949
both,query,6.5244
both,query,4.2385
both,query,4.5970
both,query,4.5012
both,query,5.4155
both,query,2.8630
both,query,3.6980
both,query,6.9202
both,query,4.6222
both,query,5.7469
both,query,3.0309
both,query,12.6849
both,query,2.0331
both,query,2.9245
both,query,2.1230
both,query,3.1769
both,query,7.2474
both,query,1.9118
both,query,1.9785
both,query,4.3042
both,query,4.5200
both,query,6.8058
both,query,4.7560
both,query,3.3152
both,query,5.5443
both,query,5.3107
both,query,1.6938
both,query,4.5276
both,query,10.4842
both,query,3.9683
both,query,4.1176
both,query,9.5417
both,query,6.9730
both,query,3.6953
both,query,1.8295
both,query,1.7800
both,query,8.0255
both,query,14.2590
both,query,3.4529
both,query,9.8625
both,query,3.7991
both,query,4.1354
both,query,6.0772
both,query,5.1789
both,query,4.8221
both,query,8.1625
both,query,3.0557
both,query,3.4350
both,query,3.2518
both,query,4.0706
both,query,3.0093
both,query,2.9739
both,query,8.2597
both,query,4.7780
both,query,4.7732
both,query,3.1455
both,query,3.9960
both,query,2.6443
both,query,2.3103
both,query,5.4721
both,query,8.3258
both,query,7.2914
both,query,6.4404
both,query,4.9124
both,query,4.4665
both,query,4.9039
both,query,2.1180
both,query,2.0983
both,query,5.2480
both,query,2.4187
both,query,8.7779
both,query,4.5012
both,query,3.0539
both,query,2.4761
both,query,4.6166
both,query,1.8537
both,query,4.6892
both,query,3.0891
both,query,4.1888
both,query,1.7422
both,query,5.0683
both,query,9.7316
both,query,2.8704
both,query,3.0448
both,query,3.7838
both,query,6.7836
both,query,2.9397
both,query,4.9370
both,query,3.5773
both,query,4.3306
both,query,3.6869
both,query,3.5999
both,query,3.9870
both,query,2.5546
both,query,4.4662
both,query,2.2025
both,query,2.6428
both,query,5.0457
both,query,4.8968
both,query,3.5437
both,query,4.6758
both,query,4.3495
both,query,1.9350
both,query,1.7576
both,query,2.9019
both,query,2.2449
both,query,3.2150
both,query,1.4807
both,query,4.0142
both,query,3.0940
both,query,4.5341
both,query,2.2919
both,query,3.4170
both,query,2.9959
both,query,6.3663
both,query,6.0842
both,query,4.3618
both,query,7.0718
both,query,16.4992
both,query,4.0421
both,query,3.2582
both,query,4.0126
both,query,4.1874
both,query,4.3470
both,query,7.7257
both,query,12.0754
both,query,1.9993
both,query,3.1611
both,query,21.4214
both,query,4.1687
both,query,3.0139
both,query,5.3179
both,query,16.1699
both,query,3.7914
both,query,8.3771
both,query,2.4370
both,query,3.2727
both,query,2.0265
both,query,16.1208
both,query,4.1056
both,query,14.5023
both,query,6.3758
both,query,4.7802
both,query,3.9142
both,query,4.2424
both,query,15.0413
both,query,6.7293
both,query,3.5644
both,query,5.8887
both,query,9.4132
both,query,2.8296
both,query,3.0663
both,query,8.3812
both,query,3.2595
both,query,4.3424
both,query,3.2413
both,query,4.6459
both,query,4.8754
both,query,4.5292
both,query,3.4987
both,query,3.5297
both,query,3.0421
both,query,4.9418
both,query,3.2641
both,query,4.0462
both,query,3.5140
both,query,5.7199
both,query,4.7052
both,query,3.2898
both,query,4.0284
both,query,6.2121
both,query,4.2288
both,query,4.9938
both,query,1.3406
both,query,8.9952
both,query,3.4887
both,query,8.8331
both,query,4.3423
both,query,3.2046
both,query,5.2702
both,query,6.9603
both,query,24.3085
both,query,5.9070
both,query,3.9090
both,query,14.7440
both,query,3.6092
both,query,10.3276
both,query,7.2739
both,query,3.7119
both,query,4.5956
both,query,4.7139
both,query,5.5813
both,query,4.7727
both,query,6.0541
both,query,4.4792
both,query,3.5281
both,query,25.2183
both,query,4.8435
both,query,2.3860
both,query,6.9055
both,query,8.5023
both,query,10.7983
both,query,7.0102
both,query,6.4460
both,query,6.0329
both,query,12.7915
both,query,2.4071
both,query,9.8113
both,query,18.6376
both,query,5.9872
both,query,3.3584
both,query,6.0794
both,query,3.4515
both,query,3.8267
both,query,3.8761
both,query,6.8550
both,query,4.8682
both,query,6.0624
both,query,5.6898
both,query,3.8852
both,query,3.9688
both,query,4.5429
both,query,4.9386
both,query,5.0782
both,query,8.9618
both,query,4.6680
both,query,3.0847
both,query,4.7289
both,query,5.1571
both,query,3.6380
both,query,6.5754
both,query,3.6782
both,query,2.8664
both,query,2.6810
both,query,1.3118
both,query,1.4536
both,query,9.4233
both,query,2.4193
both,query,9.5539
both,query,3.3214
both,query,3.5362
both,query,3.9319
both,query,1.6676
both,query,4.0392
both,query,7.0749
both,query,7.3316
both,query,2.5256
both,query,6.6808
both,query,4.6858
both,query,2.6651
both,query,4.6841
both,query,7.1600
both,query,3.4123
both,query,3.9223
both,query,6.5993
both,query,1.9563
both,query,3.2035
both,query,3.6935
both,query,3.0121
both,query,6.6156
both,query,3.5320
both,query,3.8622
both,query,3.1897
both,query,5.6096
both,query,3.3340
both,query,4.4064
both,query,2.2394
both,query,3.7158
both,query,8.2045
both,query,5.1058
both,query,1.8292
both,query,4.7437
both,query,2.7139
both,query,3.5318
both,query,4.8529
both,query,7.7097
both,query,5.2706
both,query,3.9599
both,query,5.3850
both,query,5.7528
both,query,2.9358
both,query,1.7759
both,query,3.8726
both,query,3.6234
both,query,8.2958
both,query,4.8843
both,query,3.8456
both,query,4.2796
both,query,4.9780
both,query,10.6592
both,query,13.1333
both,query,5.2952
both,query,4.4058
both,query,4.4625
both,query,3.6949
both,query,6.0408
both,query,3.2154
both,query,6.7665
both,query,4.3567
both,query,2.2373
both,query,4.9236
both,query,5.4725
both,query,5.9133
both,query,8.4029
both,query,5.3310
both,query,2.8221
both,query,5.4741
both,query,5.4594
both,query,1.9316
both,query,7.2705
both,query,4.4543
both,query,4.8708
both,query,6.0915
both,query,4.1835
both,query,10.3297
both,query,2.9901
both,query,4.4299
both,query,4.7345
both,query,2.9959
both,query,2.8696
both,query,3.2810
both,query,4.1013
both,query,3.9481
both,query,7.9001
both,query,2.3666
both,query,4.3513
both,query,2.6958
both,query,8.6057
both,query,4.6746
both,query,15.6076
both,query,8.8849
both,query,3.9416
both,query,8.8938
both,query,6.2047
both,query,12.5018
both,query,3.2201
both,query,15.9136
both,query,1.5948
both,query,16.7728
both,query,2.2150
both,query,5.2577
both,query,3.2875
both,query,5.6368
both,query,2.8760
both,query,3.6475
both,query,7.1638
both,query,4.4149
both,query,4.5073
both,query,4.5780
both,query,4.6750
both,query,4.6860
both,query,6.9858
both,query,2.1745
both,query,3.2198
both,query,6.4564
both,query,3.5312
both,query,3.5391
both,query,3.3545
both,query,7.6896
both,query,4.5887
both,query,4.2821
both,query,3.8258
both,query,1.9631
both,query,4.3313
both,query,2.5327
both,query,3.8346
both,query,2.0295
both,query,4.7991
both,query,4.5724
both,query,4.6069
both,query,5.5079
both,query,9.9956
both,query,2.5385
both,query,10.9987
both,query,2.9768
both,query,2.6157
both,query,5.2040
both,query,3.9113
both,query,5.9080
both,query,5.5357
both,query,5.1159
both,query,4.7157
both,query,2.5416
both,query,3.9160
both,query,4.2221
both,query,5.6641
both,query,8.4305
both,query,12.0867
both,query,5.9910
both,query,3.4771
both,query,3.4882
both,query,7.9150
both,query,3.9503
both,query,3.4252
both,query,5.1875
both,query,5.3232
both,query,6.1533
both,query,2.4336
both,query,4.5491
both,query,2.3501
both,query,2.9191
both,query,3.5923
both,query,1.9531
both,query,3.0946
both,query,3.2765
both,query,3.1123
both,query,4.1043
both,query,5.3000
both,query,2.4249
both,query,9.8135
both,query,3.3490
both,query,2.3453
both,query,6.4900
both,query,3.6683
both,query,4.7951
both,query,7.5213
both,query,3.1165
both,query,4.6858
both,query,4.3393
both,query,1.9334
both,query,7.8055
both,query,7.1206
both,query,4.9292
both,query,5.0687
both,query,4.6281
both,query,6.2757
both,query,7.9527
both,query,5.2476
both,query,4.2040
both,query,3.7155
both,query,5.6507
both,query,3.1796
both,query,4.5837
both,query,2.1730
both,query,2.3340
both,query,2.2778
both,query,4.4713
both,query,9.9941
both,query,3.0825
both,query,2.9661
both,query,5.2801
both,query,4.7476
both,query,4.0386
both,query,4.8674
both,query,4.3294
both,query,3.6221
both,query,1.3611
both,query,17.5933
both,query,3.1525
both,query,5.5391
both,query,8.2801
both,query,5.3174
both,query,6.0118
both,query,5.4617
both,query,2.8011
both,query,3.6559
both,query,5.9276
both,query,3.4097
both,query,4.8103
both,query,2.6451
both,query,3.9559
both,query,6.1106
both,query,4.0780
both,query,4.0402
both,query,3.4930
both,query,4.1519
both,query,3.3005
both,query,3.7695
both,query,6.3761
both,query,1.9999
both,query,6.9035
both,query,3.4745
both,query,2.7996
both,query,2.6171
both,query,7.2734
both,query,4.7172
both,query,3.4678
both,query,2.2500
both,query,4.4560
both,query,4.0421
both,query,5.4979
both,query,3.1612
both,query,7.9402
both,query,4.8022
both,query,7.5550
both,query,1.9570
both,query,9.7551
both,query,9.6828
both,query,6.1847
both,query,9.5087
both,query,9.5547
both,query,3.5419
both,query,3.9773
both,query,5.7924
both,query,7.3629
both,query,5.2155
both,query,19.5129
both,query,3.6349
both,query,2.5049
both,query,1.7305
both,query,3.9569
both,query,4.8147
both,query,2.8454
both,query,6.3329
both,query,1.6976
both,query,3.6760
both,query,3.3497
both,query,4.9548
both,query,2.7801
both,query,3.5280
both,query,3.4360
both,query,10.5015
both,query,1.3756
both,query,2.0395
both,query,19.5169
both,query,1.8687
both,query,3.2935
both,query,7.3087
both,query,4.9438
both,query,1.7547
both,query,4.6698
both,query,3.5722
both,query,7.3026
both,query,1.8505
both,query,4.2259
both,query,5.8890
both,query,4.7056
both,query,4.1583
both,query,4.0353
both,query,4.0863
both,query,3.1251
both,query,4.1773
both,query,3.9771
both,query,5.2750
both,query,2.7704
both,query,9.6282
both,query,1.8567
both,query,8.7871
both,query,7.3667
both,query,4.1631
both,query,3.3715
both,query,5.6123
both,query,4.2445
both,query,3.5008
both,query,3.0460
both,query,6.4232
both,query,1.8076
both,query,8.1118
both,query,7.8451
both,query,2.5303
both,query,3.0135
both,query,3.3846
both,query,3.4548
both,query,5.5104
both,query,4.8225
both,query,5.2138
both,query,6.4869
both,query,2.0514
both,query,2.7776
both,query,5.2739
both,query,3.6003
both,query,4.6934
both,query,4.8722
both,query,2.2315
both,query,7.4062
both,query,4.3823
both,query,4.2611
both,query,2.9695
both,query,3.6299
both,query,6.5458
both,query,6.7139
both,query,4.5868
both,query,4.0092
both,query,5.5136
both,query,3.6718
both,query,6.3025
both,query,9.5452
both,query,5.9154
both,query,3.7502
both,query,3.8546
both,query,4.2733
both,query,5.9609
both,query,4.8181
both,query,7.6153
both,query,11.5270
both,query,5.6483
both,query,2.5896
both,query,3.8883
both,query,4.8875
both,query,2.9292
both,query,3.0940
both,query,3.3742
both,query,4.4041
both,query,4.0725
both,query,3.4717
both,query,4.3803
both,query,4.5229
both,query,3.3766
both,query,3.2422
both,query,3.2008
both,query,5.6815
both,query,5.8770
both,query,6.1724
both,query,4.3454
both,query,2.7357
both,query,2.4140
both,query,4.0090
both,query,4.2011
both,query,5.5959
both,query,5.2159
both,query,4.6410
both,query,9.8583
both,query,15.7381
both,query,2.2426
both,query,3.2385
both,query,4.8006
both,query,4.1532
both,query,2.3635
both,query,4.1964
both,query,4.0483
both,query,3.0515
both,query,3.9707
both,query,4.0434
both,query,6.2901
both,query,4.2684
both,query,4.6890
both,query,3.7036
both,query,5.7296
both,query,2.6427
both,query,5.0114
both,query,6.2074
both,query,2.5834
both,query,3.9009
both,query,3.6183
both,query,1.5562
both,query,7.5191
both,transaction,40.0310
both,transaction,41.8791
both,transaction,43.5820
both,transaction,30.9359
both,transaction,50.5680
both,transaction,63.8366
both,transaction,40.9294
both,transaction,35.5197
both,transaction,27.4045
both,transaction,27.9052
both,transaction,46.8117
both,transaction,32.3737
both,transaction,37.3565
both,transaction,35.4529
both,transaction,40.2222
both,transaction,30.9149
both,transaction,35.5031
both,transaction,37.6062
both,transaction,36.9128
both,transaction,32.4874
both,transaction,40.8035
both,transaction,33.9698
both,transaction,25.4610
both,transaction,31.5254
both,transaction,35.7320
both,transaction,32.6007
both,transaction,32.5344
both,transaction,34.8381
both,transaction,41.2920
both,transaction,38.9136
both,transaction,33.0478
both,transaction,32.5987
both,transaction,38.3513
both,transaction,42.7838
both,transaction,41.4071
both,transaction,38.5461
both,transaction,57.4696
both,transaction,32.5338
both,transaction,36.5655
both,transaction,36.0601
both,transaction,34.7126
both,transaction,21.5045
both,transaction,34.1168
both,transaction,23.4806
both,transaction,36.4509
both,transaction,26.3375
both,transaction,16.6328
both,transaction,19.6866
both,transaction,40.4043
both,transaction,44.6444
both,transaction,30.5181
both,transaction,43.6392
both,transaction,38.8680
both,transaction,53.9979
both,transaction,31.6011
both,transaction,64.2157
both,transaction,34.9285
both,transaction,41.0510
both,transaction,37.9889
both,transaction,32.0407
both,transaction,30.2076
both,transaction,54.2843
both,transaction,40.5824
both,transaction,64.0810
both,transaction,44.2329
both,transaction,37.6973
both,transaction,30.6112
both,transaction,34.1782
both,transaction,28.9131
both,transaction,51.3450
both,transaction,42.2246
both,transaction,40.7640
both,transaction,43.4611
both,transaction,27.0635
both,transaction,29.0640
both,transaction,38.2180
both,transaction,49.8167
both,transaction,22.9150
both,transaction,48.3801
both,transaction,40.8378
both,transaction,38.7682
both,transaction,34.5398
both,transaction,39.0432
both,transaction,17.4584
both,transaction,59.1207
both,transaction,33.6091
both,transaction,24.2009
both,transaction,33.6764
both,transaction,31.2301
both,transaction,36.7877
both,transaction,46.8549
both,transaction,46.4181
both,transaction,55.5116
both,transaction,33.4785
both,transaction,16.7693
both,transaction,15.3685
both,transaction,28.9271
both,transaction,34.9499
both,transaction,15.5271
both,transaction,19.0372
both,transaction,101.7736
both,transaction,43.4885
both,transaction,33.4163
both,transaction,30.7385
both,transaction,25.3297
both,transaction,41.7713
both,transaction,43.1746
both,transaction,39.8767
both,transaction,26.3945
both,transaction,22.8328
both,transaction,36.7898
both,transaction,44.7763
both,transaction,39.2975
both,transaction,32.2281
both,transaction,30.0264
both,transaction,39.0302
both,transaction,57.3340
both,transaction,40.9992
both,transaction,30.5431
both,transaction,45.7969
both,transaction,21.7863
both,transaction,34.8120
both,transaction,42.2632
both,transaction,42.4394
both,transaction,40.4561
both,transaction,34.1549
both,transaction,30.0816
both,transaction,53.8276
both,transaction,33.0923
both,transaction,33.1280
both,transaction,37.3207
both,transaction,39.7326
both,transaction,42.3525
both,transaction,38.4252
both,transaction,44.4419
both,transaction,28.6880
both,transaction,28.0262
both,transaction,29.3827
both,transaction,30.8865
both,transaction,45.4518
both,transaction,22.1036
both,transaction,38.6777
both,transaction,36.0623
both,transaction,40.9545
both,transaction,41.7674
both,transaction,47.5914
both,transaction,41.7238
both,transaction,30.5631
both,transaction,39.0070
both,transaction,38.2177
both,transaction,37.5361
both,transaction,29.7834
both,transaction,34.2936
both,transaction,30.6029
both,transaction,30.4645
both,transaction,37.6903
both,transaction,43.6978
both,transaction,37.5987
both,transaction,30.3131
both,transaction,62.6376
both,transaction,32.5642
both,transaction,21.4233
both,transaction,28.5594
both,transaction,41.1627
both,transaction,46.5231
both,transaction,27.3061
both,transaction,41.5530
both,transaction,39.0924
both,transaction,33.0888
both,transaction,48.0197
both,transaction,45.2194
both,transaction,46.7147
both,transaction,41.9777
both,transaction,32.2518
both,transaction,36.9752
both,transaction,63.9639
both,transaction,22.4374
both,transaction,47.0731
both,transaction,36.2080
both,transaction,32.4833
both,transaction,13.5157
both,transaction,21.1425
both,transaction,12.2140
both,transaction,9.6574
both,transaction,25.1676
both,transaction,33.1660
both,transaction,31.4903
both,transaction,33.7154
both,transaction,46.4748
both,transaction,61.6831
both,transaction,48.6185
both,transaction,48.6117
both,transaction,27.4444
both,transaction,45.5706
both,transaction,40.9924
both,transaction,29.1800
both,transaction,29.6621
both,transaction,23.6062
both,transaction,29.4174
both,transaction,23.3562
both,transaction,82.8376
both,transaction,50.7754
both,transaction,53.9159
both,transaction,38.4779
both,transaction,55.1831
both,transaction,24.1423
both,transaction,31.9671
both,transaction,40.8298
both,transaction,40.2023
both,transaction,44.2917
both,transaction,36.5886
both,transaction,35.0497
both,transaction,36.7621
both,transaction,31.8227
both,transaction,30.7923
both,transaction,31.0416
both,transaction,40.1319
both,transaction,32.8419
both,transaction,20.7354
both,transaction,42.1978
both,transaction,34.6791
both,transaction,33.1437
both,transaction,21.3565
both,transaction,31.3596
both,transaction,29.9050
both,transaction,36.1497
both,transaction,31.4544
both,transaction,31.4618
both,transaction,49.2055
both,transaction,36.0969
both,transaction,37.1672
both,transaction,37.4483
both,transaction,44.5069
both,transaction,30.9926
both,transaction,59.3355
both,transaction,36.5570
both,transaction,35.3456
both,transaction,24.4367
both,transaction,37.0821
both,transaction,31.3136
both,transaction,37.8955
both,transaction,38.4532
both,transaction,28.5176
both,transaction,33.2668
both,transaction,37.2783
both,transaction,37.8727
both,transaction,42.9853
both,transaction,42.6258
both,transaction,28.4807
both,transaction,59.6758
both,transaction,36.5633
both,transaction,35.8197
both,transaction,42.5440
both,transaction,46.5509
both,transaction,38.1020
both,transaction,59.5187
both,transaction,39.3758
both,transaction,27.2407
both,transaction,49.3046
both,transaction,33.6281
both,transaction,25.0768
both,transaction,43.5125
both,transaction,28.2874
both,transaction,42.2728
both,transaction,29.3170
both,transaction,39.0027
both,transaction,27.6271
both,transaction,29.4041
both,transaction,40.0167
both,transaction,41.2784
both,transaction,49.8631
both,transaction,41.3802
both,transaction,34.9537
both,transaction,28.2645
both,transaction,42.3303
both,transaction,43.3903
both,transaction,46.4754
both,transaction,44.1367
both,transaction,20.4810
both,transaction,35.0515
both,transaction,33.7242
both,transaction,35.0180
both,transaction,28.2436
both,transaction,27.0205
both,transaction,44.9285
both,transaction,38.2254
both,transaction,29.0541
both,transaction,19.0065
both,transaction,21.9505
both,transaction,37.2368
both,transaction,52.0819
both,transaction,50.5334
both,transaction,51.5208
both,transaction,44.6351
both,transaction,31.0520
both,transaction,27.6084
both,transaction,51.6486
both,transaction,18.4486
both,transaction,16.9978
both,transaction,11.1664
both,transaction,81.6587
both,transaction,46.5800
both,transaction,50.8735
both,transaction,56.7260
both,transaction,37.8205
both,transaction,41.2884
both,transaction,32.9995
both,transaction,34.5519
both,transaction,22.5944
both,transaction,32.9179
both,transaction,44.0883
both,transaction,34.1139
both,transaction,28.2687
both,transaction,43.0571
both,transaction,24.8776
both,transaction,42.8918
both,transaction,31.4185
both,transaction,42.9634
both,transaction,27.6740
both,transaction,32.6340
both,transaction,19.9515
both,transaction,37.1618
both,transaction,31.8050
both,transaction,39.1742
both,transaction,36.1598
both,transaction,31.1373
both,transaction,25.1587
both,transaction,26.7442
both,transaction,29.4519
both,transaction,45.7187
both,transaction,43.5488
both,transaction,32.4208
both,transaction,35.6439
both,transaction,46.2462
both,transaction,74.2656
both,transaction,28.9904
both,transaction,31.0888
both,transaction,58.6647
both,transaction,35.1113
both,transaction,56.6449
both,transaction,46.3719
both,transaction,32.4420
both,transaction,28.8784
both,transaction,41.0227
both,transaction,60.2758
both,transaction,65.6224
both,transaction,34.6898
both,transaction,31.8299
both,transaction,38.4517
both,transaction,31.6137
both,transaction,39.8309
both,transaction,22.4114
both,transaction,43.3796
both,transaction,33.2446
both,transaction,45.8735
both,transaction,30.2675
both,transaction,37.6769
both,transaction,42.4441
both,transaction,67.2330
both,transaction,42.7248
both,transaction,41.3846
both,transaction,50.8768
both,transaction,30.0897
both,transaction,28.7216
both,transaction,33.6964
both,transaction,50.8240
both,transaction,44.2562
both,transaction,48.4143
both,transaction,36.8221
both,transaction,37.6401
both,transaction,50.9543
both,transaction,36.8758
both,transaction,25.3454
both,transaction,34.6171
both,transaction,38.2268
both,transaction,39.5655
both,transaction,36.5613
both,transaction,30.9745
both,transaction,35.8271
both,transaction,45.9863
both,transaction,30.4453
both,transaction,31.5851
both,transaction,65.7419
both,transaction,33.9017
both,transaction,47.7790
both,transaction,51.2930
both,transaction,43.1308
both,transaction,39.6808
both,transaction,31.5784
both,transaction,12.2397
both,transaction,32.9097
both,transaction,32.6433
both,transaction,22.6129
both,transaction,34.1293
both,transaction,20.2647
both,transaction,18.2048
both,transaction,7.8539
both,transaction,7.3531
both,transaction,5.8215
both,transaction,5.9715
both,transaction,117.8444
both,transaction,43.2958
both,transaction,34.4278
both,transaction,59.2135
both,transaction,41.2885
both,transaction,14.6937
both,transaction,33.5710
both,transaction,29.8671
both,transaction,30.1554
both,transaction,30.2245
both,transaction,58.9601
both,transaction,30.6705
both,transaction,27.7672
both,transaction,36.3693
both,transaction,22.7371
both,transaction,34.8717
both,transaction,39.9529
both,transaction,31.3171
both,transaction,27.7066
both,transaction,28.7341
both,transaction,42.9640
both,transaction,30.4005
both,transaction,32.0911
both,transaction,34.2071
both,transaction,33.9007
both,transaction,41.4495
both,transaction,43.0949
both,transaction,32.9436
both,transaction,40.4034
both,transaction,36.1378
both,transaction,31.0847
both,transaction,37.0997
both,transaction,45.1151
both,transaction,69.4388
both,transaction,40.3794
both,transaction,30.4877
both,transaction,30.7721
both,transaction,34.3818
both,transaction,25.8139
both,transaction,27.0671
both,transaction,42.2535
both,transaction,30.2126
both,transaction,42.9461
both,transaction,36.1064
both,transaction,40.3877
both,transaction,54.3542
both,transaction,69.5774
both,transaction,38.1069
both,transaction,18.1600
both,transaction,70.4863
both,transaction,37.1627
both,transaction,28.9809
both,transaction,33.5758
both,transaction,44.8105
both,transaction,38.2498
both,transaction,33.4641
both,transaction,31.1707
both,transaction,33.8827
both,transaction,43.9836
both,transaction,70.1022
both,transaction,20.5335
both,transaction,19.3793
both,transaction,58.1505
both,transaction,29.2065
both,transaction,26.8277
both,transaction,34.6902
both,transaction,32.3165
both,transaction,33.5490
both,transaction,20.0563
both,transaction,41.6273
both,transaction,30.6633
both,transaction,17.6106
both,transaction,44.2361
both,transaction,32.8202
both,transaction,35.5796
both,transaction,39.4026
both,transaction,31.1673
both,transaction,23.1960
both,transaction,40.2202
both,transaction,42.1770
both,transaction,38.7960
both,transaction,37.1157
both,transaction,31.2605
both,transaction,47.1441
both,transaction,38.9389
both,transaction,37.8263
both,transaction,28.3356
both,transaction,64.3358
both,transaction,43.1245
both,transaction,40.5572
both,transaction,44.9994
both,transaction,50.4892
both,transaction,40.0496
both,transaction,40.6532
both,transaction,22.5771
both,transaction,20.1758
both,transaction,22.4838
both,transaction,23.8724
both,transaction,15.6610
both,transaction,12.4202
both,transaction,138.4731
both,transaction,48.0407
both,transaction,39.0805
both,transaction,57.5844
both,transaction,40.8795
both,transaction,30.4313
both,transaction,31.2377
both,transaction,44.5959
both,transaction,49.6153
both,transaction,33.2816
both,transaction,36.2788
both,transaction,37.5757
both,transaction,29.7553
both,transaction,32.4676
both,transaction,37.9634
both,transaction,34.1995
both,transaction,33.4252
both,transaction,40.2354
both,transaction,37.5496
both,transaction,25.4182
both,transaction,36.6053
both,transaction,33.1239
both,transaction,29.7047
both,transaction,25.9924
both,transaction,41.2084
both,transaction,35.6912
both,transaction,50.3503
both,transaction,17.9790
both,transaction,32.0152
both,transaction,34.4476
both,transaction,32.1214
both,transaction,43.9141
both,transaction,38.5955
both,transaction,25.4189
both,transaction,32.4100
both,transaction,26.2116
both,transaction,35.0149
both,transaction,49.8236
both,transaction,30.5686
both,transaction,55.3038
both,transaction,39.5883
both,transaction,37.6343
both,transaction,41.4591
both,transaction,34.0243
both,transaction,52.8566
both,transaction,58.9054
both,transaction,55.4328
both,transaction,31.6712
both,transaction,41.9266
both,transaction,32.2998
both,transaction,25.7686
both,transaction,28.8309
both,transaction,48.3226
both,transaction,45.0286
both,transaction,39.2803
both,transaction,22.6279
both,transaction,29.4917
both,transaction,37.3972
both,transaction,41.4772
both,transaction,40.4123
both,transaction,27.7747
both,transaction,32.1620
both,transaction,31.4771
both,transaction,46.1061
both,transaction,40.2033
both,transaction,28.1044
both,transaction,28.6019
both,transaction,36.8009
both,transaction,42.4609
both,transaction,22.7222
both,transaction,7.9250
both,transaction,9.0213
both,transaction,7.7216
both,transaction,9.2600
both,transaction,7.9384
both,transaction,42.3818
both,transaction,30.3317
both,transaction,29.3059
both,transaction,29.8722
both,transaction,34.5316
both,transaction,28.8251
both,transaction,32.8905
both,transaction,41.4549
both,transaction,37.0966
both,transaction,32.4219
both,transaction,33.7798
both,transaction,31.7121
both,transaction,37.7769
both,transaction,38.1560
both,transaction,48.4310
both,transaction,28.9716
both,transaction,59.4063
both,transaction,54.1748
both,transaction,49.6830
both,transaction,52.0955
both,transaction,28.9205
both,transaction,45.3858
both,transaction,30.2222
both,transaction,19.9149
both,transaction,21.5592
both,transaction,91.2575
both,transaction,49.1584
both,transaction,52.5096
both,transaction,45.2727
both,transaction,65.6583
both,transaction,32.8806
both,transaction,27.7172
both,transaction,17.7100
both,transaction,24.4826
both,transaction,21.0155
both,transaction,31.6663
both,transaction,28.9845
both,transaction,30.6704
both,transaction,40.7425
both,transaction,39.9818
both,transaction,54.3713
both,transaction,31.1724
both,transaction,33.8810
both,transaction,23.8445
both,transaction,31.7333
both,transaction,41.0880
both,transaction,21.5670
both,transaction,33.7059
both,transaction,36.4696
both,transaction,27.8230
both,transaction,45.0573
both,transaction,23.3636
both,transaction,36.3637
both,transaction,41.7207
both,transaction,44.3405
both,transaction,40.4240
both,transaction,32.4519
both,transaction,37.9761
both,transaction,39.3082
both,transaction,28.1614
both,transaction,42.4057
both,transaction,31.8327
both,transaction,28.1543
both,transaction,34.6011
both,transaction,29.5127
both,transaction,36.1197
both,transaction,38.9551
both,transaction,37.8595
both,transaction,31.8782
both,transaction,34.4005
both,transaction,41.1733
both,transaction,34.9490
both,transaction,45.3101
both,transaction,50.7645
both,transaction,32.9433
both,transaction,25.3495
both,transaction,42.6204
both,transaction,34.9227
both,transaction,32.8286
both,transaction,30.0903
both,transaction,36.7347
both,transaction,48.9226
both,transaction,41.5422
both,transaction,39.3434
both,transaction,30.6835
both,transaction,19.0939
both,transaction,24.2063
both,transaction,35.2043
both,transaction,45.8784
both,transaction,31.9844
both,transaction,20.3456
both,transaction,36.8071
both,transaction,25.1543
both,transaction,30.2312
both,transaction,36.7507
both,transaction,28.4478
both,transaction,34.7715
both,transaction,40.5486
both,transaction,45.6889
both,transaction,47.8086
both,transaction,40.5891
both,transaction,31.7551
both,transaction,47.4083
both,transaction,24.1101
both,transaction,36.4275
both,transaction,19.4682
both,transaction,44.4283
both,transaction,38.1705
both,transaction,36.4963
both,transaction,33.0417
both,transaction,35.9478
both,transaction,26.4531
both,transaction,19.5319
both,transaction,31.9785
both,transaction,39.3105
both,transaction,25.6873
both,transaction,42.2785
both,transaction,42.5070
both,transaction,47.1692
both,transaction,39.5967
both,transaction,29.4108
both,transaction,53.6057
both,transaction,41.2321
both,transaction,33.4709
both,transaction,28.3415
both,transaction,101.4277
both,transaction,52.8422
both,transaction,57.2781
both,transaction,33.7283
both,transaction,49.3515
both,transaction,37.5249
both,transaction,41.0631
both,transaction,44.2076
both,transaction,53.2569
both,transaction,30.2266
both,transaction,36.2930
both,transaction,32.3259
both,transaction,49.5751
both,transaction,32.3488
both,transaction,47.0608
both,transaction,40.6534
both,transaction,41.0200
both,transaction,43.6542
both,transaction,37.6485
both,transaction,30.4329
both,transaction,30.5442
both,transaction,36.8810
both,transaction,33.2457
both,transaction,38.7434
both,transaction,46.0234
both,transaction,51.1523
both,transaction,38.9573
both,transaction,35.3864
both,transaction,34.5719
both,transaction,37.5856
both,transaction,33.1032
both,transaction,40.1709
both,transaction,34.9412
both,transaction,30.0727
both,transaction,30.8939
both,transaction,27.3864
both,transaction,47.2789
both,transaction,32.5614
both,transaction,32.0048
both,transaction,30.1633
both,transaction,18.6522
both,transaction,27.7645
both,transaction,42.9112
both,transaction,42.3834
both,transaction,45.4584
both,transaction,53.9974
both,transaction,26.1107
both,transaction,29.9614
both,transaction,43.4922
both,transaction,34.9062
both,transaction,21.3658
both,transaction,43.6298
both,transaction,35.3743
both,transaction,35.5908
both,transaction,41.1051
both,transaction,42.3230
both,transaction,55.0903
both,transaction,49.5705
both,transaction,30.4275
both,transaction,32.8642
both,transaction,17.3677
both,transaction,28.4796
both,transaction,27.8017
both,transaction,28.7005
both,transaction,30.6763
both,transaction,15.8192
both,transaction,9.7319
both,transaction,34.9681
both,transaction,26.7298
both,transaction,37.5713
both,transaction,50.6994
both,transaction,51.9681
both,transaction,31.8978
both,transaction,52.2261
both,transaction,33.0809
both,transaction,27.1609
both,transaction,32.3006
both,transaction,50.7650
both,transaction,19.4843
both,transaction,38.7925
both,transaction,39.6919
both,transaction,35.5799
both,transaction,36.0230
both,transaction,23.9056
both,transaction,31.0769
both,transaction,33.9023
both,transaction,38.6476
both,transaction,42.5889
both,transaction,36.0269
both,transaction,41.1271
both,transaction,15.5766
both,transaction,35.2149
both,transaction,54.0613
both,transaction,41.3299
both,transaction,31.7970
both,transaction,34.2616
both,transaction,25.8192
both,transaction,29.8804
both,transaction,23.4606
both,transaction,21.8573
both,transaction,118.1039
both,transaction,40.3030
both,transaction,66.1010
both,transaction,50.8948
both,transaction,36.9993
both,transaction,33.7262
both,transaction,34.7145
both,transaction,32.5438
both,transaction,36.2168
both,transaction,32.4931
both,transaction,41.6357
both,transaction,34.8485
both,transaction,48.0809
both,transaction,23.7637
both,transaction,60.1958
both,transaction,35.1509
both,transaction,33.6437
both,transaction,53.3152
both,transaction,28.3474
both,transaction,37.9203
both,transaction,42.9171
both,transaction,39.6428
both,transaction,38.4624
both,transaction,23.1628
both,transaction,34.7985
both,transaction,21.8706
both,transaction,28.8631
both,transaction,43.5421
both,transaction,33.6144
both,transaction,35.0902
both,transaction,41.1345
both,transaction,26.1854
both,transaction,33.9035
both,transaction,41.1361
both,transaction,43.5014
both,transaction,29.6177
both,transaction,29.9149
both,transaction,32.7821
both,transaction,37.8855
both,transaction,33.4297
both,transaction,42.8179
both,transaction,24.6741
both,transaction,31.1116
both,transaction,42.9069
both,transaction,23.3444
both,transaction,39.1218
both,transaction,50.4855
both,transaction,36.9076
both,transaction,25.2487
both,transaction,35.5569
both,transaction,36.7056
both,transaction,45.4391
both,transaction,46.2750
both,transaction,39.4127
both,transaction,36.7047
both,transaction,40.7806
both,transaction,36.2518
both,transaction,31.1424
both,transaction,45.8511
both,transaction,42.9928
both,transaction,32.1929
both,transaction,22.7388
both,transaction,36.8033
both,transaction,26.6840
both,transaction,23.4411
both,transaction,26.5950
both,transaction,30.9508
both,transaction,36.5723
both,transaction,25.4738
both,transaction,42.0680
both,transaction,45.8390
both,transaction,41.0793
both,transaction,30.0808
both,transaction,32.0027
both,transaction,55.5410
both,transaction,22.0528
both,transaction,48.6598
both,transaction,22.6145
both,transaction,42.1406
both,transaction,37.4954
both,transaction,39.0152
both,transaction,36.0495
both,transaction,36.4480
both,transaction,31.6260
both,transaction,31.5554
both,transaction,40.2197
both,transaction,36.7427
both,transaction,27.3470
both,transaction,50.0277
both,transaction,39.2636
both,transaction,51.0221
both,transaction,48.5811
both,transaction,44.8541
both,transaction,51.1250
both,transaction,31.2831
both,transaction,23.0950
both,transaction,21.9448
both,transaction,21.1294
both,transaction,21.5984
both,transaction,12.3233
both,transaction,111.3158
both,transaction,40.0643
both,transaction,50.5467
both,transaction,37.7843
both,transaction,50.9178
both,transaction,31.3087
both,transaction,31.6072
both,transaction,24.6603
both,transaction,19.5733
both,transaction,25.9652
both,transaction,58.5929
both,transaction,33.1051
both,transaction,35.8985
both,transaction,47.1412
both,transaction,33.3218
both,transaction,23.7853
both,transaction,43.9801
both,transaction,34.9452
both,transaction,23.9094
both,transaction,56.3933
both,transaction,34.7886
both,transaction,36.8775
both,transaction,38.4167
both,transaction,52.9825
both,transaction,32.1859
both,transaction,38.6027
both,transaction,28.2458
both,transaction,55.5455
both,transaction,20.7200
both,transaction,29.4077
both,transaction,32.5397
both,transaction,42.2896
both,transaction,39.0145
both,transaction,33.5450
both,transaction,39.7797
both,transaction,26.4426
both,transaction,32.2093
both,transaction,26.6309
both,transaction,30.2536
both,transaction,41.1308
both,transaction,47.3078
both,transaction,42.1434
both,transaction,39.9904
both,transaction,42.2681
both,transaction,48.5761
both,transaction,38.5363
both,transaction,30.9975
both,transaction,48.3398
both,transaction,33.3441
both,transaction,25.9257
both,transaction,61.2002
both,transaction,18.7919
both,transaction,25.1201
both,transaction,29.3927
both,transaction,35.8208
both,transaction,60.7579
both,transaction,36.9776
both,transaction,33.6839
both,transaction,36.4953
both,transaction,35.7898
both,transaction,36.6506
both,transaction,32.3292
both,transaction,17.1456
both,transaction,27.9594
both,transaction,20.3631
both,transaction,35.4189
both,transaction,33.6320
both,transaction,29.6427
both,transaction,39.9806
both,transaction,35.5630
both,transaction,41.8829
both,transaction,47.5007
both,transaction,38.7206
both,transaction,35.3921
both,transaction,30.8700
both,transaction,42.2304
both,transaction,51.4587
both,transaction,43.0121
both,transaction,40.6857
both,transaction,29.8408
both,transaction,30.3590
both,transaction,38.7267
both,transaction,32.9153
both,transaction,27.6040
both,transaction,22.8918
both,transaction,33.9868
both,transaction,40.8538
both,transaction,34.5835
both,transaction,22.2662
both,transaction,44.1743
both,transaction,38.2518
both,transaction,51.3861
both,transaction,61.4843
both,transaction,41.1563
both,transaction,30.0376
both,transaction,31.2032
both,transaction,34.9507
both,transaction,20.2641
both,transaction,20.1605
both,transaction,22.5913
both,transaction,138.1794
both,transaction,43.6143
both,transaction,41.4900
both,transaction,42.2234
both,transaction,28.4116
both,transaction,31.9725
both,transaction,33.3471
both,transaction,33.6629
both,transaction,43.9138
both,transaction,49.5584
both,transaction,39.7808
both,transaction,30.5729
both,transaction,29.1874
both,transaction,36.2191
both,transaction,50.5774
both,transaction,38.7645
both,transaction,39.3181
both,transaction,30.6991
both,transaction,43.1140
both,transaction,35.7560
both,transaction,37.2420
both,transaction,33.7623
both,transaction,32.8738
both,transaction,27.1423
both,transaction,37.1216
both,transaction,25.9908
both,transaction,33.9353
both,transaction,46.3399
both,transaction,38.0184
both,transaction,22.8455
both,transaction,45.2179
both,transaction,46.3928
both,transaction,29.4723
both,transaction,36.7403
both,transaction,39.0273
both,transaction,39.1580
both,transaction,26.8619
both,transaction,43.3339
both,transaction,31.0578
both,transaction,36.4759
both,transaction,34.7201
both,transaction,28.5852
both,transaction,19.8888
both,transaction,13.8394
both,transaction,19.0926
both,transaction,25.2262
both,transaction,23.1189
both,transaction,25.3604
both,transaction,42.2881
both,transaction,33.4337
both,transaction,57.5332
both,transaction,44.5553
both,transaction,46.8443
both,transaction,21.1604
both,transaction,29.4388
both,transaction,31.2833
both,transaction,42.1295
both,transaction,60.3031
both,transaction,36.1625
both,transaction,29.9521
both,transaction,39.3030
both,transaction,38.5435
both,transaction,31.6003
both,transaction,64.3621
both,transaction,34.7085
both,transaction,31.0670
both,transaction,24.8406
both,transaction,37.7798
both,transaction,28.0884
both,transaction,34.9517
both,transaction,38.6440
both,transaction,35.1988
both,transaction,49.4770
both,transaction,33.5949
both,transaction,40.4608
both,transaction,35.5624
both,transaction,33.3186
both,transaction,21.3527
both,transaction,41.7239
both,transaction,26.5839
both,transaction,28.1519
both,transaction,31.6172
both,transaction,27.3657
both,transaction,28.0488
both,transaction,16.7254
both,transaction,30.7695
both,transaction,32.5564
both,transaction,19.5564
both,transaction,43.3586
both,transaction,35.0050
both,transaction,40.4701
both,transaction,30.8418
both,transaction,33.3080
both,transaction,48.3721
both,transaction,50.7205
both,transaction,43.4930
both,transaction,41.2706
both,transaction,36.5757
both,transaction,25.9244
both,transaction,21.4839
both,transaction,78.4390
both,transaction,31.8529
both,transaction,39.3789
both,transaction,32.6636
both,transaction,43.1511
both,transaction,49.2674
both,transaction,34.9405
both,transaction,22.2167
both,transaction,45.9014
both,transaction,44.3350
both,transaction,51.7549
both,transaction,38.2037
both,transaction,39.3191
both,transaction,32.6211
both,transaction,24.1403
both,transaction,42.1015
both,transaction,33.9539
both,transaction,31.8493
both,transaction,27.0388
both,transaction,31.1099
both,transaction,48.2889
both,transaction,34.5856
both,transaction,37.8949
both,transaction,31.1002
both,transaction,26.1655
both,transaction,39.4666
both,transaction,44.7380
both,transaction,30.1565
both,transaction,39.7131
both,transaction,35.3636
both,transaction,28.8221
both,transaction,38.6489
both,transaction,35.8655
both,transaction,49.0136
both,transaction,36.8266
both,transaction,41.3182
both,transaction,28.9726
both,transaction,37.0940
both,transaction,40.9093
both,transaction,54.6856
both,transaction,25.1894
both,transaction,39.3073
both,transaction,38.5591
both,transaction,39.2068
both,transaction,45.3009
both,transaction,57.8892
both,transaction,41.4524
both,transaction,33.3255
both,transaction,19.5516
both,transaction,23.2854
both,transaction,29.7416
both,transaction,34.6318
both,transaction,29.6841
both,transaction,16.3486
both,transaction,25.9721
both,transaction,50.8570
both,transaction,34.3006
both,transaction,48.8080
both,transaction,27.5310
both,transaction,34.0463
both,transaction,19.0903
both,transaction,23.1894
both,transaction,43.4692
both,transaction,70.7448
both,transaction,36.4837
both,transaction,32.3252
both,transaction,30.2015
both,transaction,39.5078
both,transaction,26.2086
both,transaction,22.7877
both,transaction,31.7149
both,transaction,41.8852
both,transaction,28.1982
both,transaction,47.5868
both,transaction,28.7725
both,transaction,26.9833
both,transaction,77.0863
both,transaction,32.7151
both,transaction,31.0847
both,transaction,34.0998
both,transaction,41.0587
both,transaction,31.6608
both,transaction,31.8954
both,transaction,34.7418
both,transaction,36.0790
both,transaction,17.5274
both,transaction,37.4350
both,transaction,22.9725
both,transaction,26.4703
both,transaction,40.8798
both,transaction,34.7950
both,transaction,39.9067
both,transaction,48.2068
both,transaction,40.5577
both,transaction,50.3045
both,transaction,42.5360
both,transaction,31.5351
both,transaction,31.7717
both,transaction,20.4533
both,transaction,25.6263
both,transaction,74.2219
both,transaction,72.7840
both,transaction,38.0401
both,transaction,43.3111
both,transaction,55.3915
both,transaction,37.4365
both,transaction,23.0708
both,transaction,37.5668
both,transaction,38.8677
both,transaction,23.5150
both,transaction,39.9428
both,transaction,26.7823
both,transaction,43.5796
both,transaction,26.4550
both,transaction,28.7869
both,transaction,26.3641
both,transaction,29.3516
both,transaction,36.0955
both,transaction,31.9963
both,transaction,33.2204
both,transaction,46.6999
both,transaction,30.7003
both,transaction,32.2029
both,transaction,39.0865
both,transaction,35.0038
both,transaction,29.1305
both,transaction,29.3275
both,transaction,40.7678
both,transaction,35.9760
both,transaction,48.1667
both,transaction,28.5585
both,transaction,32.7025
both,transaction,45.0854
both,transaction,23.1815
both,transaction,26.8734
both,transaction,31.4104
both,transaction,40.6081
both,transaction,32.4413
both,transaction,48.9623
both,transaction,39.1069
both,transaction,26.9824
both,transaction,40.9438
both,transaction,33.1937
both,transaction,32.1276
both,transaction,36.4910
both,transaction,43.2721
both,transaction,54.6590
both,transaction,54.3139
both,transaction,36.9257
both,transaction,41.9423
both,transaction,32.9842
both,transaction,50.0206
both,transaction,42.0033
both,transaction,30.7015
both,transaction,12.2767
both,transaction,31.4164
both,transaction,28.0067
both,transaction,39.0098
both,transaction,26.4205
both,transaction,31.5314
both,transaction,25.8995
both,transaction,31.1643
both,transaction,30.2770
both,transaction,40.8207
both,transaction,78.4278
both,transaction,37.5148
both,transaction,45.6173
both,transaction,38.3578
both,transaction,33.4290
both,transaction,32.4472
both,transaction,41.3374
both,transaction,46.4941
both,transaction,38.0105
both,transaction,56.3139
both,transaction,41.4657
both,transaction,25.3930
both,transaction,34.8622
both,transaction,30.6371
both,transaction,28.2336
both,transaction,34.8246
both,transaction,36.6173
both,transaction,19.9279
both,transaction,34.5856
both,transaction,36.7885
both,transaction,28.6304
both,transaction,50.2709
both,transaction,43.6425
both,transaction,22.3443
both,transaction,31.1450
both,transaction,40.4633
both,transaction,41.0085
both,transaction,43.2432
both,transaction,40.4800
both,transaction,24.5452
both,transaction,39.1105
both,transaction,44.2612
both,transaction,28.7025
both,transaction,33.2391
both,transaction,26.9086
both,transaction,26.8834
both,transaction,81.3961
both,transaction,53.3438
both,transaction,49.4249
both,transaction,30.4145
both,transaction,54.3860
both,transaction,43.3354
both,transaction,30.7102
both,transaction,22.3722
both,transaction,33.6785
both,transaction,32.1005
both,transaction,14.8774
both,transaction,30.0336
both,transaction,31.7187
both,transaction,34.2315
both,transaction,44.3829
both,transaction,36.3799
both,transaction,38.8068
both,transaction,30.0307
both,transaction,29.4470
both,transaction,25.3333
both,transaction,42.3927
both,transaction,23.0432
both,transaction,32.6207
both,transaction,39.0084
both,transaction,39.8907
both,transaction,40.5007
both,transaction,36.0807
both,transaction,31.1448
both,transaction,30.7386
both,transaction,40.8122
both,transaction,40.2456
both,transaction,31.5414
both,transaction,40.5472
both,transaction,38.6591
both,transaction,73.8954
both,transaction,36.4445
both,transaction,39.1019
both,transaction,32.5092
both,transaction,31.7454
both,transaction,26.4187
both,transaction,38.6013
both,transaction,34.1143
both,transaction,43.1324
both,transaction,37.5573
both,transaction,39.2485
both,transaction,40.7718
both,transaction,56.8950
both,transaction,50.7720
both,transaction,32.7818
both,transaction,27.6333
both,transaction,48.6837
both,transaction,40.6135
both,transaction,42.0270
both,transaction,28.3734
both,transaction,46.4320
both,transaction,49.4095
both,transaction,32.5432
both,transaction,36.3698
both,transaction,35.1535
both,transaction,43.0930
both,transaction,7.9759
both,transaction,10.1136
both,transaction,10.7565
both,transaction,34.1044
both,transaction,26.2665
both,transaction,35.9420
both,transaction,36.3446
both,transaction,32.3616
both,transaction,29.8399
both,transaction,21.9751
both,transaction,32.5603
both,transaction,40.4640
both,transaction,42.1542
both,transaction,47.9082
both,transaction,32.7573
both,transaction,53.6927
both,transaction,41.3438
both,transaction,42.0076
both,transaction,32.4657
both,transaction,45.7523
both,transaction,43.5660
both,transaction,27.2509
both,transaction,28.6314
both,transaction,34.9489
both,transaction,30.8335
both,transaction,56.4584
both,transaction,36.1916
both,transaction,65.7954
both,transaction,37.7125
both,transaction,35.4370
both,transaction,43.3299
both,transaction,46.5067
both,transaction,54.2575
both,transaction,39.6303
both,transaction,26.8227
both,transaction,33.2715
both,transaction,43.1609
both,transaction,28.3782
both,transaction,19.9952
both,transaction,14.0475
both,transaction,83.3163
both,transaction,60.4520
both,transaction,45.3374
both,transaction,70.4472
both,transaction,31.8541
both,transaction,40.3463
both,transaction,37.4579
both,transaction,43.6679
both,transaction,38.0848
both,transaction,40.7121
both,transaction,43.3584
both,transaction,41.6212
both,transaction,34.1528
both,transaction,34.0855
both,transaction,35.4014
both,transaction,40.8655
both,transaction,38.0039
both,transaction,33.2704
both,transaction,40.5321
both,transaction,30.6084
both,transaction,41.3445
both,transaction,28.6843
both,transaction,29.0405
both,transaction,34.6152
both,transaction,29.7429
both,transaction,41.9518
both,transaction,54.5633
both,transaction,36.9459
both,transaction,33.2833
both,transaction,37.3629
both,transaction,45.4652
both,transaction,26.1813
both,transaction,40.4676
both,transaction,33.2516
both,transaction,34.6896
both,transaction,34.7406
both,transaction,28.4316
both,transaction,28.7749
both,transaction,38.7601
both,transaction,40.0345
both,transaction,22.9978
both,transaction,30.6313
both,transaction,38.3764
both,transaction,32.1051
both,transaction,44.9060
both,transaction,41.4810
both,transaction,46.5679
both,transaction,34.3319
both,transaction,40.5230
both,transaction,40.1359
both,transaction,35.8265
both,transaction,26.3315
both,transaction,34.9425
both,transaction,38.5404
both,transaction,37.1916
both,transaction,37.0118
both,transaction,33.6276
both,transaction,25.4038
both,transaction,31.9829
both,transaction,17.9733
both,transaction,9.3216
both,transaction,31.5305
both,transaction,64.8735
both,transaction,28.8259
both,transaction,32.1815
both,transaction,34.9327
both,transaction,25.0780
both,transaction,16.9298
both,transaction,23.8011
both,transaction,11.3864
both,transaction,13.9908
both,transaction,13.6631
both,transaction,33.7240
both,transaction,41.2849
both,transaction,48.8531
both,transaction,24.8433
both,transaction,11.3161
both,transaction,11.2366
both,transaction,24.1502
both,transaction,48.2170
both,transaction,18.8459
both,transaction,27.6309
both,transaction,43.0077
both,transaction,39.5299
both,transaction,36.9533
both,transaction,35.8138
both,transaction,34.9903
both,transaction,34.1559
both,transaction,30.7150
both,transaction,26.7039
both,transaction,11.8503
both,transaction,37.9918
both,transaction,88.8526
both,transaction,32.4409
both,transaction,32.4644
both,transaction,51.3184
both,transaction,61.5280
both,transaction,44.6316
both,transaction,39.9198
both,transaction,30.0340
both,transaction,79.9105
both,transaction,34.3104
both,transaction,52.7104
both,transaction,41.1198
both,transaction,46.3407
both,transaction,47.3425
both,transaction,31.2786
both,transaction,46.1974
both,transaction,32.5975
both,transaction,59.1293
both,transaction,40.3818
both,transaction,28.2357
both,transaction,43.8991
both,transaction,37.0345
both,transaction,25.6156
both,transaction,33.3362
both,transaction,34.4647
both,transaction,43.9318
both,transaction,38.2659
both,transaction,44.1466
both,transaction,35.6515
both,transaction,35.7865
both,transaction,41.3587
both,transaction,20.4340
both,transaction,25.2557
both,transaction,27.8188
both,transaction,36.3126
both,transaction,48.4135
both,transaction,34.6395
both,transaction,35.1431
both,transaction,38.1717
both,transaction,43.1260
both,transaction,40.4614
both,transaction,47.4991
both,transaction,34.8100
both,transaction,44.4667
both,transaction,36.8840
both,transaction,28.8907
both,transaction,31.1472
both,transaction,36.2736
both,transaction,39.4668
both,transaction,34.6238
both,transaction,33.8480
both,transaction,31.6666
both,transaction,47.4391
both,transaction,56.5231
both,transaction,35.7862
both,transaction,28.9050
both,transaction,32.0080
both,transaction,43.7917
both,transaction,34.0657
both,transaction,32.3938
both,transaction,34.7954
both,transaction,39.8171
both,transaction,37.5704
both,transaction,42.0069
both,transaction,34.1775
both,transaction,49.0629
both,transaction,40.2937
both,transaction,31.0588
both,transaction,66.0891
both,transaction,51.7032
both,transaction,34.7306
both,transaction,47.2791
both,transaction,35.5633
both,transaction,29.9907
both,transaction,42.3938
both,transaction,47.1402
both,transaction,47.5251
both,transaction,33.0699
both,transaction,29.3866
both,transaction,33.4667
both,transaction,44.6644
both,transaction,29.2223
both,transaction,43.4031
both,transaction,36.7979
both,transaction,38.2190
both,transaction,37.2805
both,transaction,36.5759
both,transaction,33.2873
both,transaction,37.4470
both,transaction,35.1419
both,transaction,35.7413
both,transaction,30.8707
both,transaction,30.3450
both,transaction,33.3193
both,transaction,46.2409
both,transaction,33.2531
both,transaction,39.2121
both,transaction,45.9398
both,transaction,39.5216
both,transaction,27.6129
both,transaction,30.8127
both,transaction,23.6312
both,transaction,24.4011
both,transaction,16.2375
both,transaction,19.5600
both,transaction,17.2550
both,transaction,7.0006
both,transaction,7.4315
both,transaction,100.4122
both,transaction,54.3649
both,transaction,43.0188
both,transaction,38.6097
both,transaction,44.7933
both,transaction,36.7625
both,transaction,22.9887
both,transaction,29.7100
both,transaction,47.5436
both,transaction,50.1767
both,transaction,30.3965
both,transaction,45.6805
both,transaction,30.8118
both,transaction,33.0970
both,transaction,32.9616
both,transaction,43.2808
both,transaction,33.0972
both,transaction,27.4878
both,transaction,38.2714
both,transaction,29.9581
both,transaction,32.4003
both,transaction,30.5839
both,transaction,37.9001
both,transaction,33.2858
both,transaction,33.1568
both,transaction,32.0050
both,transaction,25.9018
both,transaction,34.1661
both,transaction,39.7995
both,transaction,35.5382
both,transaction,19.1798
both,transaction,31.1114
both,transaction,37.6934
both,transaction,33.0718
both,transaction,37.0930
both,transaction,42.4889
both,transaction,31.9310
both,transaction,29.4916
both,transaction,41.5002
both,transaction,43.6847
both,transaction,42.4821
both,transaction,33.0698
both,transaction,41.9601
both,transaction,34.6420
both,transaction,27.6285
both,transaction,17.5830
both,transaction,29.2486
both,transaction,37.8123
both,transaction,52.5652
both,transaction,34.2634
both,transaction,24.0219
both,transaction,34.4594
both,transaction,33.7852
both,transaction,37.6404
both,transaction,35.8088
both,transaction,33.1259
both,transaction,38.0554
both,transaction,41.8784
both,transaction,39.1615
both,transaction,36.2744
both,transaction,31.1330
both,transaction,28.4853
both,transaction,35.6651
both,transaction,38.2141
both,transaction,36.5699
both,transaction,28.4115
both,transaction,39.1760
both,transaction,29.8633
both,transaction,35.8059
both,transaction,25.8182
both,transaction,32.1849
both,transaction,38.0246
both,transaction,34.7713
both,transaction,44.9665
both,transaction,50.9392
both,transaction,28.5246
both,transaction,27.6778
both,transaction,20.2912
both,transaction,41.0164
both,transaction,20.5815
both,transaction,24.4418
both,transaction,30.9808
both,transaction,25.2277
both,transaction,40.0727
both,transaction,30.3046
both,transaction,34.9787
both,transaction,37.2055
both,transaction,34.3603
both,transaction,22.6541
both,transaction,26.3582
both,transaction,32.4877
both,transaction,44.3983
both,transaction,23.4255
both,transaction,43.5339
both,transaction,47.8774
both,transaction,34.3113
both,transaction,43.7009
both,transaction,53.4768
both,transaction,51.6618
both,transaction,33.2565
both,transaction,131.9966
both,transaction,21.0867
both,transaction,43.3665
both,transaction,45.7221
both,transaction,59.9698
both,transaction,39.0772
both,transaction,38.3651
both,transaction,42.0664
both,transaction,27.7284
both,transaction,35.8136
both,transaction,28.0082
both,transaction,32.7677
both,transaction,43.2450
both,transaction,39.1123
both,transaction,40.0965
both,transaction,43.8404
both,transaction,26.7450
both,transaction,25.3962
both,transaction,37.8129
both,transaction,35.2624
both,transaction,34.8037
both,transaction,33.6156
both,transaction,42.0051
both,transaction,32.0674
both,transaction,31.0042
both,transaction,33.0286
both,transaction,32.4360
both,transaction,42.6976
both,transaction,36.2471
both,transaction,32.2505
both,transaction,32.7382
both,transaction,42.8157
both,transaction,40.6120
both,transaction,33.3817
both,transaction,39.1886
both,transaction,39.1681
both,transaction,27.7344
both,transaction,35.4034
both,transaction,23.6435
both,transaction,45.5038
both,transaction,38.9556
both,transaction,36.1890
both,transaction,37.4108
both,transaction,40.8952
both,transaction,38.9597
both,transaction,51.9047
both,transaction,49.0595
both,transaction,28.5022
both,transaction,23.0856
both,transaction,41.8438
both,transaction,43.1874
both,transaction,30.8202
both,transaction,28.1675
both,transaction,25.5865
both,transaction,34.1818
both,transaction,53.5082
both,transaction,32.1745
both,transaction,39.5057
both,transaction,34.9539
both,transaction,34.1904
both,transaction,41.2642
both,transaction,64.1305
both,transaction,42.3621
both,transaction,29.6782
both,transaction,24.4529
both,transaction,26.3501
both,transaction,28.8809
both,transaction,30.5228
both,transaction,27.7188
both,transaction,37.5313
both,transaction,35.7979
both,transaction,46.1790
both,transaction,29.2753
both,transaction,30.9347
both,transaction,54.9355
both,transaction,30.2777
both,transaction,48.2226
both,transaction,39.4847
both,transaction,40.4510
both,transaction,38.2192
both,transaction,35.7172
both,transaction,33.8377
both,transaction,23.6691
both,transaction,16.5325
both,transaction,40.9269
both,transaction,39.1411
both,transaction,32.9012
both,transaction,34.2290
both,transaction,26.7128
both,transaction,30.1931
both,transaction,66.0140
both,transaction,35.4374
both,transaction,42.8657
both,transaction,38.3425
both,transaction,37.2794
both,transaction,30.0379
both,transaction,30.2408
both,transaction,17.7963
both,transaction,22.8145
both,transaction,20.1183
both,transaction,81.3941
both,transaction,51.1905
both,transaction,29.0591
both,transaction,45.8836
both,transaction,35.4890
both,transaction,45.9542
both,transaction,30.3933
both,transaction,30.7520
both,transaction,34.4864
both,transaction,41.2502
both,transaction,20.0783
both,transaction,42.3509
both,transaction,30.7392
both,transaction,27.6383
both,transaction,49.8121
both,transaction,35.2538
both,transaction,40.1418
both,transaction,35.6049
both,transaction,22.9142
both,transaction,37.4280
both,transaction,50.3680
both,transaction,33.5310
both,transaction,40.4351
both,transaction,35.0373
both,transaction,35.3029
both,transaction,35.5266
both,transaction,38.8617
both,transaction,37.7388
both,transaction,42.0840
both,transaction,35.9163
both,transaction,34.9335
both,transaction,33.9554
both,transaction,49.5529
both,transaction,27.5425
both,transaction,42.5870
both,transaction,29.5745
both,transaction,38.0805
both,transaction,33.1898
both,transaction,31.4539
both,transaction,28.0472
both,transaction,34.8973
both,transaction,32.8017
both,transaction,37.7137
both,transaction,33.9716
both,transaction,39.0728
both,transaction,38.7108
both,transaction,31.0339
both,transaction,24.9817
both,transaction,34.1335
both,transaction,23.2785
both,transaction,44.1492
both,transaction,42.1904
both,transaction,32.7600
both,transaction,41.6730
both,transaction,42.7767
both,transaction,35.6330
both,transaction,42.4125
both,transaction,44.4286
both,transaction,37.6553
both,transaction,55.0891
both,transaction,53.1277
both,transaction,33.3390
both,transaction,23.7297
both,transaction,12.3867
both,transaction,39.5370
both,transaction,30.7435
both,transaction,26.7963
both,transaction,31.0543
both,transaction,25.8145
both,transaction,39.9628
both,transaction,31.4630
both,transaction,39.9228
both,transaction,44.7867
both,transaction,37.1579
both,transaction,31.2773
both,transaction,33.7175
both,transaction,30.1115
both,transaction,28.0237
both,transaction,55.6601
both,transaction,39.4026
both,transaction,32.3124
both,transaction,36.0198
both,transaction,33.9123
both,transaction,25.6670
both,transaction,34.8877
both,transaction,24.8948
both,transaction,35.1584
both,transaction,37.0719
both,transaction,37.5586
both,transaction,54.3149
both,transaction,35.0030
both,transaction,42.0101
both,transaction,34.8393
both,transaction,47.6892
both,transaction,27.2225
both,transaction,33.3494
both,transaction,38.6712
both,transaction,25.2140
both,transaction,25.0599
both,transaction,39.7505
both,transaction,86.4005
both,transaction,35.8977
both,transaction,34.6402
both,transaction,49.6345
both,transaction,44.2528
both,transaction,39.7696
both,transaction,37.3716
both,transaction,23.9255
both,transaction,15.0280
both,transaction,33.2649
both,transaction,35.6807
both,transaction,27.8921
both,transaction,43.5066
both,transaction,24.3517
both,transaction,41.1893
both,transaction,27.1062
both,transaction,34.2072
both,transaction,37.1105
both,transaction,38.2373
both,transaction,33.7511
both,transaction,29.1282
both,transaction,21.6276
both,transaction,30.1134
both,transaction,36.8216
both,transaction,43.3824
both,transaction,36.2070
both,transaction,30.7633
both,transaction,34.9345
both,transaction,30.0416
both,transaction,35.5990
both,transaction,42.4663
both,transaction,35.3832
both,transaction,36.0696
both,transaction,37.7067
both,transaction,47.5170
both,transaction,63.4126
both,transaction,39.2015
both,transaction,37.7813
both,transaction,47.0625
both,transaction,37.8911
both,transaction,36.4575
both,transaction,35.6418
both,transaction,23.0602
both,transaction,33.0710
both,transaction,38.2016
both,transaction,41.3759
both,transaction,41.8559
both,transaction,34.6089
both,transaction,46.7797
both,transaction,35.6224
both,transaction,27.6508
both,transaction,26.6768
both,transaction,25.3864
both,transaction,24.4277
both,transaction,26.5512
both,transaction,25.3455
both,transaction,24.7683
both,transaction,36.2533
both,transaction,40.0556
both,transaction,41.5848
both,transaction,38.7609
both,transaction,30.5378
both,transaction,40.4084
both,transaction,42.0342
both,transaction,32.9866
both,transaction,78.3937
both,transaction,46.8559
both,transaction,30.3314
both,transaction,31.3114
both,transaction,33.7989
both,transaction,32.3599
both,transaction,32.1306
both,transaction,40.5582
both,transaction,52.3988
both,transaction,28.3169
both,transaction,42.9413
both,transaction,35.0065
both,transaction,31.6260
both,transaction,20.1078
both,transaction,32.2379
both,transaction,27.6761
both,transaction,32.6528
both,transaction,32.2954
both,transaction,38.1393
both,transaction,32.4255
both,transaction,34.8841
both,transaction,22.3965
both,transaction,34.2027
both,transaction,26.7385
both,transaction,35.5065
both,transaction,33.6482
both,transaction,38.3085
both,transaction,30.2473
both,transaction,42.4034
both,transaction,49.3099
both,transaction,46.6086
both,transaction,44.9517
both,transaction,35.8834
both,transaction,28.6902
both,transaction,30.8435
alone,query,3.0834
alone,query,2.8383
alone,query,10.8462
alone,query,4.0557
alone,query,5.6222
alone,query,6.9979
alone,query,3.5031
alone,query,7.3499
alone,query,3.3337
alone,query,2.6391
alone,query,3.5902
alone,query,6.3631
alone,query,5.6771
alone,query,3.1317
alone,query,2.0900
alone,query,1.8255
alone,query,2.5217
alone,query,3.3123
alone,query,2.8211
alone,query,1.7774
alone,query,3.3014
alone,query,1.7399
alone,query,4.8548
alone,query,3.7555
alone,query,1.7761
alone,query,2.0287
alone,query,4.3211
alone,query,1.5261
alone,query,5.9729
alone,query,2.1548
alone,query,5.7092
alone,query,4.1083
alone,query,5.3441
alone,query,1.2776
alone,query,3.0072
alone,query,1.7530
alone,query,8.9160
alone,query,4.0436
alone,query,1.8639
alone,query,2.0204
alone,query,1.3496
alone,query,3.8498
alone,query,3.0389
alone,query,4.2044
alone,query,1.1353
alone,query,2.3343
alone,query,2.5605
alone,query,1.4800
alone,query,1.4222
alone,query,3.3166
alone,query,1.8188
alone,query,1.7791
alone,query,4.2104
alone,query,2.2121
alone,query,3.2799
alone,query,1.9987
alone,query,3.3450
alone,query,2.4384
alone,query,0.8490
alone,query,0.9439
alone,query,2.5659
alone,query,3.5099
alone,query,1.5150
alone,query,1.7951
alone,query,2.8729
alone,query,2.8665
alone,query,2.3126
alone,query,1.9958
alone,query,1.8182
alone,query,3.3133
alone,query,2.5833
alone,query,2.0322
alone,query,3.5055
alone,query,3.4709
alone,query,6.2581
alone,query,2.6475
alone,query,3.9683
alone,query,3.3726
alone,query,2.0991
alone,query,2.0191
alone,query,2.3512
alone,query,2.8589
alone,query,1.0198
alone,query,1.9430
alone,query,2.8332
alone,query,1.8940
alone,query,4.4684
alone,query,2.4009
alone,query,3.2492
alone,query,3.1585
alone,query,1.5577
alone,query,2.1148
alone,query,1.7547
alone,query,2.5356
alone,query,2.1565
alone,query,1.6659
alone,query,0.8168
alone,query,1.2070
alone,query,1.3816
alone,query,0.4432
alone,query,1.7837
alone,query,1.9083
alone,query,1.8409
alone,query,4.2973
alone,query,6.8667
alone,query,4.4167
alone,query,9.9294
alone,query,2.2976
alone,query,2.3405
alone,query,2.9798
alone,query,2.0887
alone,query,5.9473
alone,query,4.0986
alone,query,2.1023
alone,query,4.6259
alone,query,0.9027
alone,query,1.9996
alone,query,2.1342
alone,query,2.2480
alone,query,2.3107
alone,query,3.2060
alone,query,3.0925
alone,query,2.4651
alone,query,2.4954
alone,query,5.7604
alone,query,5.7537
alone,query,3.1081
alone,query,4.3136
alone,query,1.7201
alone,query,2.0269
alone,query,1.1533
alone,query,3.6310
alone,query,1.7569
alone,query,4.1809
alone,query,1.7900
alone,query,2.0613
alone,query,1.2220
alone,query,2.5329
alone,query,1.0414
alone,query,1.2652
alone,query,0.9538
alone,query,7.0073
alone,query,2.4455
alone,query,3.1101
alone,query,2.0088
alone,query,3.7318
alone,query,1.9364
alone,query,1.4946
alone,query,4.9609
alone,query,3.9749
alone,query,1.6595
alone,query,3.4144
alone,query,0.5759
alone,query,4.1883
alone,query,2.1717
alone,query,2.4820
alone,query,2.7041
alone,query,0.3780
alone,query,2.0856
alone,query,2.0036
alone,query,2.4803
alone,query,2.3727
alone,query,4.3055
alone,query,1.5534
alone,query,1.5931
alone,query,2.3543
alone,query,2.1218
alone,query,1.0214
alone,query,2.1453
alone,query,1.5053
alone,query,10.4110
alone,query,2.6037
alone,query,2.0154
alone,query,1.6767
alone,query,2.0723
alone,query,4.0660
alone,query,3.4738
alone,query,3.5673
alone,query,2.0931
alone,query,3.1607
alone,query,2.8821
alone,query,1.5489
alone,query,2.2736
alone,query,2.8943
alone,query,4.5787
alone,query,5.2915
alone,query,2.7764
alone,query,5.5243
alone,query,1.7063
alone,query,1.6854
alone,query,2.7017
alone,query,1.8988
alone,query,1.4431
alone,query,2.3447
alone,query,3.3822
alone,query,1.6233
alone,query,2.1567
alone,query,1.5158
alone,query,1.2062
alone,query,1.8521
alone,query,2.6167
alone,query,3.1320
alone,query,4.3114
alone,query,3.5990
alone,query,3.1570
alone,query,5.5460
alone,query,3.4278
alone,query,1.3606
alone,query,3.1166
alone,query,4.6812
alone,query,1.6225
alone,query,6.3312
alone,query,1.9236
alone,query,2.9201
alone,query,1.8199
alone,query,2.0806
alone,query,2.4379
alone,query,1.3115
alone,query,3.2484
alone,query,3.1534
alone,query,2.5651
alone,query,1.1494
alone,query,4.2707
alone,query,4.7745
alone,query,3.7455
alone,query,1.0595
alone,query,2.5771
alone,query,2.2262
alone,query,0.8517
alone,query,1.0825
alone,query,5.3801
alone,query,2.7689
alone,query,2.6807
alone,query,2.6076
alone,query,1.3259
alone,query,2.6222
alone,query,6.8071
alone,query,2.0731
alone,query,3.3562
alone,query,1.8119
alone,query,4.8334
alone,query,2.8911
alone,query,3.1745
alone,query,3.5523
alone,query,1.5991
alone,query,2.6572
alone,query,1.4503
alone,query,2.1684
alone,query,1.6347
alone,query,2.8970
alone,query,1.1712
alone,query,3.6046
alone,query,2.4050
alone,query,2.2084
alone,query,2.3264
alone,query,3.5936
alone,query,2.4527
alone,query,2.3696
alone,query,1.5828
alone,query,2.2472
alone,query,1.5867
alone,query,1.3504
alone,query,1.0133
alone,query,2.4144
alone,query,2.9450
alone,query,2.4539
alone,query,5.9835
alone,query,1.9690
alone,query,1.5080
alone,query,1.2361
alone,query,1.5150
alone,query,2.2642
alone,query,3.2777
alone,query,3.8063
alone,query,4.4102
alone,query,2.8857
alone,query,2.3617
alone,query,2.5337
alone,query,2.1120
alone,query,2.2078
alone,query,4.5253
alone,query,3.2690
alone,query,2.7567
alone,query,1.8303
alone,query,5.2461
alone,query,1.2570
alone,query,0.8312
alone,query,5.1138
alone,query,2.2242
alone,query,2.9253
alone,query,0.9832
alone,query,4.4403
alone,query,3.9767
alone,query,1.5734
alone,query,2.4902
alone,query,2.3576
alone,query,2.4905
alone,query,2.8974
alone,query,1.8807
alone,query,0.7368
alone,query,3.9153
alone,query,1.4411
alone,query,4.6449
alone,query,2.3947
alone,query,3.1917
alone,query,1.5813
alone,query,5.6113
alone,query,3.1505
alone,query,2.8883
alone,query,4.6389
alone,query,0.8478
alone,query,3.4773
alone,query,3.8725
alone,query,1.4601
alone,query,4.5724
alone,query,0.7186
alone,query,3.7631
alone,query,2.2099
alone,query,11.8280
alone,query,3.7488
alone,query,3.5552
alone,query,2.2474
alone,query,2.4677
alone,query,1.5799
alone,query,1.6049
alone,query,1.2915
alone,query,4.1606
alone,query,1.2018
alone,query,1.4721
alone,query,0.9972
alone,query,2.2573
alone,query,3.3541
alone,query,3.4731
alone,query,3.6809
alone,query,2.2505
alone,query,6.8970
alone,query,2.9977
alone,query,4.7729
alone,query,3.0455
alone,query,0.6874
alone,query,0.5413
alone,query,1.8336
alone,query,1.9342
alone,query,3.5460
alone,query,7.6795
alone,query,1.2991
alone,query,1.9544
alone,query,3.5414
alone,query,1.8379
alone,query,4.6779
alone,query,1.1038
alone,query,7.2483
alone,query,3.3230
alone,query,3.0887
alone,query,2.1474
alone,query,2.8110
alone,query,3.1600
alone,query,3.5755
alone,query,2.7702
alone,query,4.7407
alone,query,1.6973
alone,query,2.9500
alone,query,1.3371
alone,query,2.0893
alone,query,1.7507
alone,query,1.1144
alone,query,2.0546
alone,query,2.9451
alone,query,2.3198
alone,query,2.1170
alone,query,1.6866
alone,query,1.5369
alone,query,2.1369
alone,query,4.0269
alone,query,2.9024
alone,query,2.9844
alone,query,2.5477
alone,query,2.5185
alone,query,1.9008
alone,query,0.8279
alone,query,3.5376
alone,query,3.8422
alone,query,1.9141
alone,query,3.5950
alone,query,3.6520
alone,query,3.3116
alone,query,1.8271
alone,query,4.4121
alone,query,2.6897
alone,query,2.4277
alone,query,1.5206
alone,query,2.3829
alone,query,2.2312
alone,query,2.3895
alone,query,2.3508
alone,query,2.2294
alone,query,2.3608
alone,query,0.5821
alone,query,1.2449
alone,query,1.2832
alone,query,1.5035
alone,query,1.1848
alone,query,2.5202
alone,query,2.8576
alone,query,1.6653
alone,query,2.9799
alone,query,2.1852
alone,query,6.4963
alone,query,2.6398
alone,query,1.8018
alone,query,3.0307
alone,query,5.0966
alone,query,3.8573
alone,query,2.3420
alone,query,2.9648
alone,query,4.3201
alone,query,1.3141
alone,query,3.4603
alone,query,3.1490
alone,query,2.4355
alone,query,3.9087
alone,query,2.9472
alone,query,2.9932
alone,query,1.8022
alone,query,3.1026
alone,query,2.7343
alone,query,0.8022
alone,query,1.5313
alone,query,1.2605
alone,query,2.6880
alone,query,2.5375
alone,query,1.7714
alone,query,4.1957
alone,query,2.5926
alone,query,3.7603
alone,query,2.2837
alone,query,1.5850
alone,query,3.4640
alone,query,0.9316
alone,query,3.7918
alone,query,4.7372
alone,query,1.5055
alone,query,4.8268
alone,query,3.6057
alone,query,3.7856
alone,query,8.1728
alone,query,1.8621
alone,query,1.1677
alone,query,1.5112
alone,query,4.7011
alone,query,1.2832
alone,query,5.6300
alone,query,2.9081
alone,query,2.5155
alone,query,4.8644
alone,query,3.5636
alone,query,2.3393
alone,query,2.5196
alone,query,2.2736
alone,query,1.9813
alone,query,6.4814
alone,query,3.2827
alone,query,2.0052
alone,query,1.6839
alone,query,1.3716
alone,query,1.6177
alone,query,3.6998
alone,query,1.5699
alone,query,2.0819
alone,query,5.7206
alone,query,2.2323
alone,query,1.9647
alone,query,1.6587
alone,query,3.2301
alone,query,2.2838
alone,query,6.9913
alone,query,2.5598
alone,query,2.2043
alone,query,1.9878
alone,query,2.4109
alone,query,1.5353
alone,query,3.0274
alone,query,1.0384
alone,query,3.0612
alone,query,4.2139
alone,query,1.7926
alone,query,3.3609
alone,query,6.1394
alone,query,1.1083
alone,query,2.3088
alone,query,1.9846
alone,query,1.3685
alone,query,2.3022
alone,query,3.2810
alone,query,1.5839
alone,query,2.9790
alone,query,1.9681
alone,query,1.4119
alone,query,3.7987
alone,query,1.2243
alone,query,5.9771
alone,query,4.1136
alone,query,1.5823
alone,query,5.7060
alone,query,2.4357
alone,query,5.2745
alone,query,3.8845
alone,query,3.8109
alone,query,3.1162
alone,query,2.5055
alone,query,2.1860
alone,query,1.2630
alone,query,4.6462
alone,query,2.4659
alone,query,1.8314
alone,query,5.7391
alone,query,2.6537
alone,query,3.0266
alone,query,2.6879
alone,query,2.6119
alone,query,2.3162
alone,query,2.3356
alone,query,1.6281
alone,query,2.3060
alone,query,1.5764
alone,query,2.3070
alone,query,2.0941
alone,query,3.2233
alone,query,2.8109
alone,query,3.5612
alone,query,1.8143
alone,query,3.0624
alone,query,12.7188
alone,query,5.0784
alone,query,4.5835
alone,query,6.6131
alone,query,1.2268
alone,query,2.2811
alone,query,2.7646
alone,query,1.4453
alone,query,1.4379
alone,query,1.0106
alone,query,5.5992
alone,query,1.8221
alone,query,2.4279
alone,query,7.1285
alone,query,3.1565
alone,query,1.3269
alone,query,1.0226
alone,query,1.4387
alone,query,3.6608
alone,query,0.8627
alone,query,0.8498
alone,query,1.7537
alone,query,2.1699
alone,query,2.9606
alone,query,1.8464
alone,query,1.9759
alone,query,2.2593
alone,query,2.0012
alone,query,5.2883
alone,query,0.8836
alone,query,1.5034
alone,query,3.1802
alone,query,6.6279
alone,query,3.4729
alone,query,2.6252
alone,query,2.9083
alone,query,1.4908
alone,query,1.5717
alone,query,2.0465
alone,query,1.9949
alone,query,1.7558
alone,query,1.9638
alone,query,5.7304
alone,query,4.1851
alone,query,3.1066
alone,query,3.0223
alone,query,2.5375
alone,query,3.5650
alone,query,5.6478
alone,query,0.8058
alone,query,5.1537
alone,query,1.1893
alone,query,2.2859
alone,query,0.5210
alone,query,1.1836
alone,query,2.0990
alone,query,0.7414
alone,query,2.1731
alone,query,4.0155
alone,query,1.3934
alone,query,1.5550
alone,query,2.0887
alone,query,1.2482
alone,query,1.6163
alone,query,1.9871
alone,query,3.8675
alone,query,1.0232
alone,query,5.0197
alone,query,2.7792
alone,query,2.6880
alone,query,0.9940
alone,query,4.0174
alone,query,2.3086
alone,query,2.9351
alone,query,3.4312
alone,query,3.8659
alone,query,3.8173
alone,query,3.4676
alone,query,4.2392
alone,query,7.8646
alone,query,2.7840
alone,query,3.6389
alone,query,2.2935
alone,query,4.0979
alone,query,3.7018
alone,query,2.0773
alone,query,4.6026
alone,query,2.1523
alone,query,2.9290
alone,query,2.6151
alone,query,4.5893
alone,query,1.2183
alone,query,4.0656
alone,query,1.1877
alone,query,7.2689
alone,query,1.1800
alone,query,2.0510
alone,query,3.6181
alone,query,2.3694
alone,query,2.9017
alone,query,1.1829
alone,query,3.6789
alone,query,3.7217
alone,query,4.4097
alone,query,1.0654
alone,query,3.3968
alone,query,2.5021
alone,query,0.9720
alone,query,0.4912
alone,query,2.5611
alone,query,2.0499
alone,query,0.6322
alone,query,2.1474
alone,query,13.7097
alone,query,3.1364
alone,query,2.7052
alone,query,6.0250
alone,query,2.7291
alone,query,3.2040
alone,query,1.7405
alone,query,2.7861
alone,query,2.4554
alone,query,3.6520
alone,query,2.7099
alone,query,3.0381
alone,query,3.0313
alone,query,2.8555
alone,query,2.4560
alone,query,1.7064
alone,query,3.7706
alone,query,1.8662
alone,query,2.5802
alone,query,0.5278
alone,query,1.1427
alone,query,2.2504
alone,query,1.6801
alone,query,1.2764
alone,query,2.1205
alone,query,1.3617
alone,query,1.0091
alone,query,0.9791
alone,query,1.8482
alone,query,3.9957
alone,query,4.8302
alone,query,1.9313
alone,query,3.2544
alone,query,1.8366
alone,query,2.1369
alone,query,1.1166
alone,query,1.8176
alone,query,0.7724
alone,query,3.2754
alone,query,3.1670
alone,query,2.3535
alone,query,2.7213
alone,query,0.6513
alone,query,2.8910
alone,query,2.3960
alone,query,3.1138
alone,query,3.5782
alone,query,1.2684
alone,query,2.0071
alone,query,2.2210
alone,query,3.0379
alone,query,2.3145
alone,query,1.9621
alone,query,1.7238
alone,query,2.1919
alone,query,5.8159
alone,query,2.3029
alone,query,4.2756
alone,query,1.7481
alone,query,2.7866
alone,query,3.7653
alone,query,4.4082
alone,query,3.2603
alone,query,4.1036
alone,query,4.0749
alone,query,1.5148
alone,query,2.8401
alone,query,0.6182
alone,query,5.1726
alone,query,3.4017
alone,query,4.1801
alone,query,3.1444
alone,query,2.6045
alone,query,3.0965
alone,query,1.7992
alone,query,1.0077
alone,query,1.7506
alone,query,3.6406
alone,query,1.9886
alone,query,3.5666
alone,query,0.9595
alone,query,2.5185
alone,query,3.1969
alone,query,2.0453
alone,query,2.3951
alone,query,3.1850
alone,query,6.3893
alone,query,4.4047
alone,query,1.8177
alone,query,0.8529
alone,query,3.5643
alone,query,0.6755
alone,query,5.3803
alone,query,3.5066
alone,query,3.8379
alone,query,2.9779
alone,query,1.6317
alone,query,3.3691
alone,query,2.3520
alone,query,1.9955
alone,query,1.7563
alone,query,3.0048
alone,query,1.3465
alone,query,0.9715
alone,query,2.7845
alone,query,2.6901
alone,query,2.2111
alone,query,1.8727
alone,query,2.6089
alone,query,6.2822
alone,query,2.2455
alone,query,5.7015
alone,query,3.9488
alone,query,3.7151
alone,query,5.2651
alone,query,5.7285
alone,query,1.6163
alone,query,1.1374
alone,query,1.5768
alone,query,2.5316
alone,query,1.0725
alone,query,1.7803
alone,query,2.1975
alone,query,1.5026
alone,query,2.1498
alone,query,1.4064
alone,query,1.5485
alone,query,1.8402
alone,query,1.9341
alone,query,2.9475
alone,query,1.0862
alone,query,3.1775
alone,query,3.1383
alone,query,2.3130
alone,query,5.7627
alone,query,5.7649
alone,query,1.6943
alone,query,3.5547
alone,query,1.9787
alone,query,1.7208
alone,query,2.7745
alone,query,1.3632
alone,query,2.8079
alone,query,1.3224
alone,query,0.8298
alone,query,0.9323
alone,query,2.8302
alone,query,2.5607
alone,query,4.1126
alone,query,2.6562
alone,query,3.2763
alone,query,1.7710
alone,query,1.4401
alone,query,1.4412
alone,query,1.3900
alone,query,6.2821
alone,query,1.7250
alone,query,6.0658
alone,query,1.8719
alone,query,1.2984
alone,query,5.6648
alone,query,9.6455
alone,query,3.5596
alone,query,3.7069
alone,query,1.3658
alone,query,2.0841
alone,query,1.9049
alone,query,0.9421
alone,query,8.1045
alone,query,6.1358
alone,query,3.6866
alone,query,3.7328
alone,query,2.1911
alone,query,3.3675
alone,query,3.4783
alone,query,2.7724
alone,query,2.6491
alone,query,2.6144
alone,query,3.0044
alone,query,3.5642
alone,query,3.0426
alone,query,7.5101
alone,query,2.1902
alone,query,1.8120
alone,query,4.0456
alone,query,9.4107
alone,query,4.2018
alone,query,2.9392
alone,query,1.1497
alone,query,3.1150
alone,query,2.7757
alone,query,2.4655
alone,query,4.2276
alone,query,3.4028
alone,query,1.6942
alone,query,3.1856
alone,query,3.7810
alone,query,1.2867
alone,query,3.0293
alone,query,2.2427
alone,query,1.6863
alone,query,1.4180
alone,query,1.1019
alone,query,2.5835
alone,query,1.1910
alone,query,2.8658
alone,query,3.6564
alone,query,2.8736
alone,query,4.3973
alone,query,3.1325
alone,query,3.3816
alone,query,1.3633
alone,query,4.4282
alone,query,1.9996
alone,query,3.5677
alone,query,2.6440
alone,query,2.5060
alone,query,1.5934
alone,query,2.3214
alone,query,1.6763
alone,query,2.0543
alone,query,5.3921
alone,query,2.3306
alone,query,1.9317
alone,query,1.2535
alone,query,1.1300
alone,query,1.4906
alone,query,3.3700
alone,query,2.7615
alone,query,3.1890
alone,query,2.3895
alone,query,2.1021
alone,query,2.6601
alone,query,3.2058
alone,query,3.5351
alone,query,1.3750
alone,query,2.7074
alone,query,3.9786
alone,query,1.9566
alone,query,1.9183
alone,query,1.9423
alone,query,2.5246
alone,query,2.8468
alone,query,3.2171
alone,query,1.8476
alone,query,3.0869
alone,query,1.4266
alone,query,2.2633
alone,query,0.9101
alone,query,1.0865
alone,query,1.5190
alone,query,1.9009
alone,query,1.4558
alone,query,0.8261
alone,query,0.7693
alone,query,1.8953
alone,query,4.3443
alone,query,3.3018
alone,query,6.1672
alone,query,4.6042
alone,query,2.3866
alone,query,1.0323
alone,query,1.5669
alone,query,4.1062
alone,query,5.5504
alone,query,3.3749
alone,query,2.8528
alone,query,1.9630
alone,query,4.6113
alone,query,3.1060
alone,query,3.9591
alone,query,2.3254
alone,query,1.8454
alone,query,3.0615
alone,query,2.2674
alone,query,2.7323
alone,query,2.7845
alone,query,2.8936
alone,query,2.1146
alone,query,1.8833
alone,query,1.5453
alone,query,1.6439
alone,query,4.0723
alone,query,3.9907
alone,query,1.1538
alone,query,3.5277
alone,query,4.2497
alone,query,8.9772
alone,query,4.7902
alone,query,5.7601
alone,query,3.1850
alone,query,8.5413
alone,query,3.8851
alone,query,4.6728
alone,query,1.6358
alone,query,4.8166
alone,query,1.0031
alone,query,2.0329
alone,query,1.2652
alone,query,1.6773
alone,query,1.6765
alone,query,3.4294
alone,query,2.9911
alone,query,1.6653
alone,query,1.9191
alone,query,1.2059
alone,query,1.8397
alone,query,2.5046
alone,query,4.0818
alone,query,2.1931
alone,query,2.8908
alone,query,2.9811
alone,query,4.0555
alone,query,1.7311
alone,query,1.0019
alone,query,1.7694
alone,query,2.0159
alone,query,1.8527
alone,query,2.1855
alone,query,1.6091
alone,query,1.4208
alone,query,1.6577
alone,query,0.4891
alone,query,1.9187
alone,query,1.7273
alone,query,2.3882
alone,query,2.6405
alone,query,0.7813
alone,query,3.7554
alone,query,1.3702
alone,query,3.1839
alone,query,3.3703
alone,query,6.8893
alone,query,3.0010
alone,query,2.2814
alone,query,5.4417
alone,query,5.0538
alone,query,2.5450
alone,query,2.5327
alone,query,9.1437
alone,query,2.5470
alone,query,2.2491
alone,query,2.7070
alone,query,2.0520
alone,query,3.9811
alone,query,5.7378
alone,query,2.6978
alone,query,1.3185
alone,query,1.6657
alone,query,1.1886
alone,query,1.1842
alone,query,1.4132
alone,query,0.9249
alone,query,0.6297
alone,query,0.5640
alone,query,5.7651
alone,query,1.4171
alone,query,3.7162
alone,query,12.4875
alone,query,6.4143
alone,query,1.9785
alone,query,9.7505
alone,query,3.5360
alone,query,2.2365
alone,query,3.8100
alone,query,1.3587
alone,query,0.8527
alone,query,1.1072
alone,query,2.4120
alone,query,3.5685
alone,query,2.9667
alone,query,3.4070
alone,query,3.1390
alone,query,1.8426
alone,query,1.9169
alone,query,3.9053
alone,query,2.7284
alone,query,1.9802
alone,query,2.7683
alone,query,1.9636
alone,query,2.0956
alone,query,1.6895
alone,query,1.9389
alone,query,2.0390
alone,query,6.5867
alone,query,1.6055
alone,query,5.5434
alone,query,5.5972
alone,query,1.9983
alone,query,1.2106
alone,query,3.0538
alone,query,3.4632
alone,query,0.6568
alone,query,4.8648
alone,query,7.1783
alone,query,4.3902
alone,query,2.6874
alone,query,2.4554
alone,query,1.8677
alone,query,1.9597
alone,query,1.3161
alone,query,1.8798
alone,query,2.0865
alone,query,1.6810
alone,query,2.5696
alone,query,1.4809
alone,query,0.9202
alone,query,1.9703
alone,query,1.4484
alone,query,2.1664
alone,query,4.1832
alone,query,2.1898
alone,query,8.0566
alone,query,4.5623
alone,query,3.1368
alone,query,1.8877
alone,query,2.3705
alone,query,3.3195
alone,query,5.9065
alone,query,4.5532
alone,query,1.7815
alone,query,2.5313
alone,query,2.7096
alone,query,1.2578
alone,query,1.8191
alone,query,2.0519
alone,query,3.2049
alone,query,1.0687
alone,query,1.1760
alone,query,1.9807
alone,query,2.6505
alone,query,2.3479
alone,query,1.2875
alone,query,2.1147
alone,query,3.2284
alone,query,3.0284
alone,query,6.2700
alone,query,2.3336
alone,query,0.9228
alone,query,2.3935
alone,query,1.5308
alone,query,0.6352
alone,query,3.8206
alone,query,3.9221
alone,query,2.4819
alone,query,3.3123
alone,query,1.3568
alone,query,1.9650
alone,query,1.8847
alone,query,2.8491
alone,query,2.0536
alone,query,1.8984
alone,query,0.9624
alone,query,1.8644
alone,query,2.4266
alone,query,2.0448
alone,query,0.8169
alone,query,6.2759
alone,query,5.6855
alone,query,6.6113
alone,query,2.4427
alone,query,5.5063
alone,query,3.0483
alone,query,2.6594
alone,query,3.5457
alone,query,3.5152
alone,query,3.2234
alone,query,2.8925
alone,query,1.8956
alone,query,1.6877
alone,query,1.6318
alone,query,3.2839
alone,query,2.0140
alone,query,3.9426
alone,query,4.3861
alone,query,0.9962
alone,query,1.6879
alone,query,4.1597
alone,query,1.8405
alone,query,2.4958
alone,query,7.4786
alone,query,1.9721
alone,query,2.4890
alone,query,4.8671
alone,query,2.0901
alone,query,8.7566
alone,query,9.7554
alone,query,1.6118
alone,query,0.6064
alone,query,3.0739
alone,query,2.1685
alone,query,1.9065
alone,query,1.3044
alone,query,1.3755
alone,query,1.0912
alone,query,4.2921
alone,query,2.1025
alone,query,3.2199
alone,query,2.5043
alone,query,1.9259
alone,query,2.3994
alone,query,1.9240
alone,query,1.8213
alone,query,3.9131
alone,query,1.5795
alone,query,4.0162
alone,query,3.6526
alone,query,2.5396
alone,query,2.5859
alone,query,3.2735
alone,query,1.4846
alone,query,4.4110
alone,query,3.8702
alone,query,3.4342
alone,query,1.1679
alone,query,4.0410
alone,query,1.6527
alone,query,0.9566
alone,query,6.2359
alone,query,3.8981
alone,query,3.1750
alone,query,2.2714
alone,query,2.6468
alone,query,1.9155
alone,query,5.4437
alone,query,1.7049
alone,query,2.2967
alone,query,7.5974
alone,query,1.5953
alone,query,1.3815
alone,query,1.9655
alone,query,6.2702
alone,query,1.4263
alone,query,2.7751
alone,query,2.7242
alone,query,2.8108
alone,query,2.5284
alone,query,0.8846
alone,query,7.0023
alone,query,1.1965
alone,query,3.7375
alone,query,1.0478
alone,query,1.0203
alone,query,3.6852
alone,query,1.1334
alone,query,2.3902
alone,query,2.0223
alone,query,2.2875
alone,query,1.0208
alone,query,1.5384
alone,query,4.0823
alone,query,3.6212
alone,query,1.6369
alone,query,0.9745
alone,query,1.7537
alone,query,2.3115
alone,query,3.3782
alone,query,6.2038
alone,query,4.6109
alone,query,5.6628
alone,query,4.8324
alone,query,3.2436
alone,query,4.3067
alone,query,2.3514
alone,query,1.8764
alone,query,1.2008
alone,query,1.5208
alone,query,6.4074
alone,query,5.6972
alone,query,2.1290
alone,query,2.1019
alone,query,2.3258
alone,query,2.0081
alone,query,4.5975
alone,query,5.1347
alone,query,2.8531
alone,query,2.7543
alone,query,4.9763
alone,query,1.4146
alone,query,5.3064
alone,query,4.6453
alone,query,4.2588
alone,query,3.8337
alone,query,1.4347
alone,query,1.3035
alone,query,5.4763
alone,query,4.0233
alone,query,4.4913
alone,query,1.6185
alone,query,5.3790
alone,query,3.8211
alone,query,4.5684
alone,query,1.1141
alone,query,4.9049
alone,query,1.8768
alone,query,1.6708
alone,query,4.4149
alone,query,1.9444
alone,query,2.0839
alone,query,2.3686
alone,query,7.0558
alone,query,0.5038
alone,query,1.6092
alone,query,11.4463
alone,query,1.4493
alone,query,0.9843
alone,query,0.7612
alone,query,1.4433
alone,query,0.5712
alone,query,5.1808
alone,query,3.5239
alone,query,5.0886
alone,query,2.6472
alone,query,5.3665
alone,query,3.4596
alone,query,3.7299
alone,query,0.8872
alone,query,7.1021
alone,query,2.9313
alone,query,2.3723
alone,query,1.9263
alone,query,1.4698
alone,query,1.9911
alone,query,2.6146
alone,query,1.6667
alone,query,2.1068
alone,query,2.6996
alone,query,3.0899
alone,query,1.5355
alone,query,1.1793
alone,query,2.5152
alone,query,1.2685
alone,query,3.0727
alone,query,2.0438
alone,query,2.2633
alone,query,1.7568
alone,query,2.7917
alone,query,1.5573
alone,query,2.4071
alone,query,1.9800
alone,query,0.6843
alone,query,3.3900
alone,query,2.4603
alone,query,1.2959
alone,query,1.6906
alone,query,1.6313
alone,query,3.2044
alone,query,3.7554
alone,query,2.7962
alone,query,2.0586
alone,query,1.2377
alone,query,1.9612
alone,query,2.1272
alone,query,1.6637
alone,query,2.5047
alone,query,5.8944
alone,query,1.5653
alone,query,12.8309
alone,query,1.7858
alone,query,2.8743
alone,query,4.7829
alone,query,7.4142
alone,query,2.2139
alone,query,2.7931
alone,query,2.0673
alone,query,5.8167
alone,query,4.8005
alone,query,2.7977
alone,query,2.7500
alone,query,3.1106
alone,query,2.5565
alone,query,2.0677
alone,query,2.2162
alone,query,2.1018
alone,query,5.2612
alone,query,2.0401
alone,query,1.9279
alone,query,4.2054
alone,query,1.3105
alone,query,2.8735
alone,query,1.9547
alone,query,2.0888
alone,query,1.3495
alone,query,1.2942
alone,query,0.8608
alone,query,16.5695
alone,query,6.0684
alone,query,4.0891
alone,query,3.4686
alone,query,4.0946
alone,query,3.8202
alone,query,4.2372
alone,query,3.3933
alone,query,0.8473
alone,query,1.6508
alone,query,3.2624
alone,query,3.6251
alone,query,2.5175
alone,query,1.5226
alone,query,1.9737
alone,query,6.5841
alone,query,1.8215
alone,query,1.3885
alone,query,0.8280
alone,query,1.0127
alone,query,0.7904
alone,query,2.1859
alone,query,2.3211
alone,query,3.9602
alone,query,2.4570
alone,query,4.5297
alone,query,0.7122
alone,query,2.2884
alone,query,1.9961
alone,query,1.7325
alone,query,4.2665
alone,query,2.8918
alone,query,1.4690
alone,query,2.0067
alone,query,2.5937
alone,query,1.8185
alone,query,1.7642
alone,query,1.3067
alone,query,1.2097
alone,query,1.4703
alone,query,3.3178
alone,query,2.8692
alone,query,1.4258
alone,query,1.8431
alone,query,1.9262
alone,query,3.7953
alone,query,3.4626
alone,query,3.2341
alone,query,2.3240
alone,query,1.0612
alone,query,1.1389
alone,query,2.6984
alone,query,1.5486
alone,query,1.4980
alone,query,2.2093
alone,query,1.2306
alone,query,2.5300
alone,query,1.2476
alone,query,5.0096
alone,query,1.5539
alone,query,1.7368
alone,query,2.2824
alone,query,2.8290
alone,query,6.2070
alone,query,2.3947
alone,query,1.9625
alone,query,2.4177
alone,query,3.5223
alone,query,1.1042
alone,query,0.5496
alone,query,1.4904
alone,query,1.7048
alone,query,2.5098
alone,query,2.7415
alone,query,3.9862
alone,query,3.7689
alone,query,4.0210
alone,query,2.9398
alone,query,2.8111
alone,query,3.2536
alone,query,6.5812
alone,query,3.1815
alone,query,4.2272
alone,query,1.7638
alone,query,4.2365
alone,query,3.2065
alone,query,1.7436
alone,query,4.2674
alone,query,8.1310
alone,query,3.3267
alone,query,1.8033
alone,query,2.0997
alone,query,2.7730
alone,query,1.9669
alone,query,2.1349
alone,query,0.7409
alone,query,1.6259
alone,query,2.2644
alone,query,2.8729
alone,query,3.6836
alone,query,2.7161
alone,query,4.4629
alone,query,2.5133
alone,query,3.6500
alone,query,1.3808
alone,query,4.8584
alone,query,2.8233
alone,query,1.7691
alone,query,5.4613
alone,query,3.8707
alone,query,2.5450
alone,query,1.8142
alone,query,2.0974
alone,query,2.7132
alone,query,4.0082
alone,query,1.8186
alone,query,0.6110
alone,query,2.6162
alone,query,1.5450
alone,query,3.9012
alone,query,7.2124
alone,query,1.0975
alone,query,1.1235
alone,query,5.0120
alone,query,12.2974
alone,query,3.3239
alone,query,1.0901
alone,query,4.5727
alone,query,1.8625
alone,query,0.4520
alone,query,1.4676
alone,query,2.1859
alone,query,2.9933
alone,query,2.0570
alone,query,1.9755
alone,query,3.1174
alone,query,2.2229
alone,query,1.7998
alone,query,2.3425
alone,query,1.3391
alone,query,1.6499
alone,query,1.9481
alone,query,1.8472
alone,query,2.4281
alone,query,1.5174
alone,query,2.7087
alone,query,1.9836
alone,query,4.1230
alone,query,2.0958
alone,query,0.7657
alone,query,2.2822
alone,query,1.7678
alone,query,1.3618
alone,query,2.1150
alone,query,0.7641
alone,query,1.3591
alone,query,1.7100
alone,query,0.4487
alone,query,1.4271
alone,query,1.5587
alone,query,2.2801
alone,query,2.1428
alone,query,1.6821
alone,query,2.2569
alone,query,2.3033
alone,query,4.9831
alone,query,3.5814
alone,query,1.2877
alone,query,1.4821
alone,query,1.6820
alone,query,1.6697
alone,query,3.1348
alone,query,4.8866
alone,query,6.6671
alone,query,1.7072
alone,query,3.9070
alone,query,1.1922
alone,query,3.5583
alone,query,4.1638
alone,query,2.6952
alone,query,1.9593
alone,query,1.6524
alone,query,2.7177
alone,query,2.9286
alone,query,2.0423
alone,query,2.6709
alone,query,5.6298
alone,query,3.2105
alone,query,4.2368
alone,query,1.3683
alone,query,3.3798
alone,query,3.2312
alone,query,3.2557
alone,query,2.4277
alone,query,3.0104
alone,query,5.8587
alone,query,1.2937
alone,query,5.1551
alone,query,4.0665
alone,query,0.7308
alone,query,2.4787
alone,query,1.4491
alone,query,1.7849
alone,query,10.1395
alone,query,2.8693
alone,query,4.1870
alone,query,1.5695
alone,query,2.7252
alone,query,4.0119
alone,query,3.3643
alone,query,3.9609
alone,query,3.0021
alone,query,3.4079
alone,query,2.3489
alone,query,2.3959
alone,query,2.2390
alone,query,3.5413
alone,query,1.3754
alone,query,1.0402
alone,query,2.0177
alone,query,11.1766
alone,query,1.5957
alone,query,2.1628
alone,query,1.1047
alone,query,3.3342
alone,query,2.5150
alone,query,2.8873
alone,query,4.5300
alone,query,3.2293
alone,query,4.4911
alone,query,4.1156
alone,query,1.4786
alone,query,4.5910
alone,query,3.3825
alone,query,1.9183
alone,query,0.7983
alone,query,1.8602
alone,query,3.1516
alone,query,1.3425
alone,query,1.9924
alone,query,2.1500
alone,query,1.6291
alone,query,3.2395
alone,query,1.6600
alone,query,3.8729
alone,query,2.0594
alone,query,2.4979
alone,query,2.7144
alone,query,2.5739
alone,query,2.8441
alone,query,1.1589
alone,query,2.0145
alone,query,0.6641
alone,query,2.3524
alone,query,5.4840
alone,query,3.7711
alone,query,2.2368
alone,query,2.8015
alone,query,1.5129
alone,query,2.8461
alone,query,2.1389
alone,query,1.9798
alone,query,2.2738
alone,query,5.6281
alone,query,2.6350
alone,query,2.7078
alone,query,2.7032
alone,query,1.6768
alone,query,1.0012
alone,query,0.5558
alone,query,9.6639
alone,query,3.4836
alone,query,3.1939
alone,query,6.5631
alone,query,6.7012
alone,query,6.2077
alone,query,7.5512
alone,query,2.9902
alone,query,3.1608
alone,query,2.2198
alone,query,4.1542
alone,query,1.6024
alone,query,2.7041
alone,query,2.6131
alone,query,5.0350
alone,query,2.5611
alone,query,1.1496
alone,query,2.6250
alone,query,2.8333
alone,query,2.4375
alone,query,2.8189
alone,query,4.0377
alone,query,4.0612
alone,query,1.3309
alone,query,2.5338
alone,query,3.0113
alone,query,1.7788
alone,query,1.8411
alone,query,1.2535
alone,query,1.9895
alone,query,3.2890
alone,query,4.8519
alone,query,3.0504
alone,query,1.3794
alone,query,0.7839
alone,query,2.9114
alone,query,3.4470
alone,query,3.7360
alone,query,4.8721
alone,query,2.5165
alone,query,3.3914
alone,query,2.9257
alone,query,2.7273
alone,query,2.1260
alone,query,3.8373
alone,query,1.8998
alone,query,1.3063
alone,query,3.7737
alone,query,4.2154
alone,query,1.1562
alone,query,1.1661
alone,query,2.1169
alone,query,2.2083
alone,query,2.9998
alone,query,1.9811
alone,query,3.0918
alone,query,2.2319
alone,query,0.4842
alone,query,1.9049
alone,query,0.9745
alone,query,1.2823
alone,query,0.8618
alone,query,0.9287
alone,query,5.2163
alone,query,4.0526
alone,query,3.4102
alone,query,6.4761
alone,query,1.9962
alone,query,1.5903
alone,query,1.9139
alone,query,1.6069
alone,query,3.1173
alone,query,2.2829
alone,query,1.9560
alone,query,5.5410
alone,query,1.7568
alone,query,3.7254
alone,query,4.4664
alone,query,2.9642
alone,query,2.0263
alone,query,2.8220
alone,query,2.7107
alone,query,4.8577
alone,query,4.2723
alone,query,1.6404
alone,query,2.4633
alone,query,2.9265
alone,query,2.0594
alone,query,2.5609
alone,query,3.4817
alone,query,1.4481
alone,query,2.0736
alone,query,2.1993
alone,query,1.5601
alone,query,2.4889
alone,query,1.6895
alone,query,1.8370
alone,query,1.7042
alone,query,1.3128
alone,query,1.3197
alone,query,6.5878
alone,query,0.9713
alone,query,3.9531
alone,query,10.2424
alone,query,4.5727
alone,query,2.0974
alone,query,3.1219
alone,query,3.9985
alone,query,2.9546
alone,query,4.5315
alone,query,3.0935
alone,query,2.0247
alone,query,2.2895
alone,query,2.2580
alone,query,3.3705
alone,query,3.0298
alone,query,1.8766
alone,query,2.8903
alone,query,3.2134
alone,query,1.0959
alone,query,3.1243
alone,query,1.5286
alone,query,3.2184
alone,query,1.4223
alone,query,3.4964
alone,query,2.4784
alone,query,2.5840
alone,query,4.7488
alone,query,3.9607
alone,query,1.3624
alone,query,2.2712
alone,query,4.3886
alone,query,2.3746
alone,query,3.9440
alone,query,6.4103
alone,query,0.9962
alone,query,2.9067
alone,query,1.6469
alone,query,1.1246
alone,query,2.1598
alone,query,1.2958
alone,query,1.3792
alone,query,1.5210
alone,query,2.5386
alone,query,1.6122
alone,query,1.3556
alone,query,1.2771
alone,query,1.6799
alone,query,2.4861
alone,query,6.5048
alone,query,3.1005
alone,query,2.7750
alone,query,7.4464
alone,query,1.8813
alone,query,1.2753
alone,query,1.2242
alone,query,2.4467
alone,query,2.6322
alone,query,1.4834
alone,query,11.0010
alone,query,2.3802
alone,query,2.6591
alone,query,0.8399
alone,query,4.2621
alone,query,1.6575
alone,query,1.7248
alone,query,5.5540
alone,query,2.5672
alone,query,2.1705
alone,query,1.6364
alone,query,2.6434
alone,query,2.0380
alone,query,2.0388
alone,query,1.9387
alone,query,2.2981
alone,query,9.1677
alone,query,2.5637
alone,query,1.8403
alone,query,1.8949
alone,query,0.8466
alone,query,1.4034
alone,query,1.7355
alone,query,3.5699
alone,query,2.9171
alone,query,3.0267
alone,query,6.5979
alone,query,1.0373
alone,query,1.9274
alone,query,3.1139
alone,query,6.2986
alone,query,2.5402
alone,query,3.4422
alone,query,1.6582
alone,query,1.3366
alone,query,1.5003
alone,query,0.8664
alone,query,1.5121
alone,query,2.0256
alone,query,1.3520
alone,query,1.5999
alone,query,1.7297
alone,query,2.7585
alone,query,3.0799
alone,query,3.6024
alone,query,1.6520
alone,query,5.2223
alone,query,3.1250
alone,query,2.0212
alone,query,3.3433
alone,query,3.7093
alone,query,5.4710
alone,query,3.6853
alone,query,2.4878
alone,query,2.1437
alone,query,2.1266
alone,query,3.6960
alone,query,2.4144
alone,query,1.1322
alone,query,12.1392
alone,query,2.9151
alone,query,3.6496
alone,query,2.7216
alone,query,1.7737
alone,query,3.2221
alone,query,1.6740
alone,query,2.3448
alone,query,2.4706
alone,query,2.5844
alone,query,3.8500
alone,query,1.7823
alone,query,3.7614
alone,query,6.2269
alone,query,3.4004
alone,query,9.8799
alone,query,5.5934
alone,query,0.9056
alone,query,7.7629
alone,query,0.6973
alone,query,3.1910
alone,query,3.5207
alone,query,2.7255
alone,query,2.8789
alone,query,2.8257
alone,query,2.2175
alone,query,1.4433
alone,query,4.0166
alone,query,2.0681
alone,query,1.9519
alone,query,1.3008
alone,query,6.4524
alone,query,1.9090
alone,query,3.9648
alone,query,3.5444
alone,query,2.9481
alone,query,3.4941
alone,query,6.1053
alone,query,1.7670
alone,query,2.2786
alone,query,1.5015
alone,query,4.2932
alone,query,1.0404
alone,query,1.5626
alone,query,1.3072
alone,query,2.8948
alone,query,1.6911
alone,query,1.5195
alone,query,1.8195
alone,query,1.9892
alone,query,1.7558
alone,query,1.6078
alone,query,0.9084
alone,query,2.3323
alone,query,2.7986
alone,query,2.1524
alone,query,3.6450
alone,query,2.4960
alone,query,2.2305
alone,query,2.2042
alone,query,3.4339
alone,query,1.3178
alone,query,2.3371
alone,query,2.4762
alone,query,2.7486
alone,query,1.5341
alone,query,6.1345
alone,query,1.2775
alone,query,2.2440
alone,query,3.2556
alone,query,2.1789
alone,query,3.3756
alone,query,2.2840
alone,query,1.0316
alone,query,1.5552
alone,query,1.6485
alone,query,2.0221
alone,query,4.3429
alone,query,2.4266
alone,query,1.1385
alone,query,2.4529
alone,query,0.5064
alone,query,6.1210
alone,query,0.8978
alone,query,1.8628
alone,query,2.8743
alone,query,1.8052
alone,query,3.8350
alone,query,2.5521
alone,query,6.1807
alone,query,2.0833
alone,query,4.9808
alone,query,4.5746
alone,query,2.0454
alone,query,1.4173
alone,query,3.0187
alone,query,1.0511
alone,query,2.2110
alone,query,2.7682
alone,query,1.4256
alone,query,1.5580
alone,query,7.0476
alone,query,2.9607
alone,query,2.5774
alone,query,2.3772
alone,query,4.1105
alone,query,3.7645
alone,query,5.9828
alone,query,2.0597
alone,query,1.5244
alone,query,6.5214
alone,query,1.3289
alone,query,3.5355
alone,query,10.0463
alone,query,10.0883
alone,query,3.4448
alone,query,3.1590
alone,query,1.7149
alone,query,1.9252
alone,query,2.1700
alone,query,4.1362
alone,query,6.9659
alone,query,5.4726
alone,query,3.1339
alone,query,1.5429
alone,query,3.4282
alone,query,1.7835
alone,query,2.3499
alone,query,1.6822
alone,query,1.8280
alone,query,3.5568
alone,query,1.0460
alone,query,2.5595
alone,query,1.9332
alone,query,0.7665
alone,query,3.9733
alone,query,2.9653
alone,query,2.9543
alone,query,1.3714
alone,query,0.6550
alone,query,1.1253
alone,query,2.8308
alone,query,2.0766
alone,query,3.2258
alone,query,2.8789
alone,query,4.9823
alone,query,2.1892
alone,query,2.3085
alone,query,4.2249
alone,query,1.6505
alone,query,1.8114
alone,query,2.2108
alone,query,2.0096
alone,query,2.1799
alone,query,1.7375
alone,query,1.2385
alone,query,1.5198
alone,query,1.3532
alone,query,1.3253
alone,query,1.4314
alone,query,8.3041
alone,query,2.0482
alone,query,3.7879
alone,query,2.3417
alone,query,3.2209
alone,query,4.7871
alone,query,2.1101
alone,query,0.8466
alone,query,2.8467
alone,query,1.2807
alone,query,1.3020
alone,query,2.9660
alone,query,1.8601
alone,query,2.5144
alone,query,3.1551
alone,query,2.3295
alone,query,3.2026
alone,query,3.6264
alone,query,2.4717
alone,query,4.5686
alone,query,2.4128
alone,query,1.8804
alone,transaction,17.9941
alone,transaction,27.6674
alone,transaction,32.5740
alone,transaction,26.9389
alone,transaction,30.0395
alone,transaction,27.6448
alone,transaction,25.7251
alone,transaction,33.8532
alone,transaction,27.8906
alone,transaction,32.3223
alone,transaction,29.2800
alone,transaction,42.2741
alone,transaction,44.7574
alone,transaction,30.0443
alone,transaction,35.6987
alone,transaction,23.4774
alone,transaction,28.2655
alone,transaction,36.2583
alone,transaction,34.1821
alone,transaction,26.0726
alone,transaction,28.5664
alone,transaction,24.4212
alone,transaction,23.5755
alone,transaction,38.5433
alone,transaction,33.7672
alone,transaction,17.8424
alone,transaction,24.1876
alone,transaction,23.5064
alone,transaction,29.9348
alone,transaction,21.0698
alone,transaction,40.8726
alone,transaction,36.1043
alone,transaction,50.5856
alone,transaction,28.1332
alone,transaction,36.4942
alone,transaction,33.9038
alone,transaction,48.2507
alone,transaction,45.8081
alone,transaction,15.0471
alone,transaction,27.1722
alone,transaction,16.5461
alone,transaction,22.0412
alone,transaction,29.3550
alone,transaction,25.1253
alone,transaction,30.2786
alone,transaction,19.9932
alone,transaction,30.5696
alone,transaction,28.0414
alone,transaction,19.2576
alone,transaction,27.9952
alone,transaction,16.7472
alone,transaction,22.0255
alone,transaction,33.6324
alone,transaction,36.9825
alone,transaction,33.3192
alone,transaction,28.9273
alone,transaction,25.5404
alone,transaction,21.9145
alone,transaction,17.0062
alone,transaction,19.2604
alone,transaction,21.9485
alone,transaction,22.1395
alone,transaction,26.6794
alone,transaction,28.9704
alone,transaction,20.1624
alone,transaction,21.6893
alone,transaction,17.2739
alone,transaction,22.5628
alone,transaction,20.0963
alone,transaction,21.9286
alone,transaction,19.9049
alone,transaction,15.6093
alone,transaction,20.5260
alone,transaction,29.8715
alone,transaction,30.3091
alone,transaction,26.6912
alone,transaction,25.3659
alone,transaction,28.4581
alone,transaction,27.0023
alone,transaction,26.5375
alone,transaction,23.5976
alone,transaction,24.7953
alone,transaction,21.4719
alone,transaction,22.4842
alone,transaction,24.7838
alone,transaction,27.3698
alone,transaction,26.7833
alone,transaction,20.4232
alone,transaction,16.6926
alone,transaction,19.0480
alone,transaction,17.7185
alone,transaction,24.0583
alone,transaction,22.2106
alone,transaction,20.5366
alone,transaction,18.0558
alone,transaction,17.7743
alone,transaction,13.5178
alone,transaction,13.6652
alone,transaction,11.3121
alone,transaction,5.9076
alone,transaction,13.6299
alone,transaction,26.5607
alone,transaction,28.0635
alone,transaction,33.8936
alone,transaction,31.7293
alone,transaction,38.0820
alone,transaction,39.1756
alone,transaction,34.3766
alone,transaction,18.7966
alone,transaction,25.5514
alone,transaction,18.9419
alone,transaction,43.4503
alone,transaction,42.6939
alone,transaction,20.0008
alone,transaction,30.3205
alone,transaction,20.5149
alone,transaction,25.1288
alone,transaction,29.2393
alone,transaction,22.8814
alone,transaction,22.8296
alone,transaction,28.2937
alone,transaction,33.0988
alone,transaction,24.6496
alone,transaction,26.2589
alone,transaction,31.7891
alone,transaction,28.3555
alone,transaction,24.2663
alone,transaction,32.5138
alone,transaction,20.6111
alone,transaction,26.0140
alone,transaction,25.5320
alone,transaction,42.5523
alone,transaction,32.8159
alone,transaction,60.1460
alone,transaction,26.6383
alone,transaction,38.5394
alone,transaction,21.1855
alone,transaction,25.0268
alone,transaction,27.6674
alone,transaction,17.7839
alone,transaction,18.1267
alone,transaction,25.0485
alone,transaction,37.7885
alone,transaction,20.9615
alone,transaction,26.1323
alone,transaction,28.3310
alone,transaction,22.7137
alone,transaction,22.3208
alone,transaction,21.4942
alone,transaction,29.6218
alone,transaction,29.4705
alone,transaction,30.3656
alone,transaction,9.2255
alone,transaction,20.1320
alone,transaction,26.0823
alone,transaction,33.1636
alone,transaction,36.6083
alone,transaction,4.3417
alone,transaction,37.7574
alone,transaction,25.1872
alone,transaction,31.7444
alone,transaction,27.9905
alone,transaction,23.4479
alone,transaction,18.9923
alone,transaction,25.8258
alone,transaction,19.3718
alone,transaction,26.7834
alone,transaction,16.1545
alone,transaction,17.1897
alone,transaction,17.7735
alone,transaction,31.6894
alone,transaction,26.9739
alone,transaction,19.8337
alone,transaction,19.6378
alone,transaction,15.8689
alone,transaction,26.1626
alone,transaction,29.1635
alone,transaction,27.9464
alone,transaction,23.1870
alone,transaction,25.8711
alone,transaction,23.0810
alone,transaction,18.2380
alone,transaction,31.6573
alone,transaction,22.9818
alone,transaction,26.6770
alone,transaction,36.3441
alone,transaction,29.2673
alone,transaction,27.5237
alone,transaction,25.4226
alone,transaction,16.8549
alone,transaction,20.6962
alone,transaction,19.0543
alone,transaction,15.8682
alone,transaction,24.2251
alone,transaction,27.3739
alone,transaction,17.7592
alone,transaction,19.5942
alone,transaction,18.0998
alone,transaction,16.1817
alone,transaction,16.3354
alone,transaction,19.3807
alone,transaction,51.7702
alone,transaction,30.7154
alone,transaction,33.4421
alone,transaction,40.9707
alone,transaction,34.8761
alone,transaction,32.5763
alone,transaction,17.5417
alone,transaction,22.6494
alone,transaction,38.6707
alone,transaction,11.4309
alone,transaction,33.8899
alone,transaction,31.3305
alone,transaction,26.4692
alone,transaction,36.8472
alone,transaction,23.4694
alone,transaction,31.2962
alone,transaction,26.7260
alone,transaction,40.0469
alone,transaction,26.6562
alone,transaction,25.0378
alone,transaction,23.0584
alone,transaction,28.5067
alone,transaction,49.1374
alone,transaction,27.3172
alone,transaction,18.2992
alone,transaction,22.3276
alone,transaction,33.3461
alone,transaction,21.4477
alone,transaction,21.1337
alone,transaction,46.5585
alone,transaction,62.2990
alone,transaction,21.0220
alone,transaction,21.1814
alone,transaction,32.2343
alone,transaction,30.6316
alone,transaction,30.1644
alone,transaction,18.7513
alone,transaction,24.2763
alone,transaction,21.2197
alone,transaction,33.7696
alone,transaction,23.5725
alone,transaction,24.1842
alone,transaction,30.6272
alone,transaction,20.0909
alone,transaction,22.3235
alone,transaction,20.6285
alone,transaction,17.8409
alone,transaction,21.7661
alone,transaction,28.7986
alone,transaction,26.0989
alone,transaction,22.8730
alone,transaction,20.9949
alone,transaction,24.0973
alone,transaction,32.2666
alone,transaction,39.1302
alone,transaction,41.3620
alone,transaction,31.5955
alone,transaction,22.9573
alone,transaction,30.8350
alone,transaction,21.8333
alone,transaction,15.9846
alone,transaction,14.1776
alone,transaction,25.6079
alone,transaction,29.0115
alone,transaction,19.0014
alone,transaction,25.5965
alone,transaction,21.1747
alone,transaction,15.4686
alone,transaction,17.0006
alone,transaction,15.8060
alone,transaction,21.6775
alone,transaction,13.9221
alone,transaction,32.9587
alone,transaction,25.8201
alone,transaction,27.7647
alone,transaction,30.1245
alone,transaction,25.5352
alone,transaction,26.9881
alone,transaction,17.9761
alone,transaction,31.4911
alone,transaction,22.5202
alone,transaction,23.1002
alone,transaction,26.4344
alone,transaction,22.5479
alone,transaction,25.1858
alone,transaction,16.6105
alone,transaction,27.7532
alone,transaction,26.7603
alone,transaction,23.1404
alone,transaction,17.9193
alone,transaction,22.5485
alone,transaction,27.9172
alone,transaction,19.9784
alone,transaction,18.4671
alone,transaction,22.9642
alone,transaction,19.3228
alone,transaction,16.1787
alone,transaction,15.4844
alone,transaction,8.9168
alone,transaction,26.0445
alone,transaction,45.8462
alone,transaction,30.7611
alone,transaction,33.0534
alone,transaction,27.9284
alone,transaction,25.7260
alone,transaction,25.7691
alone,transaction,29.0218
alone,transaction,31.2624
alone,transaction,34.8752
alone,transaction,30.4351
alone,transaction,38.3886
alone,transaction,29.9170
alone,transaction,23.2801
alone,transaction,21.6377
alone,transaction,13.4548
alone,transaction,21.0768
alone,transaction,36.2822
alone,transaction,37.6672
alone,transaction,29.0450
alone,transaction,31.3124
alone,transaction,27.9605
alone,transaction,25.3336
alone,transaction,30.2900
alone,transaction,35.0144
alone,transaction,24.0308
alone,transaction,20.2617
alone,transaction,20.1927
alone,transaction,33.1202
alone,transaction,23.6445
alone,transaction,25.1865
alone,transaction,40.1603
alone,transaction,41.6938
alone,transaction,34.8419
alone,transaction,39.6219
alone,transaction,33.4120
alone,transaction,34.3298
alone,transaction,33.4956
alone,transaction,27.6763
alone,transaction,25.0455
alone,transaction,15.8499
alone,transaction,10.2374
alone,transaction,19.9337
alone,transaction,21.8214
alone,transaction,31.1776
alone,transaction,23.2736
alone,transaction,22.3749
alone,transaction,36.2574
alone,transaction,24.4989
alone,transaction,33.4362
alone,transaction,20.3817
alone,transaction,36.8612
alone,transaction,23.2470
alone,transaction,33.8277
alone,transaction,21.7218
alone,transaction,28.5953
alone,transaction,34.2570
alone,transaction,64.9972
alone,transaction,36.8696
alone,transaction,25.7363
alone,transaction,29.5749
alone,transaction,19.9431
alone,transaction,24.1229
alone,transaction,19.7884
alone,transaction,19.4819
alone,transaction,17.1719
alone,transaction,15.5848
alone,transaction,19.4572
alone,transaction,18.3854
alone,transaction,20.0892
alone,transaction,18.3005
alone,transaction,14.8566
alone,transaction,24.2873
alone,transaction,30.7843
alone,transaction,23.9346
alone,transaction,25.4872
alone,transaction,22.8077
alone,transaction,25.8919
alone,transaction,16.2503
alone,transaction,8.9637
alone,transaction,24.3505
alone,transaction,21.4837
alone,transaction,22.0588
alone,transaction,28.5458
alone,transaction,27.3027
alone,transaction,23.7251
alone,transaction,27.7598
alone,transaction,25.0695
alone,transaction,24.6270
alone,transaction,16.4492
alone,transaction,16.0643
alone,transaction,19.3768
alone,transaction,24.3777
alone,transaction,26.8047
alone,transaction,19.7497
alone,transaction,16.4595
alone,transaction,16.6352
alone,transaction,14.7208
alone,transaction,15.2068
alone,transaction,8.3518
alone,transaction,20.1736
alone,transaction,25.2328
alone,transaction,13.8756
alone,transaction,29.0691
alone,transaction,17.8435
alone,transaction,29.2191
alone,transaction,24.4651
alone,transaction,41.5351
alone,transaction,31.4604
alone,transaction,16.2915
alone,transaction,29.7910
alone,transaction,31.6066
alone,transaction,37.9228
alone,transaction,20.0688
alone,transaction,29.9164
alone,transaction,25.9772
alone,transaction,17.3276
alone,transaction,27.1046
alone,transaction,27.2470
alone,transaction,24.2066
alone,transaction,27.3499
alone,transaction,37.2901
alone,transaction,23.3433
alone,transaction,24.3020
alone,transaction,27.1745
alone,transaction,26.4956
alone,transaction,22.3552
alone,transaction,38.3217
alone,transaction,23.6668
alone,transaction,22.0582
alone,transaction,44.2322
alone,transaction,28.8434
alone,transaction,30.3051
alone,transaction,45.0339
alone,transaction,31.3564
alone,transaction,39.1636
alone,transaction,25.0797
alone,transaction,30.1345
alone,transaction,29.5966
alone,transaction,40.0924
alone,transaction,40.6681
alone,transaction,20.5551
alone,transaction,23.5575
alone,transaction,23.9923
alone,transaction,21.3535
alone,transaction,31.6287
alone,transaction,20.7955
alone,transaction,20.6344
alone,transaction,43.3535
alone,transaction,28.9609
alone,transaction,27.0517
alone,transaction,25.1272
alone,transaction,21.2070
alone,transaction,25.5775
alone,transaction,25.9186
alone,transaction,29.0161
alone,transaction,25.3869
alone,transaction,38.8249
alone,transaction,33.5558
alone,transaction,25.2370
alone,transaction,37.6893
alone,transaction,27.1974
alone,transaction,19.0030
alone,transaction,27.4539
alone,transaction,14.7538
alone,transaction,22.8194
alone,transaction,20.2824
alone,transaction,19.6352
alone,transaction,19.7163
alone,transaction,20.6196
alone,transaction,22.2725
alone,transaction,21.3072
alone,transaction,18.6978
alone,transaction,17.6120
alone,transaction,20.9950
alone,transaction,28.6584
alone,transaction,24.5674
alone,transaction,31.2887
alone,transaction,24.5634
alone,transaction,25.4087
alone,transaction,21.0368
alone,transaction,29.2525
alone,transaction,14.5777
alone,transaction,27.8423
alone,transaction,24.4512
alone,transaction,27.8844
alone,transaction,22.1302
alone,transaction,27.8499
alone,transaction,23.9866
alone,transaction,26.0218
alone,transaction,22.1254
alone,transaction,18.6163
alone,transaction,21.3296
alone,transaction,21.9208
alone,transaction,19.1469
alone,transaction,17.9478
alone,transaction,24.2407
alone,transaction,20.6408
alone,transaction,16.3879
alone,transaction,13.2259
alone,transaction,31.8624
alone,transaction,50.9183
alone,transaction,25.2434
alone,transaction,39.0550
alone,transaction,30.3634
alone,transaction,31.1261
alone,transaction,34.6271
alone,transaction,25.7343
alone,transaction,28.9367
alone,transaction,21.4990
alone,transaction,15.1316
alone,transaction,23.4789
alone,transaction,28.3489
alone,transaction,33.7951
alone,transaction,21.0309
alone,transaction,29.5981
alone,transaction,21.0175
alone,transaction,24.5960
alone,transaction,19.6995
alone,transaction,35.9461
alone,transaction,31.6067
alone,transaction,27.7207
alone,transaction,23.9524
alone,transaction,23.4858
alone,transaction,31.7895
alone,transaction,27.6056
alone,transaction,13.8892
alone,transaction,19.7501
alone,transaction,20.2379
alone,transaction,27.5645
alone,transaction,27.2073
alone,transaction,35.4997
alone,transaction,50.0615
alone,transaction,32.0437
alone,transaction,40.0283
alone,transaction,33.8779
alone,transaction,28.1153
alone,transaction,24.6856
alone,transaction,24.5009
alone,transaction,28.9705
alone,transaction,15.8351
alone,transaction,21.2949
alone,transaction,39.3014
alone,transaction,24.9747
alone,transaction,21.7066
alone,transaction,31.4093
alone,transaction,25.3262
alone,transaction,25.1570
alone,transaction,16.2311
alone,transaction,18.0525
alone,transaction,24.9342
alone,transaction,22.7358
alone,transaction,22.8629
alone,transaction,29.6860
alone,transaction,24.2724
alone,transaction,29.6845
alone,transaction,29.4758
alone,transaction,23.6085
alone,transaction,33.6839
alone,transaction,29.8918
alone,transaction,68.3760
alone,transaction,9.7597
alone,transaction,6.4738
alone,transaction,21.4586
alone,transaction,22.2541
alone,transaction,18.9928
alone,transaction,15.4695
alone,transaction,15.9746
alone,transaction,19.2657
alone,transaction,18.4688
alone,transaction,20.9679
alone,transaction,34.0438
alone,transaction,21.4708
alone,transaction,19.6385
alone,transaction,34.3215
alone,transaction,21.3422
alone,transaction,29.4435
alone,transaction,26.2834
alone,transaction,26.5778
alone,transaction,25.2711
alone,transaction,28.5879
alone,transaction,13.2762
alone,transaction,25.6322
alone,transaction,23.7149
alone,transaction,26.9524
alone,transaction,19.9780
alone,transaction,21.3843
alone,transaction,25.2813
alone,transaction,19.8699
alone,transaction,29.5636
alone,transaction,23.3418
alone,transaction,18.5685
alone,transaction,15.6654
alone,transaction,18.4736
alone,transaction,19.1044
alone,transaction,15.8229
alone,transaction,17.7749
alone,transaction,26.3147
alone,transaction,19.6172
alone,transaction,18.2282
alone,transaction,24.6481
alone,transaction,48.5420
alone,transaction,24.0259
alone,transaction,37.1175
alone,transaction,30.9405
alone,transaction,27.1850
alone,transaction,35.3768
alone,transaction,25.8799
alone,transaction,33.1568
alone,transaction,30.6836
alone,transaction,36.3275
alone,transaction,46.1989
alone,transaction,28.0466
alone,transaction,21.4748
alone,transaction,37.5745
alone,transaction,25.2680
alone,transaction,27.7244
alone,transaction,33.7092
alone,transaction,33.0894
alone,transaction,30.5368
alone,transaction,28.6644
alone,transaction,33.0289
alone,transaction,29.0834
alone,transaction,23.5189
alone,transaction,22.8061
alone,transaction,18.3859
alone,transaction,38.2970
alone,transaction,27.6167
alone,transaction,37.6804
alone,transaction,37.3047
alone,transaction,39.9112
alone,transaction,37.9733
alone,transaction,25.5878
alone,transaction,44.9386
alone,transaction,48.0747
alone,transaction,28.7308
alone,transaction,22.3603
alone,transaction,22.0908
alone,transaction,34.4668
alone,transaction,20.2506
alone,transaction,9.5829
alone,transaction,18.7666
alone,transaction,24.0784
alone,transaction,23.3294
alone,transaction,18.7783
alone,transaction,29.6621
alone,transaction,27.4358
alone,transaction,29.9395
alone,transaction,26.3735
alone,transaction,31.0699
alone,transaction,28.3754
alone,transaction,33.0636
alone,transaction,24.3538
alone,transaction,28.9621
alone,transaction,37.3884
alone,transaction,37.1053
alone,transaction,23.1833
alone,transaction,31.3243
alone,transaction,19.9235
alone,transaction,14.7499
alone,transaction,25.5836
alone,transaction,23.0881
alone,transaction,19.9696
alone,transaction,20.0582
alone,transaction,15.1243
alone,transaction,16.5453
alone,transaction,16.2815
alone,transaction,23.1633
alone,transaction,14.8445
alone,transaction,10.2419
alone,transaction,13.1792
alone,transaction,10.7739
alone,transaction,12.5675
alone,transaction,15.3255
alone,transaction,19.2550
alone,transaction,17.4168
alone,transaction,14.9808
alone,transaction,22.2598
alone,transaction,23.0640
alone,transaction,26.1242
alone,transaction,22.1703
alone,transaction,13.4589
alone,transaction,19.1576
alone,transaction,22.3317
alone,transaction,18.1340
alone,transaction,26.7615
alone,transaction,17.9828
alone,transaction,18.0200
alone,transaction,23.6837
alone,transaction,22.1344
alone,transaction,33.6706
alone,transaction,29.0210
alone,transaction,18.8446
alone,transaction,17.4436
alone,transaction,18.6618
alone,transaction,25.2750
alone,transaction,24.1370
alone,transaction,17.1188
alone,transaction,21.5771
alone,transaction,19.1149
alone,transaction,32.9831
alone,transaction,51.7279
alone,transaction,44.3121
alone,transaction,27.9119
alone,transaction,34.4018
alone,transaction,33.8098
alone,transaction,27.9883
alone,transaction,32.3555
alone,transaction,34.0345
alone,transaction,42.9931
alone,transaction,23.4271
alone,transaction,28.8535
alone,transaction,19.9504
alone,transaction,24.9887
alone,transaction,22.4086
alone,transaction,32.1656
alone,transaction,22.2982
alone,transaction,33.5767
alone,transaction,30.4439
alone,transaction,27.1486
alone,transaction,23.4379
alone,transaction,24.1542
alone,transaction,31.1578
alone,transaction,33.4495
alone,transaction,18.0741
alone,transaction,23.1240
alone,transaction,17.8988
alone,transaction,25.7335
alone,transaction,22.1651
alone,transaction,28.5038
alone,transaction,40.5303
alone,transaction,41.3105
alone,transaction,38.8400
alone,transaction,29.9086
alone,transaction,31.5882
alone,transaction,20.2299
alone,transaction,28.5590
alone,transaction,42.4666
alone,transaction,24.2313
alone,transaction,36.0535
alone,transaction,30.2440
alone,transaction,15.7293
alone,transaction,29.9985
alone,transaction,24.0374
alone,transaction,25.9222
alone,transaction,15.9089
alone,transaction,46.6843
alone,transaction,31.1677
alone,transaction,26.3874
alone,transaction,28.9647
alone,transaction,27.2318
alone,transaction,14.8568
alone,transaction,29.5458
alone,transaction,29.7038
alone,transaction,35.9984
alone,transaction,32.1705
alone,transaction,33.1561
alone,transaction,28.3708
alone,transaction,18.6974
alone,transaction,19.9887
alone,transaction,28.7374
alone,transaction,20.6870
alone,transaction,24.1305
alone,transaction,20.8134
alone,transaction,19.2716
alone,transaction,14.9199
alone,transaction,16.1314
alone,transaction,23.7239
alone,transaction,20.5490
alone,transaction,22.6529
alone,transaction,14.9897
alone,transaction,14.5000
alone,transaction,13.4537
alone,transaction,13.2751
alone,transaction,28.9418
alone,transaction,15.2513
alone,transaction,19.2279
alone,transaction,22.0116
alone,transaction,23.3060
alone,transaction,29.2873
alone,transaction,26.1906
alone,transaction,24.1810
alone,transaction,17.9068
alone,transaction,22.2343
alone,transaction,27.7028
alone,transaction,27.8741
alone,transaction,23.8778
alone,transaction,32.3313
alone,transaction,22.7512
alone,transaction,11.8097
alone,transaction,23.3537
alone,transaction,16.2271
alone,transaction,21.1592
alone,transaction,23.1351
alone,transaction,23.7616
alone,transaction,20.0175
alone,transaction,22.0596
alone,transaction,19.0263
alone,transaction,15.9548
alone,transaction,11.2413
alone,transaction,33.7765
alone,transaction,16.3623
alone,transaction,42.6773
alone,transaction,25.2539
alone,transaction,29.9194
alone,transaction,41.4169
alone,transaction,29.0622
alone,transaction,32.3946
alone,transaction,27.0804
alone,transaction,22.9317
alone,transaction,18.2988
alone,transaction,23.1870
alone,transaction,31.7423
alone,transaction,35.6985
alone,transaction,25.8529
alone,transaction,37.1775
alone,transaction,24.8417
alone,transaction,31.4562
alone,transaction,33.9314
alone,transaction,31.5063
alone,transaction,25.7679
alone,transaction,23.8697
alone,transaction,24.4587
alone,transaction,28.7931
alone,transaction,40.7936
alone,transaction,40.9988
alone,transaction,28.6113
alone,transaction,26.5363
alone,transaction,24.4409
alone,transaction,38.4602
alone,transaction,45.6579
alone,transaction,40.3276
alone,transaction,31.0157
alone,transaction,23.2885
alone,transaction,32.2639
alone,transaction,30.7503
alone,transaction,31.5101
alone,transaction,41.9437
alone,transaction,32.0549
alone,transaction,32.2276
alone,transaction,23.4021
alone,transaction,24.9537
alone,transaction,23.0478
alone,transaction,24.0885
alone,transaction,22.0267
alone,transaction,18.2642
alone,transaction,18.0001
alone,transaction,20.8684
alone,transaction,27.2804
alone,transaction,24.3283
alone,transaction,29.8397
alone,transaction,25.9712
alone,transaction,36.0507
alone,transaction,28.1627
alone,transaction,45.3193
alone,transaction,34.0864
alone,transaction,25.2997
alone,transaction,31.0689
alone,transaction,25.0394
alone,transaction,19.0154
alone,transaction,27.7811
alone,transaction,23.4054
alone,transaction,23.1866
alone,transaction,18.8933
alone,transaction,23.6723
alone,transaction,18.1344
alone,transaction,19.8324
alone,transaction,19.8065
alone,transaction,20.2312
alone,transaction,16.3190
alone,transaction,16.8043
alone,transaction,17.7424
alone,transaction,22.3142
alone,transaction,28.1974
alone,transaction,27.5983
alone,transaction,27.0586
alone,transaction,25.9163
alone,transaction,24.3771
alone,transaction,24.5351
alone,transaction,30.8760
alone,transaction,18.4487
alone,transaction,25.9712
alone,transaction,21.6882
alone,transaction,14.0332
alone,transaction,25.1760
alone,transaction,17.4280
alone,transaction,35.2213
alone,transaction,25.7396
alone,transaction,20.7477
alone,transaction,18.3823
alone,transaction,21.5389
alone,transaction,15.8689
alone,transaction,23.8745
alone,transaction,18.3338
alone,transaction,21.5759
alone,transaction,16.9497
alone,transaction,16.4939
alone,transaction,13.6877
alone,transaction,9.5594
alone,transaction,6.8068
alone,transaction,17.0165
alone,transaction,51.4796
alone,transaction,40.2564
alone,transaction,28.1071
alone,transaction,31.5569
alone,transaction,28.9545
alone,transaction,28.5766
alone,transaction,22.2282
alone,transaction,26.1046
alone,transaction,34.9019
alone,transaction,11.7325
alone,transaction,32.7647
alone,transaction,19.8230
alone,transaction,36.9846
alone,transaction,25.3488
alone,transaction,33.7386
alone,transaction,19.6423
alone,transaction,35.1843
alone,transaction,21.0247
alone,transaction,34.5408
alone,transaction,33.2631
alone,transaction,32.0943
alone,transaction,26.1403
alone,transaction,30.9139
alone,transaction,30.1304
alone,transaction,25.6266
alone,transaction,17.7162
alone,transaction,27.9867
alone,transaction,24.3813
alone,transaction,28.6802
alone,transaction,24.0008
alone,transaction,46.9064
alone,transaction,35.3716
alone,transaction,40.1785
alone,transaction,48.6329
alone,transaction,23.9834
alone,transaction,45.5699
alone,transaction,22.7477
alone,transaction,32.6410
alone,transaction,26.2077
alone,transaction,29.9959
alone,transaction,18.1682
alone,transaction,22.5720
alone,transaction,29.8194
alone,transaction,27.1832
alone,transaction,30.8259
alone,transaction,20.5412
alone,transaction,37.5505
alone,transaction,19.8273
alone,transaction,26.6176
alone,transaction,13.4996
alone,transaction,27.8290
alone,transaction,26.0533
alone,transaction,33.1160
alone,transaction,40.4223
alone,transaction,37.2326
alone,transaction,27.3310
alone,transaction,23.6607
alone,transaction,31.9112
alone,transaction,25.7574
alone,transaction,29.4936
alone,transaction,20.7581
alone,transaction,26.1272
alone,transaction,20.5502
alone,transaction,22.8993
alone,transaction,19.3872
alone,transaction,14.4343
alone,transaction,21.9628
alone,transaction,16.1863
alone,transaction,21.6037
alone,transaction,20.7800
alone,transaction,17.2975
alone,transaction,23.1396
alone,transaction,29.8671
alone,transaction,19.2106
alone,transaction,30.0688
alone,transaction,26.5926
alone,transaction,31.0534
alone,transaction,40.1189
alone,transaction,19.0177
alone,transaction,22.3609
alone,transaction,26.1224
alone,transaction,27.6995
alone,transaction,25.8872
alone,transaction,36.7792
alone,transaction,27.7544
alone,transaction,22.4912
alone,transaction,17.8843
alone,transaction,20.8344
alone,transaction,25.5159
alone,transaction,16.6876
alone,transaction,19.9101
alone,transaction,18.2423
alone,transaction,19.3103
alone,transaction,15.1718
alone,transaction,15.3876
alone,transaction,12.2652
alone,transaction,7.8746
alone,transaction,6.1654
alone,transaction,3.9739
alone,transaction,24.3327
alone,transaction,22.9503
alone,transaction,31.8563
alone,transaction,33.0727
alone,transaction,33.2839
alone,transaction,21.5505
alone,transaction,48.1782
alone,transaction,30.5252
alone,transaction,29.4966
alone,transaction,34.1655
alone,transaction,23.9594
alone,transaction,29.2881
alone,transaction,15.6470
alone,transaction,20.7811
alone,transaction,26.7410
alone,transaction,22.9995
alone,transaction,25.1775
alone,transaction,25.9355
alone,transaction,29.5793
alone,transaction,29.8600
alone,transaction,27.0786
alone,transaction,30.4471
alone,transaction,23.9875
alone,transaction,27.4705
alone,transaction,29.8014
alone,transaction,22.4996
alone,transaction,30.5201
alone,transaction,22.2878
alone,transaction,21.0638
alone,transaction,35.2868
alone,transaction,24.8926
alone,transaction,28.5439
alone,transaction,43.6663
alone,transaction,33.2954
alone,transaction,33.4307
alone,transaction,22.8519
alone,transaction,31.8102
alone,transaction,25.1437
alone,transaction,36.3753
alone,transaction,42.3487
alone,transaction,45.8850
alone,transaction,29.9435
alone,transaction,22.2193
alone,transaction,21.0456
alone,transaction,31.3582
alone,transaction,20.0471
alone,transaction,22.1551
alone,transaction,20.3566
alone,transaction,20.5668
alone,transaction,16.9554
alone,transaction,30.0956
alone,transaction,19.3538
alone,transaction,17.7013
alone,transaction,26.3029
alone,transaction,25.0094
alone,transaction,32.0918
alone,transaction,26.8673
alone,transaction,40.2678
alone,transaction,27.6670
alone,transaction,29.7972
alone,transaction,22.0099
alone,transaction,31.3918
alone,transaction,26.9396
alone,transaction,24.2818
alone,transaction,25.7824
alone,transaction,28.9164
alone,transaction,22.0132
alone,transaction,19.4069
alone,transaction,19.4543
alone,transaction,21.2512
alone,transaction,18.6025
alone,transaction,21.1437
alone,transaction,19.6188
alone,transaction,16.6082
alone,transaction,16.1110
alone,transaction,23.1625
alone,transaction,28.6564
alone,transaction,19.0817
alone,transaction,20.4359
alone,transaction,25.3775
alone,transaction,29.7516
alone,transaction,24.0676
alone,transaction,25.1211
alone,transaction,18.9440
alone,transaction,23.4914
alone,transaction,21.5050
alone,transaction,18.9084
alone,transaction,24.2728
alone,transaction,24.3550
alone,transaction,32.4244
alone,transaction,25.6014
alone,transaction,18.7515
alone,transaction,20.6256
alone,transaction,22.2467
alone,transaction,18.2374
alone,transaction,26.5157
alone,transaction,15.2871
alone,transaction,16.4770
alone,transaction,17.9966
alone,transaction,15.6945
alone,transaction,18.0163
alone,transaction,23.4700
alone,transaction,29.0846
alone,transaction,31.1427
alone,transaction,29.5459
alone,transaction,29.7483
alone,transaction,28.2642
alone,transaction,17.9040
alone,transaction,47.0657
alone,transaction,31.3737
alone,transaction,33.7570
alone,transaction,27.4084
alone,transaction,27.0563
alone,transaction,31.7208
alone,transaction,26.3623
alone,transaction,19.8924
alone,transaction,29.0915
alone,transaction,27.9198
alone,transaction,25.7215
alone,transaction,35.2863
alone,transaction,16.2398
alone,transaction,20.8362
alone,transaction,31.3238
alone,transaction,23.8251
alone,transaction,28.8475
alone,transaction,45.5044
alone,transaction,23.6702
alone,transaction,17.9747
alone,transaction,28.4836
alone,transaction,29.5109
alone,transaction,27.9821
alone,transaction,39.2934
alone,transaction,33.5655
alone,transaction,40.6597
alone,transaction,27.1365
alone,transaction,20.9712
alone,transaction,40.3722
alone,transaction,26.7814
alone,transaction,32.6692
alone,transaction,15.9078
alone,transaction,31.8968
alone,transaction,20.4206
alone,transaction,34.9977
alone,transaction,25.0970
alone,transaction,23.9076
alone,transaction,29.6856
alone,transaction,27.2849
alone,transaction,24.3307
alone,transaction,19.5388
alone,transaction,18.7875
alone,transaction,32.2704
alone,transaction,25.3580
alone,transaction,35.7630
alone,transaction,28.3580
alone,transaction,38.6584
alone,transaction,23.1228
alone,transaction,33.4018
alone,transaction,27.4782
alone,transaction,33.3557
alone,transaction,15.1927
alone,transaction,12.5408
alone,transaction,24.4453
alone,transaction,16.5329
alone,transaction,21.4984
alone,transaction,26.0721
alone,transaction,24.9587
alone,transaction,24.4386
alone,transaction,20.3924
alone,transaction,19.6198
alone,transaction,22.9451
alone,transaction,26.2342
alone,transaction,23.4489
alone,transaction,26.0100
alone,transaction,14.6442
alone,transaction,14.7129
alone,transaction,17.7674
alone,transaction,20.9755
alone,transaction,18.8054
alone,transaction,21.0355
alone,transaction,22.1489
alone,transaction,21.7590
alone,transaction,24.7123
alone,transaction,14.8137
alone,transaction,27.3009
alone,transaction,19.3475
alone,transaction,27.1938
alone,transaction,24.2906
alone,transaction,17.5086
alone,transaction,26.9244
alone,transaction,19.9811
alone,transaction,26.5676
alone,transaction,34.2710
alone,transaction,21.7099
alone,transaction,18.1658
alone,transaction,18.8041
alone,transaction,25.3022
alone,transaction,27.1184
alone,transaction,19.9198
alone,transaction,17.8876
alone,transaction,19.5538
alone,transaction,35.1876
alone,transaction,49.6559
alone,transaction,30.9290
alone,transaction,30.6387
alone,transaction,30.5419
alone,transaction,47.6266
alone,transaction,30.2847
alone,transaction,31.0158
alone,transaction,23.1345
alone,transaction,15.5304
alone,transaction,12.9601
alone,transaction,18.8542
alone,transaction,37.7634
alone,transaction,29.2529
alone,transaction,23.0392
alone,transaction,27.5147
alone,transaction,30.5679
alone,transaction,22.6556
alone,transaction,41.8415
alone,transaction,35.2725
alone,transaction,31.0981
alone,transaction,25.9039
alone,transaction,25.5908
alone,transaction,23.7293
alone,transaction,34.8586
alone,transaction,34.6114
alone,transaction,26.4797
alone,transaction,26.1090
alone,transaction,27.5445
alone,transaction,25.0508
alone,transaction,47.8497
alone,transaction,34.4364
alone,transaction,36.9282
alone,transaction,23.9503
alone,transaction,48.2771
alone,transaction,37.1701
alone,transaction,45.1212
alone,transaction,17.6049
alone,transaction,43.0483
alone,transaction,25.7075
alone,transaction,23.8602
alone,transaction,30.5874
alone,transaction,22.1792
alone,transaction,25.0177
alone,transaction,23.8411
alone,transaction,38.1403
alone,transaction,8.2459
alone,transaction,14.3998
alone,transaction,32.1524
alone,transaction,10.6049
alone,transaction,9.3601
alone,transaction,21.7479
alone,transaction,13.1600
alone,transaction,19.0977
alone,transaction,31.9572
alone,transaction,28.4639
alone,transaction,15.4761
alone,transaction,30.4126
alone,transaction,29.0512
alone,transaction,34.4567
alone,transaction,28.6899
alone,transaction,16.0797
alone,transaction,28.5224
alone,transaction,23.7955
alone,transaction,28.0976
alone,transaction,18.4723
alone,transaction,19.5806
alone,transaction,16.9549
alone,transaction,19.5144
alone,transaction,15.1690
alone,transaction,17.9384
alone,transaction,22.4013
alone,transaction,19.3033
alone,transaction,13.2615
alone,transaction,17.8799
alone,transaction,24.9361
alone,transaction,24.5344
alone,transaction,29.6446
alone,transaction,26.1333
alone,transaction,33.9909
alone,transaction,21.6269
alone,transaction,29.9497
alone,transaction,21.9503
alone,transaction,20.4440
alone,transaction,22.7730
alone,transaction,19.3487
alone,transaction,27.2681
alone,transaction,20.8298
alone,transaction,32.9436
alone,transaction,26.2180
alone,transaction,23.1379
alone,transaction,20.1770
alone,transaction,17.1342
alone,transaction,17.7436
alone,transaction,22.9335
alone,transaction,16.5094
alone,transaction,21.6960
alone,transaction,20.2705
alone,transaction,16.1785
alone,transaction,19.6031
alone,transaction,31.2730
alone,transaction,11.7353
alone,transaction,33.5331
alone,transaction,23.0567
alone,transaction,28.0666
alone,transaction,39.2184
alone,transaction,35.9692
alone,transaction,29.1790
alone,transaction,29.1800
alone,transaction,28.5321
alone,transaction,39.6543
alone,transaction,43.6770
alone,transaction,35.7403
alone,transaction,24.0256
alone,transaction,16.9937
alone,transaction,33.2691
alone,transaction,35.0702
alone,transaction,20.8046
alone,transaction,28.7269
alone,transaction,34.5793
alone,transaction,23.4780
alone,transaction,28.7916
alone,transaction,28.6704
alone,transaction,22.0025
alone,transaction,35.6921
alone,transaction,17.8126
alone,transaction,29.8897
alone,transaction,31.7431
alone,transaction,18.2484
alone,transaction,24.5347
alone,transaction,42.7209
alone,transaction,52.8499
alone,transaction,55.5858
alone,transaction,38.3786
alone,transaction,30.6834
alone,transaction,44.7592
alone,transaction,41.5434
alone,transaction,42.6278
alone,transaction,18.5969
alone,transaction,27.0766
alone,transaction,28.4674
alone,transaction,28.9012
alone,transaction,27.0917
alone,transaction,20.5210
alone,transaction,20.9989
alone,transaction,25.8657
alone,transaction,25.4101
alone,transaction,21.1787
alone,transaction,6.8942
alone,transaction,11.2111
alone,transaction,15.3295
alone,transaction,17.6839
alone,transaction,13.1972
alone,transaction,29.9981
alone,transaction,27.6369
alone,transaction,35.3415
alone,transaction,18.5134
alone,transaction,32.0080
alone,transaction,35.2614
alone,transaction,28.4364
alone,transaction,22.9735
alone,transaction,17.1048
alone,transaction,27.8213
alone,transaction,27.1335
alone,transaction,21.8794
alone,transaction,18.7879
alone,transaction,19.1220
alone,transaction,17.8869
alone,transaction,24.3667
alone,transaction,17.0092
alone,transaction,21.2026
alone,transaction,19.5493
alone,transaction,15.6804
alone,transaction,17.3672
alone,transaction,18.1343
alone,transaction,24.1390
alone,transaction,27.6480
alone,transaction,27.4325
alone,transaction,25.7232
alone,transaction,21.9185
alone,transaction,27.3788
alone,transaction,26.5482
alone,transaction,11.6928
alone,transaction,27.5118
alone,transaction,20.9694
alone,transaction,24.6207
alone,transaction,26.8717
alone,transaction,30.7089
alone,transaction,28.1201
alone,transaction,22.2322
alone,transaction,18.5998
alone,transaction,24.4251
alone,transaction,22.6634
alone,transaction,18.8822
alone,transaction,19.0142
alone,transaction,21.1208
alone,transaction,19.5025
alone,transaction,17.0677
alone,transaction,18.2159
alone,transaction,11.9731
alone,transaction,16.7513
alone,transaction,48.3844
alone,transaction,23.9384
alone,transaction,24.7635
alone,transaction,30.0617
alone,transaction,28.5018
alone,transaction,33.0730
alone,transaction,35.9652
alone,transaction,30.8643
alone,transaction,25.3308
alone,transaction,32.4604
alone,transaction,42.2314
alone,transaction,29.1615
alone,transaction,24.2826
alone,transaction,23.3325
alone,transaction,26.3075
alone,transaction,31.4234
alone,transaction,22.9019
alone,transaction,38.2946
alone,transaction,28.4775
alone,transaction,16.1399
alone,transaction,29.5559
alone,transaction,26.3070
alone,transaction,29.5311
alone,transaction,28.8324
alone,transaction,21.7666
alone,transaction,19.0134
alone,transaction,22.5172
alone,transaction,27.1442
alone,transaction,32.3063
alone,transaction,29.0435
alone,transaction,42.7506
alone,transaction,43.9397
alone,transaction,32.0965
alone,transaction,24.6666
alone,transaction,57.8309
alone,transaction,28.6727
alone,transaction,19.7570
alone,transaction,46.2726
alone,transaction,23.6124
alone,transaction,24.7411
alone,transaction,26.5685
alone,transaction,21.8192
alone,transaction,29.1854
alone,transaction,26.0020
alone,transaction,28.9316
alone,transaction,18.3240
alone,transaction,31.4299
alone,transaction,24.7964
alone,transaction,29.8217
alone,transaction,29.9185
alone,transaction,25.3163
alone,transaction,27.3152
alone,transaction,30.5099
alone,transaction,44.0801
alone,transaction,31.2533
alone,transaction,28.7515
alone,transaction,35.4605
alone,transaction,22.7551
alone,transaction,8.6924
alone,transaction,16.2108
alone,transaction,24.4014
alone,transaction,18.7951
alone,transaction,25.8481
alone,transaction,18.9205
alone,transaction,21.2529
alone,transaction,17.4759
alone,transaction,14.0163
alone,transaction,22.3928
alone,transaction,15.3414
alone,transaction,20.2731
alone,transaction,12.0689
alone,transaction,16.0612
alone,transaction,12.5944
alone,transaction,15.2896
alone,transaction,16.6803
alone,transaction,25.3916
alone,transaction,22.6202
alone,transaction,9.4095
alone,transaction,11.0302
alone,transaction,11.2567
alone,transaction,8.0446
alone,transaction,6.4388
alone,transaction,6.8414
alone,transaction,7.2916
alone,transaction,8.0903
alone,transaction,12.0798
alone,transaction,13.8590
alone,transaction,8.4545
alone,transaction,17.8781
alone,transaction,19.7799
alone,transaction,30.2628
alone,transaction,18.3455
alone,transaction,24.0689
alone,transaction,22.9229
alone,transaction,32.7809
alone,transaction,30.3890
alone,transaction,21.9827
alone,transaction,18.9237
alone,transaction,18.2531
alone,transaction,21.8008
alone,transaction,21.0645
alone,transaction,36.4719
alone,transaction,28.8389
alone,transaction,29.9089
alone,transaction,30.5443
alone,transaction,23.1057
alone,transaction,33.7867
alone,transaction,29.2482
alone,transaction,25.3498
alone,transaction,22.0832
alone,transaction,14.6903
alone,transaction,13.3544
alone,transaction,33.3033
alone,transaction,18.1478
alone,transaction,27.4479
alone,transaction,29.6149
alone,transaction,28.1155
alone,transaction,26.4815
alone,transaction,26.1413
alone,transaction,32.6408
alone,transaction,36.6514
alone,transaction,29.0156
alone,transaction,25.3765
alone,transaction,25.1374
alone,transaction,29.6558
alone,transaction,18.0600
alone,transaction,42.3077
alone,transaction,21.0598
alone,transaction,17.2088
alone,transaction,20.2767
alone,transaction,22.9910
alone,transaction,35.7153
alone,transaction,42.2799
alone,transaction,47.4176
alone,transaction,40.5065
alone,transaction,16.3343
alone,transaction,32.4787
alone,transaction,37.4408
alone,transaction,34.4280
alone,transaction,43.5826
alone,transaction,40.9057
alone,transaction,26.7105
alone,transaction,18.9517
alone,transaction,21.4198
alone,transaction,27.7504
alone,transaction,23.0124
alone,transaction,16.7773
alone,transaction,22.5275
alone,transaction,20.8488
alone,transaction,37.3573
alone,transaction,15.6922
alone,transaction,25.7003
alone,transaction,10.2286
alone,transaction,22.8727
alone,transaction,23.5066
alone,transaction,34.7376
alone,transaction,30.2974
alone,transaction,40.9913
alone,transaction,33.3067
alone,transaction,34.2340
alone,transaction,27.0478
alone,transaction,31.6604
alone,transaction,26.6809
alone,transaction,19.8374
alone,transaction,22.9591
alone,transaction,19.6463
alone,transaction,19.5761
alone,transaction,18.4238
alone,transaction,21.1999
alone,transaction,22.4138
alone,transaction,17.1721
alone,transaction,22.1737
alone,transaction,37.4538
alone,transaction,25.6860
alone,transaction,28.3035
alone,transaction,30.1057
alone,transaction,25.1765
alone,transaction,20.6779
alone,transaction,22.7302
alone,transaction,31.1660
alone,transaction,26.4112
alone,transaction,19.2766
alone,transaction,26.9836
alone,transaction,25.6360
alone,transaction,25.9309
alone,transaction,23.6532
alone,transaction,32.0791
alone,transaction,20.2157
alone,transaction,22.4438
alone,transaction,22.7086
alone,transaction,16.0626
alone,transaction,21.7928
alone,transaction,31.0616
alone,transaction,19.1210
alone,transaction,23.2343
alone,transaction,19.8290
alone,transaction,13.9463
alone,transaction,15.1414
alone,transaction,8.5192
alone,transaction,30.7343
alone,transaction,43.8717
alone,transaction,32.3676
alone,transaction,27.2027
alone,transaction,25.2509
alone,transaction,34.6654
alone,transaction,36.6085
alone,transaction,29.0204
alone,transaction,27.4456
alone,transaction,21.3882
alone,transaction,40.1308
alone,transaction,29.9760
alone,transaction,24.1148
alone,transaction,23.8263
alone,transaction,30.6291
alone,transaction,24.1515
alone,transaction,26.3193
alone,transaction,33.1836
alone,transaction,24.6698
alone,transaction,30.4841
alone,transaction,27.0020
alone,transaction,30.5538
alone,transaction,31.6402
alone,transaction,22.4020
alone,transaction,28.5682
alone,transaction,19.4195
alone,transaction,17.8618
alone,transaction,19.7909
alone,transaction,21.0292
alone,transaction,40.7349
alone,transaction,24.8630
alone,transaction,40.8408
alone,transaction,40.5278
alone,transaction,32.0606
alone,transaction,23.1796
alone,transaction,43.1890
alone,transaction,34.0291
alone,transaction,31.8623
alone,transaction,36.1179
alone,transaction,29.2958
alone,transaction,36.5376
alone,transaction,23.3922
alone,transaction,23.6455
alone,transaction,28.0518
alone,transaction,22.9131
alone,transaction,14.2595
alone,transaction,29.8441
alone,transaction,28.2457
alone,transaction,31.1818
alone,transaction,19.7175
alone,transaction,17.9434
alone,transaction,17.3317
alone,transaction,25.1673
alone,transaction,30.1764
alone,transaction,24.3811
alone,transaction,27.6320
alone,transaction,35.4033
alone,transaction,10.4895
alone,transaction,6.2913
alone,transaction,5.6637
alone,transaction,8.5692
alone,transaction,5.9196
alone,transaction,6.4195
alone,transaction,33.6999
alone,transaction,26.0593
alone,transaction,22.7744
alone,transaction,24.4018
alone,transaction,27.5736
alone,transaction,27.4624
alone,transaction,17.0681
alone,transaction,21.2436
alone,transaction,17.0022
alone,transaction,31.0542
alone,transaction,28.2236
alone,transaction,27.1545
alone,transaction,34.8799
alone,transaction,23.3368
alone,transaction,29.5184
alone,transaction,25.2075
alone,transaction,26.5665
alone,transaction,30.4044
alone,transaction,18.0659
alone,transaction,27.9595
alone,transaction,29.9981
alone,transaction,22.4439
alone,transaction,24.5075
alone,transaction,30.9966
alone,transaction,18.6808
alone,transaction,31.9195
alone,transaction,31.9424
alone,transaction,25.2294
alone,transaction,18.4222
alone,transaction,19.6525
alone,transaction,18.8372
alone,transaction,30.6226
alone,transaction,16.9559
alone,transaction,20.7162
alone,transaction,15.0459
alone,transaction,16.8266
alone,transaction,16.2134
alone,transaction,30.2295
alone,transaction,16.9882
alone,transaction,45.2173
alone,transaction,47.1080
alone,transaction,44.5128
alone,transaction,21.2659
alone,transaction,27.0748
alone,transaction,23.8905
alone,transaction,33.2929
alone,transaction,43.0863
alone,transaction,40.7449
alone,transaction,30.5826
alone,transaction,24.6705
alone,transaction,18.0392
alone,transaction,24.4389
alone,transaction,25.5995
alone,transaction,22.3357
alone,transaction,26.3425
alone,transaction,32.5535
alone,transaction,20.5757
alone,transaction,30.8901
alone,transaction,24.0837
alone,transaction,27.8938
alone,transaction,25.0394
alone,transaction,28.8652
alone,transaction,27.5849
alone,transaction,20.5789
alone,transaction,19.3778
alone,transaction,28.2856
alone,transaction,22.8844
alone,transaction,24.6898
alone,transaction,37.5419
alone,transaction,37.1154
alone,transaction,34.8427
alone,transaction,45.7398
alone,transaction,29.2814
alone,transaction,47.5966
alone,transaction,23.5288
alone,transaction,20.2158
alone,transaction,15.4147
alone,transaction,18.3056
alone,transaction,13.9658
alone,transaction,29.5853
alone,transaction,24.7920
alone,transaction,28.1759
alone,transaction,30.3011
alone,transaction,18.1811
alone,transaction,22.7200
alone,transaction,22.4479
alone,transaction,29.1585
alone,transaction,28.7197
alone,transaction,28.5659
alone,transaction,27.2627
alone,transaction,25.4563
alone,transaction,18.5951
alone,transaction,7.6792
alone,transaction,7.8633
alone,transaction,18.0583
alone,transaction,15.9107
alone,transaction,32.5882
alone,transaction,29.7287
alone,transaction,24.4446
alone,transaction,7.9007
alone,transaction,24.1623
alone,transaction,33.8062
alone,transaction,17.4573
alone,transaction,23.3422
alone,transaction,21.8789
alone,transaction,29.5853
alone,transaction,17.8243
alone,transaction,20.2136
alone,transaction,18.5646
alone,transaction,30.5108
alone,transaction,22.4900
alone,transaction,19.2189
alone,transaction,41.9949
alone,transaction,20.9078
alone,transaction,30.5907
alone,transaction,22.2651
alone,transaction,21.3179
alone,transaction,24.2082
alone,transaction,20.3395
alone,transaction,29.8971
alone,transaction,29.2580
alone,transaction,25.6719
alone,transaction,30.7059
alone,transaction,20.7005
alone,transaction,28.2922
alone,transaction,23.0430
alone,transaction,19.5765
alone,transaction,25.1190
alone,transaction,25.8577
alone,transaction,17.5697
alone,transaction,20.5386
alone,transaction,20.2271
alone,transaction,13.2878
alone,transaction,28.5779
alone,transaction,21.0990
alone,transaction,20.5284
alone,transaction,19.0874
alone,transaction,26.7985
alone,transaction,19.1913
alone,transaction,23.4924
alone,transaction,29.7268
alone,transaction,25.1433
alone,transaction,30.3010
alone,transaction,27.9942
alone,transaction,42.8149
alone,transaction,30.5976
alone,transaction,27.5593
alone,transaction,35.8976
alone,transaction,48.6234
alone,transaction,26.5410
alone,transaction,26.6897
alone,transaction,15.3046
alone,transaction,28.8525
alone,transaction,23.7053
alone,transaction,8.3147
alone,transaction,28.4331
alone,transaction,36.4569
alone,transaction,33.9773
alone,transaction,27.7572
alone,transaction,23.0524
alone,transaction,28.6623
alone,transaction,37.2134
alone,transaction,27.7711
alone,transaction,22.5770
alone,transaction,23.0228
alone,transaction,29.7393
alone,transaction,23.9218
alone,transaction,29.3935
alone,transaction,35.0827
alone,transaction,34.5548
alone,transaction,40.4529
alone,transaction,36.7681
alone,transaction,30.0914
alone,transaction,23.9141
alone,transaction,25.1889
alone,transaction,38.9372
alone,transaction,23.8091
alone,transaction,42.0141
alone,transaction,20.0928
alone,transaction,27.5212
alone,transaction,23.4152
alone,transaction,29.2479
alone,transaction,25.2735
alone,transaction,19.3416
alone,transaction,18.5017
alone,transaction,17.6335
alone,transaction,36.5447
alone,transaction,20.8301
alone,transaction,22.0938
alone,transaction,28.6250
alone,transaction,25.7284
alone,transaction,33.0570
alone,transaction,32.1788
alone,transaction,40.0729
alone,transaction,32.5861
alone,transaction,29.1503
alone,transaction,31.2544
alone,transaction,27.5096
alone,transaction,22.0946
alone,transaction,28.9673
alone,transaction,27.5775
alone,transaction,20.3670
alone,transaction,19.2647
alone,transaction,21.1325
alone,transaction,17.0259
alone,transaction,20.3017
alone,transaction,20.5036
alone,transaction,16.9134
alone,transaction,17.0742
alone,transaction,19.2208
alone,transaction,17.5972
alone,transaction,24.5210
alone,transaction,27.5482
alone,transaction,19.1306
alone,transaction,23.1908
alone,transaction,26.7317
alone,transaction,25.3737
alone,transaction,21.3415
alone,transaction,28.3316
alone,transaction,24.2782
alone,transaction,28.8074
alone,transaction,23.1693
alone,transaction,27.0817
alone,transaction,24.2062
alone,transaction,32.4522
alone,transaction,25.0954
alone,transaction,22.9602
alone,transaction,19.2535
alone,transaction,18.4358
alone,transaction,15.8569
alone,transaction,28.8362
alone,transaction,19.6937
alone,transaction,18.1640
alone,transaction,19.7787
alone,transaction,17.0679
alone,transaction,16.4198
alone,transaction,10.3396
alone,transaction,25.5916
alone,transaction,16.4967
alone,transaction,23.4748
alone,transaction,22.6263
alone,transaction,33.7405
alone,transaction,23.3365
alone,transaction,22.1977
alone,transaction,28.3807
alone,transaction,32.9325
alone,transaction,31.0207
alone,transaction,33.1223
alone,transaction,21.0879
alone,transaction,16.9002
alone,transaction,30.0110
alone,transaction,15.3529
alone,transaction,26.1937
alone,transaction,22.9586
alone,transaction,29.0899
alone,transaction,28.6856
alone,transaction,27.3190
alone,transaction,24.4232
alone,transaction,32.3274
alone,transaction,30.8907
alone,transaction,29.4983
alone,transaction,27.3057
alone,transaction,30.9320
alone,transaction,32.1593
alone,transaction,28.7794
alone,transaction,24.4283
alone,transaction,21.7119
alone,transaction,28.3801
alone,transaction,45.3259
alone,transaction,50.5496
alone,transaction,26.4987
alone,transaction,32.5336
alone,transaction,25.1732
alone,transaction,19.7778
alone,transaction,47.2241
alone,transaction,30.7877
alone,transaction,35.8868
alone,transaction,32.4155
alone,transaction,38.8056
alone,transaction,30.1036
alone,transaction,24.1452
alone,transaction,27.4300
alone,transaction,26.6551
alone,transaction,20.2492
alone,transaction,22.2008
alone,transaction,35.7284
alone,transaction,27.6344
alone,transaction,25.3481
alone,transaction,21.2938
alone,transaction,22.7813
alone,transaction,23.8956
alone,transaction,37.5414
alone,transaction,19.7813
alone,transaction,5.6358
alone,transaction,5.9994
alone,transaction,6.3817
alone,transaction,35.0958
alone,transaction,31.0263
alone,transaction,30.3759
alone,transaction,30.3469
alone,transaction,30.9337
alone,transaction,18.3898
alone,transaction,26.4794
alone,transaction,24.5088
alone,transaction,21.3890
alone,transaction,18.3400
alone,transaction,20.6733
alone,transaction,17.6347
alone,transaction,22.2193
alone,transaction,17.5394
alone,transaction,16.5376
alone,transaction,15.2551
alone,transaction,10.6298
alone,transaction,16.0927
alone,transaction,20.5040
alone,transaction,30.8594
alone,transaction,23.5287
alone,transaction,22.1792
alone,transaction,25.7526
alone,transaction,25.2986
alone,transaction,22.5883
alone,transaction,29.2062
alone,transaction,22.8460
alone,transaction,22.2583
alone,transaction,24.6346
alone,transaction,19.5825
alone,transaction,18.2191
alone,transaction,22.7738
alone,transaction,32.8124
alone,transaction,30.7646
alone,transaction,10.9872
alone,transaction,21.4436
alone,transaction,20.6913
alone,transaction,21.7787
alone,transaction,27.2554
alone,transaction,18.2619
alone,transaction,20.0376
