phase,measure,ms
both,query,8.5908
both,query,7.5731
both,query,7.5896
both,query,2.2251
both,query,4.9493
both,query,3.6270
both,query,3.1429
both,query,2.8085
both,query,3.9530
both,query,5.1554
both,query,4.9730
both,query,4.8005
both,query,4.1815
both,query,5.8070
both,query,3.2598
both,query,3.2352
both,query,2.8544
both,query,5.4255
both,query,4.1853
both,query,5.4050
both,query,3.3897
both,query,10.8713
both,query,5.7252
both,query,4.2028
both,query,21.0937
both,query,4.8695
both,query,5.5556
both,query,3.8803
both,query,1.4569
both,query,8.4345
both,query,4.7914
both,query,3.2496
both,query,2.4194
both,query,8.1354
both,query,6.5501
both,query,4.4948
both,query,7.8124
both,query,4.5752
both,query,2.8495
both,query,1.8811
both,query,5.7933
both,query,7.0912
both,query,3.8776
both,query,7.1425
both,query,7.5105
both,query,5.1312
both,query,4.7290
both,query,4.2849
both,query,6.3207
both,query,7.9161
both,query,4.5129
both,query,3.5541
both,query,6.2562
both,query,2.7126
both,query,5.1429
both,query,4.5830
both,query,2.5806
both,query,5.0866
both,query,6.4017
both,query,3.3645
both,query,2.4160
both,query,5.6016
both,query,4.7396
both,query,5.7145
both,query,3.7758
both,query,9.1284
both,query,5.1892
both,query,5.2165
both,query,2.5466
both,query,4.1859
both,query,8.3500
both,query,4.3441
both,query,1.8833
both,query,4.5279
both,query,5.5019
both,query,7.6737
both,query,2.7689
both,query,4.8386
both,query,3.2584
both,query,6.2079
both,query,3.3715
both,query,7.9393
both,query,5.3104
both,query,8.8729
both,query,5.2824
both,query,3.6475
both,query,4.9294
both,query,3.5057
both,query,4.4096
both,query,3.9975
both,query,2.9350
both,query,7.2772
both,query,6.4685
both,query,4.4825
both,query,9.4511
both,query,4.1731
both,query,3.3822
both,query,1.9429
both,query,1.5857
both,query,3.0781
both,query,4.8714
both,query,2.7009
both,query,4.0601
both,query,3.9916
both,query,3.7672
both,query,3.7721
both,query,1.7567
both,query,2.6830
both,query,7.2363
both,query,2.3606
both,query,4.8737
both,query,4.4474
both,query,7.6004
both,query,2.9773
both,query,3.5167
both,query,4.9112
both,query,8.8962
both,query,2.1365
both,query,4.8213
both,query,4.4531
both,query,5.3653
both,query,1.2270
both,query,3.2838
both,query,2.8347
both,query,3.4619
both,query,3.0140
both,query,3.6636
both,query,1.4686
both,query,3.5436
both,query,2.7338
both,query,6.4001
both,query,4.2409
both,query,6.1600
both,query,7.7252
both,query,4.7603
both,query,8.3452
both,query,2.3237
both,query,3.1709
both,query,7.5234
both,query,3.6283
both,query,2.7084
both,query,4.6417
both,query,7.3343
both,query,1.8037
both,query,3.3026
both,query,2.9647
both,query,4.2477
both,query,4.7296
both,query,6.9276
both,query,5.1097
both,query,5.0386
both,query,4.9140
both,query,2.8282
both,query,4.2136
both,query,3.5469
both,query,2.5094
both,query,6.3236
both,query,2.1815
both,query,4.6808
both,query,4.8301
both,query,4.2986
both,query,5.9902
both,query,5.5718
both,query,2.4372
both,query,6.3088
both,query,4.1806
both,query,2.5673
both,query,3.9061
both,query,5.0398
both,query,5.1426
both,query,3.5809
both,query,3.5457
both,query,5.2960
both,query,4.0617
both,query,12.6558
both,query,2.7157
both,query,2.1119
both,query,4.5544
both,query,1.2799
both,query,4.0630
both,query,4.1667
both,query,2.1626
both,query,8.2620
both,query,5.0585
both,query,2.7711
both,query,5.9792
both,query,5.4649
both,query,3.1636
both,query,2.8848
both,query,4.4301
both,query,6.6401
both,query,5.8649
both,query,1.4089
both,query,5.0073
both,query,4.0433
both,query,4.0241
both,query,8.6922
both,query,7.3914
both,query,1.9116
both,query,9.4833
both,query,3.5624
both,query,1.3984
both,query,2.7647
both,query,4.1105
both,query,4.3971
both,query,1.7608
both,query,4.1788
both,query,4.1100
both,query,8.3243
both,query,2.3209
both,query,3.7404
both,query,5.1965
both,query,3.2390
both,query,2.5279
both,query,4.4365
both,query,2.7543
both,query,5.1913
both,query,1.8578
both,query,3.2768
both,query,2.5550
both,query,4.5481
both,query,4.7464
both,query,14.1906
both,query,7.3608
both,query,5.5381
both,query,18.2435
both,query,3.1639
both,query,10.6586
both,query,2.4870
both,query,2.2964
both,query,4.5445
both,query,3.4329
both,query,4.3817
both,query,2.0702
both,query,2.9262
both,query,4.0891
both,query,4.3613
both,query,3.2065
both,query,4.2839
both,query,3.8254
both,query,3.9569
both,query,7.2990
both,query,2.3777
both,query,11.7196
both,query,5.6488
both,query,6.1373
both,query,4.6048
both,query,2.0431
both,query,7.6580
both,query,4.9414
both,query,5.2378
both,query,9.0277
both,query,5.7261
both,query,4.2474
both,query,4.0048
both,query,4.7316
both,query,4.7795
both,query,4.4154
both,query,4.2673
both,query,6.0391
both,query,4.1898
both,query,4.4298
both,query,5.8951
both,query,4.1687
both,query,2.3856
both,query,2.3562
both,query,3.2621
both,query,4.4566
both,query,1.5428
both,query,2.1938
both,query,3.4916
both,query,2.5614
both,query,3.2027
both,query,7.4420
both,query,11.6203
both,query,3.7049
both,query,10.0365
both,query,5.4929
both,query,5.6300
both,query,5.5740
both,query,2.1820
both,query,8.4580
both,query,3.9128
both,query,1.6258
both,query,3.9644
both,query,2.6784
both,query,4.1831
both,query,6.6246
both,query,2.5826
both,query,4.6154
both,query,3.3503
both,query,5.1579
both,query,11.9667
both,query,2.4520
both,query,5.6947
both,query,4.7411
both,query,2.9287
both,query,2.4436
both,query,4.9521
both,query,1.9518
both,query,2.4268
both,query,3.3313
both,query,3.4204
both,query,6.3971
both,query,2.4861
both,query,3.9355
both,query,3.7384
both,query,5.7682
both,query,4.5901
both,query,3.0196
both,query,4.5731
both,query,6.7724
both,query,5.9631
both,query,6.6926
both,query,2.5874
both,query,7.3457
both,query,5.1540
both,query,4.5788
both,query,4.0313
both,query,4.5172
both,query,5.4019
both,query,6.3677
both,query,7.8029
both,query,3.8815
both,query,5.1410
both,query,10.9459
both,query,4.1147
both,query,4.2142
both,query,4.4702
both,query,2.5212
both,query,7.3358
both,query,1.8100
both,query,4.9224
both,query,2.1063
both,query,4.5146
both,query,6.1358
both,query,15.8781
both,query,6.9188
both,query,1.9592
both,query,7.4505
both,query,3.4597
both,query,4.4601
both,query,6.1069
both,query,11.4826
both,query,4.2968
both,query,5.7121
both,query,6.0033
both,query,2.4459
both,query,4.4235
both,query,5.9852
both,query,6.2311
both,query,5.4656
both,query,5.6641
both,query,3.8987
both,query,8.8876
both,query,4.9285
both,query,3.5745
both,query,5.6242
both,query,7.4850
both,query,2.9133
both,query,5.6643
both,query,3.8549
both,query,8.7592
both,query,5.1199
both,query,4.7076
both,query,3.9426
both,query,3.5239
both,query,3.7456
both,query,3.7080
both,query,2.6822
both,query,4.8969
both,query,3.3825
both,query,5.3829
both,query,3.4232
both,query,3.4166
both,query,4.3199
both,query,4.8487
both,query,5.4188
both,query,3.9398
both,query,3.0512
both,query,5.6887
both,query,3.3383
both,query,4.3545
both,query,1.4486
both,query,1.5000
both,query,1.6464
both,query,10.0983
both,query,2.9815
both,query,1.3142
both,query,1.2496
both,query,5.4056
both,query,4.3010
both,query,7.3488
both,query,3.5677
both,query,9.3949
both,query,5.1366
both,query,5.9535
both,query,6.8516
both,query,2.2919
both,query,2.1621
both,query,5.3479
both,query,3.9663
both,query,2.0263
both,query,5.9922
both,query,4.5593
both,query,10.1528
both,query,5.3409
both,query,3.9363
both,query,10.5094
both,query,2.9142
both,query,2.6818
both,query,1.8207
both,query,4.0182
both,query,4.3052
both,query,2.8469
both,query,4.4797
both,query,3.2102
both,query,5.7923
both,query,3.6852
both,query,3.4085
both,query,6.2735
both,query,2.7166
both,query,3.3737
both,query,3.7739
both,query,5.2971
both,query,8.3082
both,query,4.6417
both,query,3.0296
both,query,9.7789
both,query,2.0399
both,query,1.7137
both,query,3.1686
both,query,8.5739
both,query,5.3639
both,query,6.6688
both,query,4.4584
both,query,4.8930
both,query,4.0371
both,query,3.5129
both,query,4.2019
both,query,6.6119
both,query,4.6631
both,query,8.5405
both,query,9.7491
both,query,4.1233
both,query,6.0404
both,query,7.6606
both,query,8.5505
both,query,7.7194
both,query,6.2703
both,query,4.2610
both,query,11.1166
both,query,4.3189
both,query,2.3220
both,query,6.5284
both,query,4.6785
both,query,6.9761
both,query,3.5177
both,query,6.3915
both,query,6.3102
both,query,4.8931
both,query,4.6260
both,query,13.4871
both,query,3.7867
both,query,3.1865
both,query,2.2815
both,query,6.1209
both,query,4.2665
both,query,5.0372
both,query,2.8827
both,query,2.1511
both,query,3.7668
both,query,4.3592
both,query,3.1746
both,query,3.8283
both,query,4.6925
both,query,2.4582
both,query,2.6177
both,query,4.9625
both,query,3.6255
both,query,4.9240
both,query,5.1842
both,query,5.1957
both,query,5.7049
both,query,7.1410
both,query,3.4970
both,query,2.4956
both,query,12.4640
both,query,4.3080
both,query,5.3889
both,query,5.7399
both,query,3.7833
both,query,2.5827
both,query,8.5142
both,query,7.0722
both,query,2.0435
both,query,9.0026
both,query,3.4235
both,query,3.1209
both,query,1.9294
both,query,7.2828
both,query,6.5963
both,query,5.5300
both,query,5.3404
both,query,2.9354
both,query,3.3825
both,query,10.3667
both,query,8.2040
both,query,13.3040
both,query,1.6934
both,query,6.7940
both,query,4.2852
both,query,7.8901
both,query,2.2358
both,query,4.8616
both,query,4.5649
both,query,1.5463
both,query,3.8276
both,query,4.5469
both,query,3.4493
both,query,7.4867
both,query,3.9514
both,query,3.4497
both,query,3.6192
both,query,7.5019
both,query,4.0287
both,query,3.3217
both,query,4.9009
both,query,2.4571
both,query,2.4121
both,query,3.7689
both,query,4.3220
both,query,8.0560
both,query,4.1320
both,query,4.7701
both,query,6.7606
both,query,2.1949
both,query,5.0690
both,query,4.8301
both,query,5.6187
both,query,5.3471
both,query,4.3356
both,query,2.4865
both,query,5.2708
both,query,5.8521
both,query,8.5908
both,query,5.2196
both,query,6.3330
both,query,6.1542
both,query,3.2997
both,query,3.0938
both,query,4.8881
both,query,6.0510
both,query,5.9328
both,query,1.9256
both,query,3.1080
both,query,5.0833
both,query,6.0817
both,query,3.8710
both,query,8.5115
both,query,4.2269
both,query,2.5809
both,query,10.5823
both,query,4.6076
both,query,2.2732
both,query,5.0921
both,query,5.7724
both,query,5.0698
both,query,4.9253
both,query,2.2795
both,query,3.5540
both,query,4.1674
both,query,3.7210
both,query,5.8826
both,query,2.3891
both,query,3.8494
both,query,4.6418
both,query,6.6907
both,query,4.3511
both,query,3.8949
both,query,3.4428
both,query,6.2285
both,query,6.4065
both,query,5.5540
both,query,1.9139
both,query,8.2543
both,query,1.9702
both,query,4.0455
both,query,18.0134
both,query,4.7322
both,query,12.8235
both,query,1.5879
both,query,4.1959
both,query,1.9661
both,query,3.8289
both,query,8.5146
both,query,4.0667
both,query,4.1669
both,query,2.6014
both,query,1.4471
both,query,8.0301
both,query,4.7346
both,query,4.2968
both,query,2.5543
both,query,4.4774
both,query,4.6498
both,query,3.0878
both,query,3.9286
both,query,4.8330
both,query,4.7919
both,query,3.7814
both,query,4.3595
both,query,4.6963
both,query,4.0862
both,query,3.2664
both,query,3.6789
both,query,20.5626
both,query,4.9479
both,query,3.3592
both,query,5.9167
both,query,7.2939
both,query,5.0287
both,query,4.9376
both,query,3.4666
both,query,13.3960
both,query,5.4105
both,query,3.8865
both,query,7.7945
both,query,2.3749
both,query,5.9047
both,query,5.2408
both,query,5.5433
both,query,10.9101
both,query,5.4199
both,query,4.6927
both,query,5.9046
both,query,5.7997
both,query,7.3649
both,query,6.4426
both,query,5.9209
both,query,5.0914
both,query,4.9877
both,query,3.5135
both,query,3.1032
both,query,3.0266
both,query,3.5720
both,query,6.4159
both,query,3.6713
both,query,9.9169
both,query,2.0997
both,query,5.3864
both,query,8.1059
both,query,5.1536
both,query,2.2415
both,query,4.5528
both,query,1.6101
both,query,4.1354
both,query,4.8868
both,query,6.6714
both,query,2.1699
both,query,4.7652
both,query,4.6949
both,query,5.0048
both,query,9.8728
both,query,5.8742
both,query,2.8488
both,query,2.3175
both,query,6.7765
both,query,5.9496
both,query,3.6569
both,query,7.8469
both,query,1.8215
both,query,5.1572
both,query,6.7208
both,query,12.1476
both,query,5.6277
both,query,3.8675
both,query,5.3324
both,query,4.0860
both,query,6.5185
both,query,2.9116
both,query,4.7198
both,query,5.6745
both,query,5.2620
both,query,3.5536
both,query,4.4970
both,query,4.2905
both,query,2.3710
both,query,4.9470
both,query,2.3819
both,query,10.3734
both,query,5.2246
both,query,2.6080
both,query,2.2443
both,query,5.1714
both,query,9.1985
both,query,3.7806
both,query,3.3095
both,query,2.1982
both,query,4.9075
both,query,11.7279
both,query,6.5881
both,query,2.5889
both,query,4.6511
both,query,3.0007
both,query,3.1403
both,query,4.3766
both,query,3.8546
both,query,2.9699
both,query,7.9271
both,query,7.1742
both,query,5.7441
both,query,5.0639
both,query,5.9102
both,query,4.5849
both,query,3.1806
both,query,3.0978
both,query,4.2398
both,query,5.2372
both,query,5.0882
both,query,6.0001
both,query,4.7711
both,query,7.0060
both,query,6.9975
both,query,3.5092
both,query,21.1005
both,query,11.1264
both,query,4.1494
both,query,4.9758
both,query,6.2282
both,query,3.9305
both,query,3.6416
both,query,5.9599
both,query,3.2183
both,query,5.7367
both,query,3.9269
both,query,2.5353
both,query,4.6917
both,query,3.9516
both,query,6.0951
both,query,2.8938
both,query,6.4355
both,query,6.2092
both,query,4.0529
both,query,7.3691
both,query,4.7142
both,query,3.7541
both,query,5.6107
both,query,4.6737
both,query,4.5625
both,query,3.4732
both,query,2.2503
both,query,4.4758
both,query,3.3788
both,query,5.3557
both,query,4.5242
both,query,8.1422
both,query,5.9918
both,query,4.9514
both,query,6.0040
both,query,5.1968
both,query,5.8797
both,query,5.7432
both,query,10.7972
both,query,9.4539
both,query,10.1579
both,query,5.3359
both,query,4.6682
both,query,4.7592
both,query,3.5377
both,query,4.1824
both,query,2.1421
both,query,6.6982
both,query,5.5200
both,query,5.4328
both,query,4.2765
both,query,4.7016
both,query,4.2926
both,query,5.6458
both,query,6.2639
both,query,5.4351
both,query,4.0118
both,query,4.1257
both,query,4.6941
both,query,3.9045
both,query,6.6662
both,query,3.7925
both,query,1.4532
both,query,3.0310
both,query,2.7008
both,query,13.4407
both,query,2.9252
both,query,29.3609
both,query,9.7932
both,query,7.2541
both,query,5.1192
both,query,4.9837
both,query,1.2557
both,query,1.2316
both,query,1.2852
both,query,9.1440
both,query,5.6206
both,query,1.9340
both,query,3.9615
both,query,7.0411
both,query,5.4870
both,query,10.1002
both,query,4.9822
both,query,1.8327
both,query,3.8511
both,query,3.6755
both,query,3.5846
both,query,4.8957
both,query,5.0471
both,query,2.9353
both,query,3.1168
both,query,15.1767
both,query,4.5715
both,query,2.8113
both,query,3.3854
both,query,3.8445
both,query,3.7129
both,query,4.9709
both,query,6.9121
both,query,2.9053
both,query,22.6883
both,query,7.7378
both,query,5.6952
both,query,6.9962
both,query,5.3422
both,query,7.0671
both,query,2.3710
both,query,5.1708
both,query,5.9550
both,query,6.7669
both,query,8.2606
both,query,6.6027
both,query,2.4533
both,query,5.0047
both,query,3.4855
both,query,7.8530
both,query,5.6260
both,query,2.9194
both,query,4.2734
both,query,7.4188
both,query,6.7353
both,query,5.5852
both,query,4.6119
both,query,4.0592
both,query,7.8712
both,query,4.5673
both,query,3.8370
both,query,3.1010
both,query,4.3485
both,query,2.7126
both,query,7.1017
both,query,2.0184
both,query,5.7725
both,query,5.1049
both,query,5.2345
both,query,2.3718
both,query,5.1899
both,query,6.5393
both,query,8.7632
both,query,3.4248
both,query,6.2725
both,query,3.4618
both,query,5.2121
both,query,4.2576
both,query,5.9655
both,query,4.0088
both,query,4.5906
both,query,2.1573
both,query,2.7291
both,query,4.2532
both,query,3.9903
both,query,4.0009
both,query,7.2202
both,query,3.9209
both,query,6.0659
both,query,9.1089
both,query,4.4926
both,query,4.3606
both,query,3.9109
both,query,4.3425
both,query,2.7652
both,query,5.9271
both,query,3.6667
both,query,4.8307
both,query,4.2296
both,query,6.1046
both,query,4.2687
both,query,4.6927
both,query,3.5166
both,query,3.1154
both,query,2.7500
both,query,3.4510
both,query,2.6418
both,query,3.2558
both,query,4.5464
both,query,7.5155
both,query,2.9888
both,query,4.5758
both,query,5.1179
both,query,6.5333
both,query,1.7728
both,query,7.0700
both,query,3.6561
both,query,4.0936
both,query,2.7532
both,query,4.8868
both,query,3.9759
both,query,6.5331
both,query,4.9920
both,query,2.2198
both,query,2.7223
both,query,4.9755
both,query,3.7011
both,query,6.3152
both,query,5.1800
both,query,1.2348
both,query,8.2651
both,query,4.3762
both,query,4.8400
both,query,2.4233
both,query,2.9102
both,query,2.7868
both,query,8.8335
both,query,3.5732
both,query,5.1129
both,query,6.6366
both,query,3.1322
both,query,2.6519
both,query,4.5230
both,query,3.4102
both,query,3.6100
both,query,5.0473
both,query,5.2871
both,query,6.3861
both,query,5.9710
both,query,5.4483
both,query,6.4574
both,query,7.7487
both,query,5.0682
both,query,3.8364
both,query,4.1268
both,query,4.1504
both,query,2.6101
both,query,3.1760
both,query,2.7620
both,query,3.0604
both,query,2.2600
both,query,2.8576
both,query,5.0544
both,query,4.6060
both,query,5.2860
both,query,5.5682
both,query,8.4797
both,query,5.1355
both,query,5.3522
both,query,2.6024
both,query,5.8791
both,query,2.6672
both,query,2.8758
both,query,4.9924
both,query,6.0692
both,query,2.3890
both,query,5.3047
both,query,4.4764
both,query,2.6781
both,query,4.5043
both,query,4.2512
both,query,12.4648
both,query,3.3111
both,query,4.4018
both,query,5.9128
both,query,9.6911
both,query,4.3539
both,query,5.8336
both,query,10.0388
both,query,5.3854
both,query,6.0469
both,query,3.6956
both,query,5.2373
both,query,3.7086
both,query,6.8523
both,query,5.3289
both,query,6.0306
both,query,5.6895
both,query,3.2233
both,query,4.0594
both,query,2.9411
both,query,3.4225
both,query,4.7711
both,query,5.1126
both,query,3.9454
both,query,6.8844
both,query,1.8528
both,query,3.4095
both,query,1.8804
both,query,9.6413
both,query,8.1574
both,query,2.3719
both,query,3.7353
both,query,8.9805
both,query,2.8575
both,query,6.3267
both,query,4.0229
both,query,6.9925
both,query,4.4674
both,query,9.4951
both,query,5.8001
both,query,4.8353
both,query,2.1419
both,query,3.2977
both,query,2.1648
both,query,3.8051
both,query,5.5453
both,query,3.1718
both,query,4.4002
both,query,4.7083
both,query,4.7546
both,query,4.4105
both,query,3.7092
both,query,3.0216
both,query,3.0862
both,query,3.5683
both,query,5.4012
both,query,2.6911
both,query,5.0947
both,query,6.2878
both,query,4.1418
both,query,4.0960
both,query,6.3399
both,query,6.6466
both,query,4.1218
both,query,2.9631
both,query,4.8882
both,query,2.5382
both,query,3.7799
both,query,4.5345
both,query,6.0059
both,query,6.8827
both,query,4.7344
both,query,4.2415
both,query,4.6861
both,query,5.1690
both,query,3.7698
both,query,10.7428
both,query,5.0596
both,query,4.2369
both,query,3.3151
both,query,3.8346
both,query,1.7550
both,query,3.7808
both,query,4.5144
both,query,2.3503
both,query,3.6274
both,query,5.5871
both,query,3.4998
both,query,5.9700
both,query,7.9664
both,query,6.5093
both,query,4.7681
both,query,6.9690
both,query,4.9806
both,query,7.7310
both,query,5.9903
both,query,2.6224
both,query,6.4234
both,query,4.1340
both,query,7.9282
both,query,4.7469
both,query,4.8909
both,query,4.8915
both,query,4.1679
both,query,5.2417
both,query,3.3127
both,query,5.7876
both,query,3.7702
both,query,7.0502
both,query,4.1796
both,query,1.1997
both,query,3.3535
both,query,1.6257
both,query,1.8806
both,query,4.9254
both,query,7.1435
both,query,4.2465
both,query,3.5757
both,query,3.5398
both,query,4.8981
both,query,2.9782
both,query,3.2180
both,query,5.2913
both,query,3.5600
both,query,5.1342
both,query,2.3166
both,query,1.9702
both,query,1.8186
both,query,9.0379
both,query,3.0827
both,query,5.6818
both,query,2.9480
both,query,7.4175
both,query,4.4839
both,query,4.2066
both,query,3.9981
both,query,3.1935
both,query,8.8768
both,query,2.2229
both,query,5.7137
both,query,4.4358
both,query,2.5837
both,query,3.2899
both,query,8.2703
both,query,3.2342
both,query,3.1488
both,query,2.3465
both,query,4.5715
both,query,5.8160
both,query,17.0382
both,query,8.5963
both,query,6.7747
both,query,8.2186
both,query,16.4873
both,query,4.3870
both,query,3.3438
both,query,11.4739
both,query,5.5980
both,query,7.5278
both,query,7.0581
both,query,3.2719
both,query,3.3831
both,query,5.5083
both,query,6.7169
both,query,3.2394
both,query,4.8963
both,query,4.9795
both,query,9.4511
both,query,3.5089
both,query,4.1660
both,query,4.1267
both,query,9.6160
both,query,6.1643
both,query,6.9883
both,query,4.0874
both,query,6.6132
both,query,3.6753
both,query,7.1371
both,query,8.1672
both,query,5.1989
both,query,3.6598
both,query,3.3523
both,query,2.7831
both,query,3.9291
both,query,5.1801
both,query,5.1535
both,query,6.2890
both,query,7.2230
both,query,6.6237
both,query,20.1176
both,query,2.4603
both,query,6.0483
both,query,6.7616
both,query,4.1597
both,query,3.9790
both,query,5.0737
both,query,3.9687
both,query,5.1233
both,query,5.5198
both,query,3.8004
both,query,4.7331
both,query,6.1953
both,query,4.0976
both,query,4.8098
both,query,2.7532
both,query,4.6773
both,query,5.2252
both,query,2.9271
both,query,3.6079
both,query,4.9503
both,query,4.0503
both,query,3.6626
both,query,3.3161
both,query,2.3883
both,query,6.0829
both,query,9.4342
both,query,4.1446
both,query,2.2780
both,query,1.9672
both,query,4.4549
both,query,2.7820
both,query,2.9118
both,query,2.8454
both,query,7.3831
both,query,5.8815
both,query,3.1930
both,query,5.4275
both,query,2.8427
both,query,3.8706
both,query,3.9415
both,query,5.0799
both,query,5.3116
both,query,8.4782
both,query,1.7926
both,query,7.0193
both,query,2.8547
both,query,4.8349
both,query,6.1801
both,query,4.4897
both,query,4.0712
both,query,6.2056
both,query,6.3076
both,query,4.1659
both,query,2.4732
both,query,3.4321
both,query,3.7706
both,query,4.6111
both,query,5.4952
both,query,7.9639
both,query,5.5898
both,query,10.2339
both,query,3.8194
both,query,5.3495
both,query,5.3318
both,query,2.2196
both,query,5.1513
both,query,5.3377
both,query,3.7746
both,query,8.3007
both,query,2.7039
both,query,9.4207
both,query,3.2471
both,query,7.3396
both,query,2.6801
both,query,4.6174
both,query,5.8029
both,query,4.2015
both,query,3.8314
both,query,4.7040
both,query,3.6962
both,query,2.3298
both,query,4.0495
both,query,3.7256
both,query,7.1939
both,query,6.7043
both,query,4.4670
both,query,3.9714
both,query,8.7945
both,query,4.2379
both,query,4.4236
both,query,9.2577
both,query,10.0890
both,query,4.1594
both,query,3.2354
both,query,4.4251
both,query,3.6645
both,query,1.6343
both,query,7.8273
both,query,2.5424
both,query,8.0325
both,query,8.4607
both,query,3.2309
both,query,4.6135
both,query,4.5511
both,query,2.6082
both,query,6.5494
both,query,4.0137
both,query,4.5483
both,query,4.5873
both,query,4.2568
both,query,4.1224
both,query,5.1421
both,query,6.0638
both,query,5.2179
both,query,8.1737
both,query,5.1850
both,query,13.4413
both,query,4.5664
both,query,5.9036
both,query,5.3378
both,query,4.6208
both,query,4.1915
both,query,5.6265
both,query,2.1059
both,query,2.1018
both,query,10.3911
both,query,4.7729
both,query,6.2326
both,query,2.3548
both,query,7.1777
both,query,7.7321
both,query,5.3699
both,query,8.9217
both,query,3.1269
both,query,3.5099
both,query,3.7639
both,query,2.9416
both,query,4.5934
both,query,3.2737
both,query,2.9756
both,query,2.9393
both,query,3.9188
both,query,3.7549
both,query,4.8722
both,query,4.2869
both,query,5.2562
both,query,7.2201
both,query,2.6805
both,query,6.3088
both,query,5.4047
both,query,2.9322
both,query,2.2789
both,query,3.0361
both,query,6.1453
both,query,1.9165
both,query,5.2538
both,query,2.9214
both,query,6.8848
both,query,1.5031
both,query,2.2902
both,query,7.6619
both,query,1.8116
both,query,3.3486
both,query,2.5414
both,query,2.8818
both,query,3.7739
both,query,7.2110
both,query,4.4710
both,query,6.7568
both,query,2.6679
both,query,5.4479
both,query,6.3613
both,query,12.5438
both,query,5.4440
both,query,4.1670
both,query,3.1348
both,query,3.4583
both,query,2.6935
both,query,3.5242
both,query,5.2242
both,query,5.6009
both,query,9.6448
both,query,5.3086
both,query,7.4172
both,query,5.0337
both,query,4.6528
both,query,6.3428
both,query,2.9395
both,query,5.5377
both,query,6.3084
both,query,3.0049
both,query,7.0175
both,query,5.7623
both,query,6.2938
both,query,3.5807
both,query,5.0002
both,query,4.4619
both,query,6.6208
both,query,4.9902
both,query,5.4431
both,query,7.8668
both,query,5.2278
both,query,4.9188
both,query,3.9624
both,query,10.7056
both,query,8.1567
both,query,4.0997
both,query,4.2774
both,query,3.8072
both,query,4.4744
both,query,4.3302
both,query,8.3139
both,query,5.5073
both,query,4.9073
both,query,3.8537
both,query,3.7690
both,query,6.8100
both,query,4.5461
both,query,3.7603
both,query,5.4763
both,query,4.0653
both,query,4.1695
both,query,4.8427
both,query,2.5184
both,query,3.8981
both,query,5.4974
both,query,39.3603
both,query,1.4773
both,query,4.8720
both,query,3.2470
both,query,6.6377
both,query,3.0121
both,query,3.8310
both,query,2.7940
both,query,2.9461
both,query,1.4256
both,query,3.0084
both,query,2.2570
both,query,6.1681
both,query,4.5694
both,query,1.6030
both,query,3.5917
both,query,3.8806
both,query,5.0793
both,query,6.5903
both,query,6.8867
both,query,10.3030
both,query,4.5452
both,query,6.0656
both,query,7.8991
both,query,4.5592
both,query,2.3369
both,query,4.2600
both,query,5.2494
both,query,2.3863
both,query,4.2333
both,query,2.0264
both,query,7.0929
both,query,3.9738
both,query,10.1480
both,query,6.7386
both,query,1.7622
both,query,4.0578
both,query,2.4190
both,query,10.3915
both,query,4.7173
both,query,8.8856
both,query,4.0700
both,query,5.0410
both,query,3.3091
both,query,6.0345
both,query,3.9587
both,query,4.9897
both,query,15.4798
both,query,2.4674
both,query,3.4817
both,query,4.0286
both,query,3.8258
both,query,2.3804
both,query,3.1328
both,query,4.1252
both,query,4.7167
both,query,3.1067
both,query,4.0913
both,query,4.6899
both,query,3.3896
both,query,7.5017
both,query,8.3406
both,query,6.4657
both,query,3.5862
both,query,5.1256
both,query,2.1537
both,query,2.4817
both,query,5.0347
both,query,2.6017
both,query,4.5726
both,query,6.7399
both,query,6.7984
both,query,3.1297
both,query,15.2694
both,query,18.4389
both,query,4.2507
both,query,2.9851
both,query,1.8644
both,query,2.0411
both,query,9.4381
both,query,5.6697
both,query,4.7968
both,query,4.5436
both,query,2.9605
both,query,6.9926
both,query,5.7361
both,query,4.8926
both,query,4.1055
both,query,4.8252
both,query,21.1744
both,query,3.6556
both,query,3.6181
both,query,3.6934
both,query,4.7069
both,query,3.7221
both,query,4.9794
both,query,1.6603
both,query,1.6096
both,query,6.1927
both,query,4.1226
both,query,4.2419
both,query,2.5548
both,query,4.4820
both,query,3.2383
both,query,8.5327
both,query,3.7385
both,query,9.4802
both,query,2.5987
both,query,4.6273
both,query,1.4997
both,query,6.0345
both,query,3.1056
both,query,9.0332
both,query,3.4592
both,query,2.5646
both,query,3.3794
both,query,4.1537
both,query,4.4965
both,query,5.7880
both,query,3.9374
both,query,1.9000
both,query,3.0628
both,query,2.9457
both,query,6.4029
both,query,2.2853
both,query,3.6047
both,query,3.3671
both,query,6.6954
both,query,13.9013
both,query,2.2525
both,query,3.7056
both,query,3.5309
both,query,3.3301
both,query,7.5857
both,query,7.0562
both,query,2.7409
both,query,4.2841
both,query,4.2681
both,query,4.6309
both,query,15.0105
both,query,4.1391
both,query,4.2032
both,query,4.7220
both,query,5.3808
both,query,3.7137
both,query,6.5982
both,query,6.2602
both,query,2.5641
both,query,4.0569
both,query,5.4381
both,query,1.5505
both,query,2.6782
both,query,5.2410
both,query,5.7006
both,query,5.4332
both,query,3.3504
both,query,5.0065
both,query,2.4687
both,query,3.6924
both,query,4.9247
both,query,6.3093
both,query,2.5216
both,query,8.2402
both,query,4.3122
both,query,3.9602
both,query,14.8199
both,query,5.9479
both,query,4.3794
both,query,4.4333
both,query,3.8851
both,query,3.8604
both,query,4.2809
both,query,2.8954
both,query,7.0296
both,query,12.0299
both,query,4.1242
both,query,6.2580
both,query,2.9652
both,query,3.2998
both,query,4.4599
both,query,4.5048
both,query,4.7966
both,query,6.1085
both,query,6.3737
both,query,6.9094
both,query,5.3126
both,query,5.7639
both,query,2.9846
both,query,5.3179
both,query,4.7314
both,query,4.1618
both,query,6.8113
both,query,5.2936
both,query,5.0753
both,query,4.2342
both,query,4.0344
both,query,4.9910
both,query,5.1930
both,query,3.5614
both,query,7.3854
both,query,2.0661
both,query,5.7571
both,query,5.6483
both,query,9.7464
both,query,3.8441
both,query,2.9565
both,query,5.4991
both,query,4.2307
both,query,4.3787
both,query,2.5808
both,query,1.4848
both,query,2.3642
both,query,12.2524
both,query,3.1849
both,query,4.7958
both,query,5.3976
both,query,2.6347
both,query,3.6166
both,query,3.1029
both,query,3.8890
both,query,2.9260
both,query,2.5838
both,query,4.0545
both,query,2.6522
both,query,6.0796
both,query,2.6882
both,query,3.9871
both,query,7.5960
both,query,1.4985
both,query,11.5655
both,query,4.8811
both,query,2.4409
both,query,1.9590
both,query,5.2882
both,query,4.7758
both,query,4.2836
both,query,3.7772
both,query,7.0996
both,query,1.9793
both,query,4.4415
both,query,9.4237
both,query,6.1643
both,query,1.7840
both,query,4.7908
both,query,4.5869
both,query,5.8882
both,query,2.6991
both,query,5.4481
both,query,6.0108
both,query,3.4879
both,query,3.6616
both,query,3.6224
both,query,6.4568
both,query,4.6186
both,query,4.8444
both,query,5.6361
both,query,3.1766
both,query,2.5232
both,query,4.3371
both,query,4.3191
both,query,10.4014
both,query,5.9446
both,query,4.3274
both,query,6.6718
both,query,3.4537
both,query,3.3053
both,query,6.6079
both,query,4.9839
both,query,5.7672
both,query,1.6257
both,query,3.3761
both,query,5.6751
both,query,3.6607
both,query,4.4722
both,query,4.4129
both,query,6.1618
both,query,5.5544
both,query,1.8635
both,query,3.2477
both,query,3.1702
both,query,3.2246
both,query,3.0283
both,query,6.0549
both,query,4.0268
both,query,5.0689
both,query,4.2985
both,query,5.9231
both,query,4.8174
both,query,3.8107
both,query,5.5491
both,query,2.8509
both,query,4.1353
both,query,8.0542
both,query,5.3730
both,query,4.2322
both,query,5.1522
both,query,4.4015
both,query,4.2238
both,query,3.7784
both,query,6.5643
both,query,4.8982
both,query,5.6517
both,query,1.6300
both,query,2.0286
both,query,1.4075
both,query,6.1456
both,query,4.1022
both,query,5.8962
both,query,4.3122
both,query,5.0380
both,query,6.1251
both,query,5.7297
both,query,6.5113
both,query,3.0946
both,query,3.7448
both,query,3.4358
both,query,7.2392
both,query,7.7215
both,query,5.6877
both,query,5.6765
both,query,4.3429
both,query,3.2563
both,query,4.7519
both,query,4.5304
both,query,4.7987
both,query,7.7446
both,query,4.4394
both,query,6.7470
both,query,4.1824
both,query,3.7674
both,query,6.1442
both,query,3.4441
both,query,7.8776
both,query,8.3981
both,query,7.9075
both,query,2.8537
both,query,11.2832
both,query,11.1004
both,query,19.0821
both,query,4.0751
both,query,5.2445
both,query,6.3295
both,query,3.8449
both,query,3.9959
both,query,3.2311
both,query,5.4294
both,query,7.1427
both,query,4.9003
both,query,2.5187
both,query,1.9158
both,query,3.2000
both,query,4.4197
both,query,2.8514
both,query,3.6123
both,query,8.9311
both,query,5.5713
both,query,5.5860
both,query,4.9995
both,query,5.3840
both,query,6.8508
both,query,3.0527
both,query,7.3742
both,query,3.8450
both,query,4.0244
both,query,2.4043
both,query,5.2979
both,query,4.5075
both,query,4.2936
both,query,5.5012
both,query,4.6887
both,query,2.3957
both,query,3.4427
both,query,5.5668
both,query,1.6594
both,query,7.9656
both,query,9.6511
both,query,4.6553
both,query,5.3923
both,query,2.7961
both,query,4.6058
both,query,5.0671
both,query,5.5018
both,query,4.8355
both,query,4.7155
both,query,4.0523
both,query,1.1832
both,query,3.4728
both,query,14.2039
both,query,5.3011
both,query,3.8786
both,query,4.3200
both,query,7.2115
both,query,3.8007
both,query,4.0504
both,query,2.9243
both,query,2.2595
both,query,3.3516
both,query,3.6930
both,query,6.6930
both,query,1.7254
both,query,1.8984
both,query,16.8798
both,query,8.2152
both,query,2.6778
both,query,6.4871
both,query,4.6215
both,query,10.6628
both,query,9.7337
both,query,1.6182
both,query,8.8757
both,query,5.4988
both,query,2.7414
both,query,2.2106
both,query,4.5256
both,query,6.0457
both,query,3.8602
both,query,3.4979
both,query,7.3235
both,query,5.8825
both,query,10.1399
both,query,7.4940
both,query,12.8648
both,query,1.3207
both,query,2.1353
both,query,1.1897
both,query,1.5787
both,query,3.0858
both,query,2.5647
both,query,3.7894
both,query,4.7352
both,query,2.9580
both,query,2.0151
both,query,2.9892
both,query,17.2356
both,query,5.0668
both,query,4.7395
both,query,5.3710
both,query,1.8681
both,query,5.1793
both,query,4.6207
both,query,15.2841
both,query,7.4937
both,query,5.2216
both,query,6.6489
both,query,5.7220
both,query,9.9022
both,query,7.2150
both,query,7.9057
both,query,1.5914
both,query,1.6647
both,query,1.4350
both,query,3.9415
both,query,2.6488
both,query,4.6150
both,query,7.0669
both,query,6.6638
both,query,5.7175
both,query,4.9584
both,query,4.9442
both,query,5.2068
both,query,5.2656
both,query,8.3910
both,query,3.6768
both,query,4.6295
both,query,3.4913
both,query,3.2616
both,query,4.7605
both,query,8.2399
both,query,1.8048
both,query,2.0258
both,query,6.5635
both,query,4.7775
both,query,2.9019
both,query,4.1745
both,query,4.0535
both,query,6.7649
both,query,1.5517
both,query,2.7996
both,query,6.9080
both,query,7.2110
both,query,6.7307
both,query,6.6984
both,query,5.1713
both,query,4.2269
both,query,3.2688
both,query,5.5257
both,query,4.3552
both,query,5.3652
both,query,11.1976
both,query,6.6940
both,query,2.5783
both,query,2.2177
both,query,2.4840
both,query,4.5814
both,query,4.6561
both,query,4.6583
both,query,4.1709
both,query,2.8631
both,query,3.1363
both,query,5.7453
both,query,5.5380
both,query,1.1968
both,query,13.5849
both,query,4.1593
both,query,7.5388
both,query,2.9636
both,query,1.9095
both,query,3.0524
both,query,3.7296
both,query,2.8233
both,query,3.9117
both,query,5.0591
both,query,4.2434
both,query,3.0290
both,query,3.3129
both,query,4.0766
both,query,1.3990
both,query,2.4506
both,query,2.3291
both,query,6.6782
both,query,4.4458
both,query,4.1010
both,query,4.9523
both,query,5.7604
both,query,3.8914
both,query,4.7358
both,query,2.3953
both,query,3.4701
both,query,4.3344
both,query,6.7848
both,query,3.6995
both,query,3.3564
both,query,3.5332
both,query,4.6305
both,query,9.7073
both,query,3.8140
both,query,4.5507
both,query,3.4866
both,query,7.9924
both,query,7.8560
both,query,11.3993
both,query,8.1926
both,query,4.9731
both,query,3.8674
both,query,3.2318
both,query,6.5531
both,query,3.9565
both,query,1.8327
both,query,4.0951
both,query,5.2739
both,query,5.3616
both,query,4.5652
both,query,3.4122
both,query,4.5299
both,query,3.0735
both,query,2.4538
both,query,6.1822
both,query,1.7835
both,query,5.5317
both,query,5.7016
both,query,1.3240
both,query,11.1442
both,query,9.0304
both,query,4.9802
both,query,4.8952
both,query,4.4474
both,query,4.1316
both,query,4.6601
both,query,7.8164
both,query,3.9996
both,query,1.9270
both,query,4.3391
both,query,4.8288
both,query,3.6302
both,query,2.6801
both,query,5.1401
both,query,8.5097
both,query,8.8308
both,query,2.3703
both,query,8.8162
both,query,3.6714
both,query,4.0888
both,query,2.7505
both,query,5.0674
both,query,3.1002
both,query,3.8198
both,query,2.3066
both,query,5.7049
both,query,4.2769
both,query,2.9842
both,query,5.5644
both,query,4.1262
both,query,5.8200
both,query,4.0678
both,query,1.6661
both,query,3.7774
both,query,4.4315
both,query,4.1865
both,query,8.4651
both,query,4.1566
both,query,2.3866
both,query,43.9234
both,query,2.9291
both,query,3.9150
both,query,3.1745
both,query,3.1753
both,query,2.5021
both,query,7.5094
both,query,6.0649
both,query,1.9860
both,query,6.5138
both,query,2.5983
both,transaction,68.1660
both,transaction,68.5898
both,transaction,62.3346
both,transaction,41.4359
both,transaction,36.1631
both,transaction,44.8662
both,transaction,31.1951
both,transaction,20.6905
both,transaction,40.7227
both,transaction,51.0855
both,transaction,34.8243
both,transaction,36.1527
both,transaction,26.3099
both,transaction,39.3411
both,transaction,32.1847
both,transaction,30.4574
both,transaction,27.7579
both,transaction,34.4768
both,transaction,35.9312
both,transaction,44.8700
both,transaction,30.0589
both,transaction,42.4761
both,transaction,55.1442
both,transaction,31.9443
both,transaction,52.7858
both,transaction,29.5859
both,transaction,30.6808
both,transaction,26.4176
both,transaction,19.5858
both,transaction,43.8407
both,transaction,48.0063
both,transaction,41.7224
both,transaction,33.2255
both,transaction,44.4634
both,transaction,46.0781
both,transaction,43.2375
both,transaction,33.7188
both,transaction,23.9877
both,transaction,22.3395
both,transaction,30.1832
both,transaction,51.3154
both,transaction,31.8947
both,transaction,30.7661
both,transaction,33.1768
both,transaction,35.0774
both,transaction,35.5967
both,transaction,38.6041
both,transaction,46.0538
both,transaction,44.9064
both,transaction,42.4249
both,transaction,24.7726
both,transaction,26.1575
both,transaction,32.1938
both,transaction,28.2543
both,transaction,38.2815
both,transaction,36.4481
both,transaction,21.2715
both,transaction,27.5483
both,transaction,44.2729
both,transaction,34.3963
both,transaction,19.5136
both,transaction,27.7904
both,transaction,31.3730
both,transaction,37.2009
both,transaction,49.9467
both,transaction,56.6752
both,transaction,36.7384
both,transaction,28.3701
both,transaction,35.6043
both,transaction,42.4541
both,transaction,34.9556
both,transaction,34.9286
both,transaction,22.8668
both,transaction,31.1835
both,transaction,37.2688
both,transaction,39.3080
both,transaction,39.3398
both,transaction,18.7562
both,transaction,29.3890
both,transaction,38.2212
both,transaction,40.2165
both,transaction,31.9578
both,transaction,49.1652
both,transaction,40.9137
both,transaction,41.9842
both,transaction,38.0669
both,transaction,36.0567
both,transaction,32.2837
both,transaction,82.9874
both,transaction,66.1559
both,transaction,34.7974
both,transaction,26.0022
both,transaction,36.1369
both,transaction,29.3663
both,transaction,44.2010
both,transaction,33.7973
both,transaction,27.6272
both,transaction,32.0026
both,transaction,28.9019
both,transaction,26.1271
both,transaction,95.6565
both,transaction,38.3707
both,transaction,54.4318
both,transaction,45.4252
both,transaction,37.3745
both,transaction,35.6347
both,transaction,13.0401
both,transaction,24.8083
both,transaction,33.9738
both,transaction,24.4021
both,transaction,25.3704
both,transaction,51.8923
both,transaction,43.7403
both,transaction,33.9517
both,transaction,35.3499
both,transaction,28.2668
both,transaction,36.8979
both,transaction,20.6296
both,transaction,29.9112
both,transaction,36.2734
both,transaction,32.0898
both,transaction,28.9580
both,transaction,42.5252
both,transaction,39.5467
both,transaction,45.7034
both,transaction,29.5148
both,transaction,22.9691
both,transaction,23.0215
both,transaction,34.5480
both,transaction,22.7084
both,transaction,50.5006
both,transaction,41.6972
both,transaction,38.5104
both,transaction,46.0705
both,transaction,43.1060
both,transaction,51.6452
both,transaction,32.0967
both,transaction,21.8851
both,transaction,36.3915
both,transaction,36.5036
both,transaction,35.1636
both,transaction,35.6869
both,transaction,41.0054
both,transaction,41.5182
both,transaction,35.0613
both,transaction,29.4333
both,transaction,40.9605
both,transaction,35.0240
both,transaction,46.6468
both,transaction,38.6475
both,transaction,46.0887
both,transaction,37.5941
both,transaction,25.5875
both,transaction,44.0112
both,transaction,29.0875
both,transaction,36.7024
both,transaction,38.3069
both,transaction,37.9293
both,transaction,36.8559
both,transaction,45.4405
both,transaction,38.5184
both,transaction,43.0358
both,transaction,44.1677
both,transaction,29.7244
both,transaction,43.9843
both,transaction,42.2294
both,transaction,45.5194
both,transaction,30.0214
both,transaction,35.4115
both,transaction,43.4339
both,transaction,40.0770
both,transaction,46.3855
both,transaction,46.3696
both,transaction,37.4528
both,transaction,52.2793
both,transaction,33.5088
both,transaction,29.6785
both,transaction,32.6460
both,transaction,22.8626
both,transaction,32.0194
both,transaction,38.4340
both,transaction,31.0292
both,transaction,34.5053
both,transaction,38.6541
both,transaction,32.2252
both,transaction,39.2896
both,transaction,25.1064
both,transaction,36.0478
both,transaction,19.8135
both,transaction,28.8150
both,transaction,53.8909
both,transaction,32.5301
both,transaction,26.9094
both,transaction,22.7168
both,transaction,24.9992
both,transaction,39.8044
both,transaction,40.0448
both,transaction,35.3945
both,transaction,18.1496
both,transaction,38.4740
both,transaction,87.5601
both,transaction,20.8748
both,transaction,38.4516
both,transaction,31.4126
both,transaction,38.4886
both,transaction,39.2925
both,transaction,30.6797
both,transaction,26.6417
both,transaction,40.1109
both,transaction,33.2635
both,transaction,32.1553
both,transaction,33.9686
both,transaction,41.3453
both,transaction,20.1120
both,transaction,35.1382
both,transaction,19.4546
both,transaction,40.0668
both,transaction,31.7475
both,transaction,41.2617
both,transaction,30.5012
both,transaction,37.1030
both,transaction,41.0795
both,transaction,43.6272
both,transaction,43.7726
both,transaction,49.1374
both,transaction,48.5791
both,transaction,28.3469
both,transaction,37.0874
both,transaction,32.3408
both,transaction,60.5779
both,transaction,40.7245
both,transaction,35.7302
both,transaction,24.2694
both,transaction,27.9572
both,transaction,32.0280
both,transaction,56.4862
both,transaction,48.6349
both,transaction,30.2710
both,transaction,36.7031
both,transaction,30.6952
both,transaction,27.5883
both,transaction,50.9494
both,transaction,41.5892
both,transaction,43.2625
both,transaction,47.5711
both,transaction,57.3437
both,transaction,38.0729
both,transaction,20.9077
both,transaction,43.5025
both,transaction,34.1466
both,transaction,46.1717
both,transaction,39.5038
both,transaction,38.6409
both,transaction,39.3330
both,transaction,39.1974
both,transaction,44.9970
both,transaction,40.5216
both,transaction,42.7860
both,transaction,44.2116
both,transaction,53.4888
both,transaction,45.5674
both,transaction,21.9230
both,transaction,27.9434
both,transaction,42.1447
both,transaction,23.0820
both,transaction,29.6072
both,transaction,36.6734
both,transaction,53.3362
both,transaction,19.6265
both,transaction,16.5164
both,transaction,47.9908
both,transaction,38.0497
both,transaction,40.8077
both,transaction,36.0936
both,transaction,40.8081
both,transaction,32.1105
both,transaction,39.6292
both,transaction,31.7282
both,transaction,40.3951
both,transaction,31.8700
both,transaction,31.4906
both,transaction,33.8489
both,transaction,34.6397
both,transaction,30.2337
both,transaction,32.6154
both,transaction,21.1147
both,transaction,24.4915
both,transaction,38.6347
both,transaction,41.3474
both,transaction,60.9988
both,transaction,100.4300
both,transaction,35.0443
both,transaction,46.0504
both,transaction,25.2161
both,transaction,34.6926
both,transaction,30.5908
both,transaction,28.6638
both,transaction,21.8359
both,transaction,28.5372
both,transaction,24.5545
both,transaction,103.7168
both,transaction,39.3195
both,transaction,35.1329
both,transaction,25.7209
both,transaction,34.7806
both,transaction,34.5071
both,transaction,36.0575
both,transaction,41.5988
both,transaction,37.0004
both,transaction,30.6857
both,transaction,49.6198
both,transaction,43.8123
both,transaction,44.9251
both,transaction,33.5060
both,transaction,32.8665
both,transaction,45.8703
both,transaction,37.1230
both,transaction,32.2252
both,transaction,38.1102
both,transaction,50.1715
both,transaction,36.9834
both,transaction,61.9674
both,transaction,55.1738
both,transaction,40.0223
both,transaction,34.2969
both,transaction,42.5547
both,transaction,37.5227
both,transaction,65.4631
both,transaction,34.6257
both,transaction,34.5876
both,transaction,43.8168
both,transaction,33.0775
both,transaction,29.3119
both,transaction,14.1637
both,transaction,25.2967
both,transaction,43.1143
both,transaction,58.3488
both,transaction,40.1215
both,transaction,34.7151
both,transaction,38.2957
both,transaction,21.1392
both,transaction,29.0928
both,transaction,48.4305
both,transaction,41.6720
both,transaction,47.7085
both,transaction,32.9569
both,transaction,47.3144
both,transaction,35.3509
both,transaction,35.3689
both,transaction,39.1620
both,transaction,30.3396
both,transaction,31.2934
both,transaction,42.4296
both,transaction,41.9557
both,transaction,41.1040
both,transaction,42.2237
both,transaction,34.3784
both,transaction,46.4126
both,transaction,50.7108
both,transaction,41.0337
both,transaction,52.8489
both,transaction,34.4337
both,transaction,51.2306
both,transaction,46.0703
both,transaction,38.2517
both,transaction,47.4602
both,transaction,38.0134
both,transaction,40.1086
both,transaction,37.2983
both,transaction,34.5087
both,transaction,34.3952
both,transaction,30.6732
both,transaction,34.5032
both,transaction,32.7902
both,transaction,27.5305
both,transaction,31.2403
both,transaction,39.4533
both,transaction,43.9954
both,transaction,23.3400
both,transaction,41.4601
both,transaction,34.6560
both,transaction,38.4384
both,transaction,75.4348
both,transaction,31.6236
both,transaction,6.2637
both,transaction,7.1425
both,transaction,16.9035
both,transaction,18.3930
both,transaction,18.8696
both,transaction,16.1644
both,transaction,24.8811
both,transaction,28.4691
both,transaction,39.0153
both,transaction,37.6929
both,transaction,46.1122
both,transaction,33.0106
both,transaction,34.0157
both,transaction,45.5861
both,transaction,23.1329
both,transaction,15.0422
both,transaction,102.1981
both,transaction,58.9698
both,transaction,33.1219
both,transaction,33.0157
both,transaction,36.4098
both,transaction,33.9276
both,transaction,31.9350
both,transaction,30.0349
both,transaction,44.5057
both,transaction,22.5681
both,transaction,31.9872
both,transaction,24.1516
both,transaction,32.2452
both,transaction,31.9527
both,transaction,38.1682
both,transaction,36.6186
both,transaction,44.5799
both,transaction,25.2232
both,transaction,28.0223
both,transaction,36.2698
both,transaction,44.0371
both,transaction,20.1702
both,transaction,40.8953
both,transaction,32.5284
both,transaction,45.1929
both,transaction,34.1706
both,transaction,49.3543
both,transaction,21.7773
both,transaction,31.8774
both,transaction,42.2211
both,transaction,37.7533
both,transaction,29.2837
both,transaction,42.6391
both,transaction,55.2282
both,transaction,44.5036
both,transaction,47.2533
both,transaction,44.2220
both,transaction,35.2971
both,transaction,36.4894
both,transaction,34.5233
both,transaction,48.0874
both,transaction,42.5007
both,transaction,33.7838
both,transaction,33.9294
both,transaction,35.1877
both,transaction,45.9422
both,transaction,45.7795
both,transaction,42.6692
both,transaction,41.7856
both,transaction,34.8961
both,transaction,31.5677
both,transaction,40.0942
both,transaction,29.4380
both,transaction,38.3072
both,transaction,30.3909
both,transaction,40.1503
both,transaction,41.9881
both,transaction,42.0155
both,transaction,39.3767
both,transaction,40.8352
both,transaction,49.8475
both,transaction,42.8307
both,transaction,43.8498
both,transaction,37.7279
both,transaction,42.4503
both,transaction,32.3005
both,transaction,33.6151
both,transaction,45.4753
both,transaction,46.3803
both,transaction,35.2804
both,transaction,29.9332
both,transaction,35.1522
both,transaction,40.7081
both,transaction,52.3442
both,transaction,30.5226
both,transaction,36.6132
both,transaction,33.4485
both,transaction,24.4622
both,transaction,29.7954
both,transaction,39.2522
both,transaction,41.5533
both,transaction,41.3857
both,transaction,37.9830
both,transaction,35.5178
both,transaction,35.4284
both,transaction,24.0654
both,transaction,22.1749
both,transaction,59.8186
both,transaction,47.4240
both,transaction,19.6742
both,transaction,29.1570
both,transaction,30.5104
both,transaction,34.5337
both,transaction,49.9340
both,transaction,53.1117
both,transaction,23.8467
both,transaction,33.7977
both,transaction,19.3965
both,transaction,24.8782
both,transaction,14.3788
both,transaction,137.4682
both,transaction,59.5115
both,transaction,42.4333
both,transaction,29.0255
both,transaction,37.7141
both,transaction,29.7981
both,transaction,38.2490
both,transaction,37.6414
both,transaction,35.3800
both,transaction,22.5337
both,transaction,37.0251
both,transaction,41.1125
both,transaction,32.1177
both,transaction,35.5860
both,transaction,44.9971
both,transaction,30.6195
both,transaction,36.6121
both,transaction,35.3970
both,transaction,52.0102
both,transaction,39.8735
both,transaction,39.9261
both,transaction,37.0545
both,transaction,25.3189
both,transaction,24.6467
both,transaction,40.0032
both,transaction,40.7151
both,transaction,49.0673
both,transaction,52.8355
both,transaction,26.0503
both,transaction,40.3604
both,transaction,27.5350
both,transaction,24.0298
both,transaction,40.6408
both,transaction,39.0445
both,transaction,45.1801
both,transaction,41.5964
both,transaction,24.6742
both,transaction,24.8889
both,transaction,31.9107
both,transaction,36.8589
both,transaction,40.3467
both,transaction,40.1138
both,transaction,25.3563
both,transaction,27.4089
both,transaction,34.1276
both,transaction,32.4091
both,transaction,42.7950
both,transaction,35.7313
both,transaction,43.1185
both,transaction,39.0071
both,transaction,30.8665
both,transaction,38.7853
both,transaction,40.9973
both,transaction,33.0709
both,transaction,38.5595
both,transaction,35.8864
both,transaction,28.3949
both,transaction,48.4667
both,transaction,39.4803
both,transaction,47.0051
both,transaction,42.2168
both,transaction,52.6745
both,transaction,39.6476
both,transaction,36.3405
both,transaction,29.3430
both,transaction,37.2479
both,transaction,32.4564
both,transaction,41.9934
both,transaction,47.2532
both,transaction,29.7340
both,transaction,32.3842
both,transaction,37.1993
both,transaction,30.7899
both,transaction,38.5354
both,transaction,36.1288
both,transaction,42.4474
both,transaction,32.7729
both,transaction,42.4132
both,transaction,38.3184
both,transaction,37.6022
both,transaction,36.4070
both,transaction,44.6568
both,transaction,31.9685
both,transaction,38.7049
both,transaction,34.4328
both,transaction,34.6305
both,transaction,49.6894
both,transaction,21.9504
both,transaction,59.1022
both,transaction,73.7988
both,transaction,35.0020
both,transaction,30.6959
both,transaction,27.0771
both,transaction,21.2489
both,transaction,29.1427
both,transaction,35.5068
both,transaction,35.7026
both,transaction,29.1641
both,transaction,15.5080
both,transaction,11.2762
both,transaction,95.6942
both,transaction,38.3533
both,transaction,32.2193
both,transaction,22.9991
both,transaction,28.6309
both,transaction,39.3821
both,transaction,25.1292
both,transaction,23.0928
both,transaction,45.7222
both,transaction,38.6793
both,transaction,53.9190
both,transaction,40.4293
both,transaction,41.9918
both,transaction,31.7619
both,transaction,30.8331
both,transaction,31.2291
both,transaction,57.1895
both,transaction,30.0983
both,transaction,36.3031
both,transaction,40.8274
both,transaction,48.6052
both,transaction,44.6926
both,transaction,48.1249
both,transaction,40.1157
both,transaction,42.0541
both,transaction,26.2263
both,transaction,21.6661
both,transaction,47.4455
both,transaction,28.7352
both,transaction,36.0745
both,transaction,35.8713
both,transaction,58.9154
both,transaction,46.1080
both,transaction,44.0731
both,transaction,45.2915
both,transaction,41.8627
both,transaction,47.3460
both,transaction,25.9185
both,transaction,43.1552
both,transaction,34.8450
both,transaction,30.9396
both,transaction,35.2490
both,transaction,25.5377
both,transaction,22.7080
both,transaction,24.8798
both,transaction,33.3019
both,transaction,32.0828
both,transaction,29.4915
both,transaction,50.8056
both,transaction,28.0366
both,transaction,39.3427
both,transaction,41.4722
both,transaction,25.8235
both,transaction,28.4662
both,transaction,30.6990
both,transaction,31.1540
both,transaction,32.6192
both,transaction,34.0596
both,transaction,28.1965
both,transaction,19.9654
both,transaction,34.1588
both,transaction,34.0684
both,transaction,52.0357
both,transaction,59.5310
both,transaction,61.6679
both,transaction,50.5956
both,transaction,21.7391
both,transaction,34.3356
both,transaction,42.2220
both,transaction,44.2457
both,transaction,54.3074
both,transaction,31.4243
both,transaction,31.3725
both,transaction,42.4989
both,transaction,38.5063
both,transaction,33.9375
both,transaction,36.6690
both,transaction,36.6608
both,transaction,37.2373
both,transaction,31.2681
both,transaction,23.2425
both,transaction,29.5610
both,transaction,43.0035
both,transaction,29.5619
both,transaction,31.9092
both,transaction,36.7115
both,transaction,43.0623
both,transaction,37.1295
both,transaction,33.6710
both,transaction,45.0829
both,transaction,44.0277
both,transaction,21.5603
both,transaction,22.2360
both,transaction,21.3890
both,transaction,31.4770
both,transaction,51.2746
both,transaction,38.4787
both,transaction,27.3055
both,transaction,20.1153
both,transaction,36.6364
both,transaction,136.3253
both,transaction,59.3687
both,transaction,42.6160
both,transaction,32.5130
both,transaction,25.8630
both,transaction,28.5706
both,transaction,22.2652
both,transaction,25.8335
both,transaction,28.4199
both,transaction,39.0009
both,transaction,42.7650
both,transaction,34.4186
both,transaction,27.3486
both,transaction,39.6022
both,transaction,33.3472
both,transaction,43.5929
both,transaction,26.4975
both,transaction,41.6683
both,transaction,37.8026
both,transaction,42.4525
both,transaction,37.7080
both,transaction,37.7301
both,transaction,57.0186
both,transaction,33.1115
both,transaction,22.4244
both,transaction,48.1597
both,transaction,31.9148
both,transaction,39.0809
both,transaction,45.0856
both,transaction,53.5861
both,transaction,47.9986
both,transaction,37.4345
both,transaction,53.2287
both,transaction,39.7483
both,transaction,32.7404
both,transaction,38.4765
both,transaction,33.2497
both,transaction,34.1752
both,transaction,47.2301
both,transaction,38.9769
both,transaction,35.3531
both,transaction,20.9634
both,transaction,21.6377
both,transaction,19.2488
both,transaction,26.9017
both,transaction,42.0468
both,transaction,41.6911
both,transaction,44.6768
both,transaction,27.7580
both,transaction,36.4770
both,transaction,21.3745
both,transaction,27.0056
both,transaction,30.2167
both,transaction,44.0682
both,transaction,37.6875
both,transaction,36.1131
both,transaction,43.5324
both,transaction,45.0437
both,transaction,31.8259
both,transaction,19.8335
both,transaction,46.8010
both,transaction,39.4489
both,transaction,52.4475
both,transaction,51.3039
both,transaction,36.8198
both,transaction,34.4006
both,transaction,46.2686
both,transaction,44.8684
both,transaction,42.2265
both,transaction,39.8184
both,transaction,41.7461
both,transaction,35.2788
both,transaction,39.1132
both,transaction,36.8119
both,transaction,41.1944
both,transaction,38.2699
both,transaction,40.9297
both,transaction,28.0354
both,transaction,48.0171
both,transaction,38.4965
both,transaction,41.7729
both,transaction,34.5146
both,transaction,29.6502
both,transaction,38.0130
both,transaction,72.6557
both,transaction,69.8609
both,transaction,33.9964
both,transaction,20.1576
both,transaction,17.6805
both,transaction,22.2999
both,transaction,52.7375
both,transaction,29.3736
both,transaction,67.6839
both,transaction,33.0476
both,transaction,38.5381
both,transaction,27.4474
both,transaction,23.3251
both,transaction,15.1489
both,transaction,5.9476
both,transaction,6.4161
both,transaction,108.3825
both,transaction,36.8551
both,transaction,21.1226
both,transaction,39.1230
both,transaction,41.6356
both,transaction,35.1777
both,transaction,40.7978
both,transaction,31.5228
both,transaction,25.1835
both,transaction,34.0128
both,transaction,37.5752
both,transaction,35.1413
both,transaction,46.5451
both,transaction,32.8919
both,transaction,32.9078
both,transaction,40.2162
both,transaction,47.3955
both,transaction,35.5112
both,transaction,35.2605
both,transaction,32.2630
both,transaction,30.9936
both,transaction,35.8543
both,transaction,39.4369
both,transaction,46.9945
both,transaction,24.0147
both,transaction,49.8985
both,transaction,42.1104
both,transaction,44.5661
both,transaction,47.6371
both,transaction,43.9507
both,transaction,54.2950
both,transaction,20.2231
both,transaction,34.6823
both,transaction,55.7037
both,transaction,41.2275
both,transaction,36.6784
both,transaction,37.9245
both,transaction,26.5774
both,transaction,41.6795
both,transaction,45.1001
both,transaction,43.9997
both,transaction,29.4851
both,transaction,41.6687
both,transaction,30.0916
both,transaction,32.0669
both,transaction,42.1384
both,transaction,37.4621
both,transaction,43.1370
both,transaction,44.1533
both,transaction,34.7378
both,transaction,32.4801
both,transaction,31.0110
both,transaction,22.3627
both,transaction,38.6589
both,transaction,38.1838
both,transaction,46.9151
both,transaction,29.1969
both,transaction,43.2576
both,transaction,40.0012
both,transaction,52.8072
both,transaction,27.1965
both,transaction,26.3955
both,transaction,42.4918
both,transaction,40.7043
both,transaction,41.7541
both,transaction,43.1788
both,transaction,29.5553
both,transaction,45.2987
both,transaction,43.6680
both,transaction,40.4106
both,transaction,42.2972
both,transaction,32.4659
both,transaction,27.9240
both,transaction,32.0747
both,transaction,31.6152
both,transaction,32.8713
both,transaction,30.8313
both,transaction,34.0906
both,transaction,22.6679
both,transaction,39.6300
both,transaction,41.7224
both,transaction,31.2419
both,transaction,41.1084
both,transaction,31.5769
both,transaction,38.5586
both,transaction,47.0473
both,transaction,53.1025
both,transaction,62.1341
both,transaction,25.6958
both,transaction,19.3629
both,transaction,36.0265
both,transaction,27.2410
both,transaction,36.8977
both,transaction,31.2208
both,transaction,26.7803
both,transaction,24.9761
both,transaction,38.5160
both,transaction,21.4401
both,transaction,22.0281
both,transaction,23.7790
both,transaction,118.9290
both,transaction,31.7625
both,transaction,32.2453
both,transaction,41.8071
both,transaction,42.8998
both,transaction,33.4842
both,transaction,36.2308
both,transaction,36.3794
both,transaction,37.5290
both,transaction,36.7674
both,transaction,45.0166
both,transaction,40.1425
both,transaction,34.5051
both,transaction,33.7295
both,transaction,48.4162
both,transaction,38.9472
both,transaction,37.5927
both,transaction,20.3998
both,transaction,40.7970
both,transaction,50.2669
both,transaction,39.7014
both,transaction,34.1340
both,transaction,42.5129
both,transaction,25.5638
both,transaction,22.5216
both,transaction,40.5042
both,transaction,28.8367
both,transaction,38.2156
both,transaction,45.2290
both,transaction,32.5467
both,transaction,57.8381
both,transaction,38.6461
both,transaction,42.2748
both,transaction,38.2179
both,transaction,46.1956
both,transaction,34.9753
both,transaction,38.0694
both,transaction,55.7918
both,transaction,52.1344
both,transaction,39.1200
both,transaction,19.2121
both,transaction,31.7598
both,transaction,35.7500
both,transaction,27.3415
both,transaction,36.9993
both,transaction,38.7926
both,transaction,36.8661
both,transaction,38.5300
both,transaction,43.0799
both,transaction,31.4537
both,transaction,42.5759
both,transaction,30.0225
both,transaction,30.0773
both,transaction,34.8325
both,transaction,39.1637
both,transaction,39.3253
both,transaction,35.7794
both,transaction,27.5902
both,transaction,44.4475
both,transaction,15.8310
both,transaction,35.2724
both,transaction,56.8652
both,transaction,44.2291
both,transaction,36.1968
both,transaction,26.9224
both,transaction,34.6403
both,transaction,30.5813
both,transaction,50.2624
both,transaction,44.1409
both,transaction,34.1472
both,transaction,43.0617
both,transaction,35.5674
both,transaction,49.6388
both,transaction,34.2234
both,transaction,35.1695
both,transaction,34.4817
both,transaction,36.0646
both,transaction,35.5530
both,transaction,42.7332
both,transaction,40.6216
both,transaction,41.8245
both,transaction,35.7770
both,transaction,32.8297
both,transaction,39.5839
both,transaction,23.1214
both,transaction,17.1230
both,transaction,50.8892
both,transaction,69.0279
both,transaction,40.5207
both,transaction,29.6882
both,transaction,29.2926
both,transaction,37.5754
both,transaction,30.0124
both,transaction,24.9061
both,transaction,44.2931
both,transaction,25.4810
both,transaction,37.7440
both,transaction,18.3176
both,transaction,19.8666
both,transaction,13.7390
both,transaction,99.3832
both,transaction,36.0652
both,transaction,30.1972
both,transaction,42.4615
both,transaction,32.0836
both,transaction,18.2693
both,transaction,34.4642
both,transaction,37.8621
both,transaction,36.0726
both,transaction,30.8329
both,transaction,43.3113
both,transaction,41.5948
both,transaction,32.1689
both,transaction,35.3167
both,transaction,33.5500
both,transaction,24.7122
both,transaction,33.3749
both,transaction,33.2356
both,transaction,38.7826
both,transaction,36.8054
both,transaction,39.1125
both,transaction,37.8041
both,transaction,41.4671
both,transaction,40.1474
both,transaction,46.0383
both,transaction,41.5323
both,transaction,42.7761
both,transaction,32.2330
both,transaction,39.5328
both,transaction,53.0539
both,transaction,42.8660
both,transaction,47.6760
both,transaction,38.1887
both,transaction,45.5483
both,transaction,41.0359
both,transaction,23.5053
both,transaction,27.1524
both,transaction,27.7245
both,transaction,32.5420
both,transaction,32.2089
both,transaction,41.7523
both,transaction,41.6617
both,transaction,36.0477
both,transaction,27.9211
both,transaction,31.5751
both,transaction,34.7192
both,transaction,42.8579
both,transaction,42.5185
both,transaction,51.9451
both,transaction,34.0022
both,transaction,38.7227
both,transaction,34.4620
both,transaction,36.4837
both,transaction,34.3280
both,transaction,29.3914
both,transaction,38.7566
both,transaction,40.4501
both,transaction,41.4717
both,transaction,44.6210
both,transaction,27.5872
both,transaction,44.7611
both,transaction,56.8427
both,transaction,44.0114
both,transaction,37.2690
both,transaction,58.0194
both,transaction,30.5633
both,transaction,36.7259
both,transaction,41.2251
both,transaction,42.7984
both,transaction,45.5284
both,transaction,38.1024
both,transaction,36.8695
both,transaction,27.8831
both,transaction,35.1805
both,transaction,25.7878
both,transaction,30.0882
both,transaction,38.4254
both,transaction,34.4136
both,transaction,35.1741
both,transaction,42.2344
both,transaction,36.3939
both,transaction,39.6190
both,transaction,15.7294
both,transaction,26.2977
both,transaction,30.3289
both,transaction,26.0414
both,transaction,44.3653
both,transaction,39.3297
both,transaction,56.5098
both,transaction,94.2694
both,transaction,28.8930
both,transaction,45.3957
both,transaction,33.0759
both,transaction,17.1748
both,transaction,31.6695
both,transaction,39.1959
both,transaction,32.9344
both,transaction,24.9509
both,transaction,25.6757
both,transaction,15.4960
both,transaction,129.6389
both,transaction,28.3898
both,transaction,37.3845
both,transaction,34.4619
both,transaction,40.4163
both,transaction,36.4890
both,transaction,25.6713
both,transaction,28.8745
both,transaction,30.3371
both,transaction,32.4156
both,transaction,31.4746
both,transaction,39.0372
both,transaction,40.9271
both,transaction,18.9073
both,transaction,38.1824
both,transaction,35.8130
both,transaction,33.8390
both,transaction,26.4633
both,transaction,25.4651
both,transaction,29.3478
both,transaction,39.7075
both,transaction,49.5848
both,transaction,48.3085
both,transaction,42.0919
both,transaction,39.7393
both,transaction,44.5032
both,transaction,25.7600
both,transaction,25.1181
both,transaction,37.1401
both,transaction,32.7633
both,transaction,39.2005
both,transaction,42.0412
both,transaction,47.0229
both,transaction,38.5118
both,transaction,48.0476
both,transaction,45.0505
both,transaction,38.1899
both,transaction,41.1483
both,transaction,58.3612
both,transaction,49.8931
both,transaction,31.1641
both,transaction,23.3885
both,transaction,26.3892
both,transaction,55.3622
both,transaction,25.4148
both,transaction,38.1822
both,transaction,47.8036
both,transaction,52.0379
both,transaction,34.0494
both,transaction,33.5696
both,transaction,53.1104
both,transaction,33.3152
both,transaction,30.5749
both,transaction,35.0814
both,transaction,34.0641
both,transaction,32.4514
both,transaction,43.1495
both,transaction,40.6752
both,transaction,39.2651
both,transaction,47.5410
both,transaction,50.6626
both,transaction,58.8031
both,transaction,39.6678
both,transaction,26.3936
both,transaction,31.6134
both,transaction,29.0186
both,transaction,39.8905
both,transaction,43.3921
both,transaction,24.8563
both,transaction,31.5827
both,transaction,43.8393
both,transaction,43.9442
both,transaction,36.4707
both,transaction,45.1507
both,transaction,24.5539
both,transaction,39.4914
both,transaction,21.7704
both,transaction,30.2471
both,transaction,36.6612
both,transaction,22.3545
both,transaction,39.2622
both,transaction,39.0111
both,transaction,37.1726
both,transaction,35.8829
both,transaction,37.0182
both,transaction,38.8800
both,transaction,31.9454
both,transaction,66.9383
both,transaction,31.1731
both,transaction,21.4167
both,transaction,14.8529
both,transaction,23.9685
both,transaction,25.9107
both,transaction,26.3398
both,transaction,33.6477
both,transaction,32.8973
both,transaction,27.4329
both,transaction,40.0505
both,transaction,21.2667
both,transaction,34.0553
both,transaction,102.1136
both,transaction,33.7430
both,transaction,31.5295
both,transaction,37.5008
both,transaction,30.3530
both,transaction,25.8181
both,transaction,32.7422
both,transaction,40.8249
both,transaction,35.0684
both,transaction,42.9050
both,transaction,40.2114
both,transaction,44.5115
both,transaction,43.4095
both,transaction,35.3583
both,transaction,33.1417
both,transaction,32.0626
both,transaction,33.8993
both,transaction,26.7386
both,transaction,38.1921
both,transaction,39.2336
both,transaction,55.6036
both,transaction,39.1418
both,transaction,49.1806
both,transaction,32.9968
both,transaction,31.1716
both,transaction,37.7859
both,transaction,23.2961
both,transaction,30.5098
both,transaction,35.9227
both,transaction,36.5253
both,transaction,40.4654
both,transaction,29.0824
both,transaction,32.5811
both,transaction,32.6256
both,transaction,51.8345
both,transaction,36.0925
both,transaction,28.4271
both,transaction,42.5087
both,transaction,32.5278
both,transaction,20.9369
both,transaction,39.1439
both,transaction,39.6483
both,transaction,37.9790
both,transaction,32.2890
both,transaction,32.3600
both,transaction,31.8179
both,transaction,34.1670
both,transaction,39.0655
both,transaction,43.2801
both,transaction,49.2582
both,transaction,44.5938
both,transaction,33.4444
both,transaction,44.8174
both,transaction,42.0748
both,transaction,26.7095
both,transaction,34.2694
both,transaction,34.1917
both,transaction,42.7773
both,transaction,29.7582
both,transaction,29.1611
both,transaction,36.6420
both,transaction,55.9327
both,transaction,59.1034
both,transaction,35.2189
both,transaction,48.9093
both,transaction,23.9775
both,transaction,28.1617
both,transaction,44.2161
both,transaction,34.7540
both,transaction,48.6287
both,transaction,42.6143
both,transaction,44.5284
both,transaction,38.7445
both,transaction,38.1073
both,transaction,35.7891
both,transaction,35.4342
both,transaction,38.4432
both,transaction,41.2060
both,transaction,39.9500
both,transaction,41.1684
both,transaction,35.7459
both,transaction,39.5404
both,transaction,31.7885
both,transaction,34.7566
both,transaction,34.4720
both,transaction,39.3317
both,transaction,20.9844
both,transaction,72.3218
both,transaction,47.5199
both,transaction,38.9785
both,transaction,20.0886
both,transaction,28.4000
both,transaction,25.5884
both,transaction,35.6709
both,transaction,31.4169
both,transaction,26.3698
both,transaction,29.9352
both,transaction,34.0016
both,transaction,23.0483
both,transaction,25.9762
both,transaction,102.7390
both,transaction,34.0990
both,transaction,23.0581
both,transaction,41.4342
both,transaction,39.2297
both,transaction,28.9006
both,transaction,46.1010
both,transaction,38.7577
both,transaction,30.1708
both,transaction,35.6543
both,transaction,44.2892
both,transaction,39.8612
both,transaction,46.7269
both,transaction,41.0468
both,transaction,36.9420
both,transaction,36.4927
both,transaction,24.4725
both,transaction,21.3433
both,transaction,25.8181
both,transaction,37.5883
both,transaction,21.3574
both,transaction,26.9438
both,transaction,47.7279
both,transaction,36.3735
both,transaction,39.8706
both,transaction,40.9444
both,transaction,27.5577
both,transaction,18.5181
both,transaction,31.5902
both,transaction,38.9381
both,transaction,31.0685
both,transaction,38.1689
both,transaction,41.4390
both,transaction,46.0818
both,transaction,43.2719
both,transaction,46.8152
both,transaction,22.6086
both,transaction,40.6993
both,transaction,31.9270
both,transaction,37.8536
both,transaction,28.5872
both,transaction,44.7187
both,transaction,46.6662
both,transaction,34.9450
both,transaction,46.5668
both,transaction,28.7693
both,transaction,29.8471
both,transaction,37.4155
both,transaction,41.3547
both,transaction,29.7104
both,transaction,46.5727
both,transaction,31.3386
both,transaction,38.1281
both,transaction,38.4099
both,transaction,37.0703
both,transaction,38.1626
both,transaction,38.7691
both,transaction,39.4261
both,transaction,37.7295
both,transaction,43.5998
both,transaction,40.1905
both,transaction,47.0466
both,transaction,59.5959
both,transaction,53.4909
both,transaction,31.8443
both,transaction,30.6770
both,transaction,38.0810
both,transaction,32.1284
both,transaction,46.6975
both,transaction,46.3156
both,transaction,35.7615
both,transaction,41.5808
both,transaction,36.7025
both,transaction,41.8085
both,transaction,39.7043
both,transaction,41.5341
both,transaction,31.9079
both,transaction,31.8860
both,transaction,38.1298
both,transaction,38.5226
both,transaction,29.2855
both,transaction,39.8894
both,transaction,45.1195
both,transaction,32.5842
both,transaction,32.1173
both,transaction,11.2550
both,transaction,37.7124
both,transaction,52.2690
both,transaction,126.7042
both,transaction,28.5383
both,transaction,30.0919
both,transaction,31.9553
both,transaction,47.6147
both,transaction,28.3352
both,transaction,24.4039
both,transaction,34.8099
both,transaction,26.9074
both,transaction,21.0499
both,transaction,16.3403
both,transaction,12.7087
both,transaction,109.5788
both,transaction,38.6560
both,transaction,31.1877
both,transaction,34.8991
both,transaction,27.4941
both,transaction,35.8096
both,transaction,36.6548
both,transaction,37.6334
both,transaction,33.1238
both,transaction,31.8681
both,transaction,44.5085
both,transaction,47.3810
both,transaction,38.2530
both,transaction,32.5867
both,transaction,30.8902
both,transaction,37.7015
both,transaction,41.8244
both,transaction,34.8657
both,transaction,31.0384
both,transaction,47.6699
both,transaction,40.0363
both,transaction,55.9279
both,transaction,53.1959
both,transaction,32.4183
both,transaction,32.6750
both,transaction,27.7266
both,transaction,32.1875
both,transaction,51.4571
both,transaction,60.8169
both,transaction,34.9283
both,transaction,41.8513
both,transaction,40.9201
both,transaction,46.7483
both,transaction,47.7745
both,transaction,41.3197
both,transaction,66.0553
both,transaction,29.2722
both,transaction,48.3610
both,transaction,32.6988
both,transaction,27.9309
both,transaction,36.6105
both,transaction,26.8776
both,transaction,33.4897
both,transaction,39.0941
both,transaction,28.6968
both,transaction,41.8307
both,transaction,39.0230
both,transaction,32.2872
both,transaction,31.7163
both,transaction,42.1897
both,transaction,34.0546
both,transaction,25.5362
both,transaction,35.1146
both,transaction,38.5236
both,transaction,19.7342
both,transaction,26.9733
both,transaction,40.4027
both,transaction,46.5140
both,transaction,48.7133
both,transaction,37.6577
both,transaction,48.0125
both,transaction,54.4042
both,transaction,57.7548
both,transaction,28.6358
both,transaction,31.2172
both,transaction,13.9263
both,transaction,14.1446
both,transaction,26.8314
both,transaction,51.3410
both,transaction,37.0432
both,transaction,42.3507
both,transaction,32.1281
both,transaction,38.0442
both,transaction,39.2354
both,transaction,31.6996
both,transaction,37.2552
both,transaction,26.9263
both,transaction,43.0278
both,transaction,39.1111
both,transaction,36.5025
both,transaction,39.5097
both,transaction,39.5877
both,transaction,37.4552
both,transaction,26.5512
both,transaction,36.1856
both,transaction,19.1109
both,transaction,28.8344
both,transaction,75.0558
both,transaction,34.6162
both,transaction,16.0296
both,transaction,29.5245
both,transaction,29.6583
both,transaction,25.9647
both,transaction,25.7069
both,transaction,34.5631
both,transaction,45.0287
both,transaction,35.5664
both,transaction,23.7192
both,transaction,27.9971
both,transaction,21.7017
both,transaction,116.0536
both,transaction,29.9387
both,transaction,28.3151
both,transaction,41.3966
both,transaction,41.6392
both,transaction,29.3153
both,transaction,38.9380
both,transaction,28.2750
both,transaction,23.6647
both,transaction,23.4124
both,transaction,25.7671
both,transaction,53.5760
both,transaction,36.4762
both,transaction,34.4937
both,transaction,33.0891
both,transaction,42.1813
both,transaction,45.1170
both,transaction,31.3247
both,transaction,31.0504
both,transaction,39.4500
both,transaction,40.3010
both,transaction,40.4236
both,transaction,52.5851
both,transaction,41.8182
both,transaction,28.6986
both,transaction,42.0402
both,transaction,26.7512
both,transaction,48.1266
both,transaction,38.9282
both,transaction,44.4480
both,transaction,37.3898
both,transaction,49.1234
both,transaction,26.3446
both,transaction,48.0029
both,transaction,34.6420
both,transaction,37.5182
both,transaction,36.2180
both,transaction,34.5427
both,transaction,11.2745
both,transaction,23.0667
both,transaction,44.0245
both,transaction,37.7571
both,transaction,33.2278
both,transaction,27.6290
both,transaction,29.9653
both,transaction,34.4236
both,transaction,47.1618
both,transaction,41.3558
both,transaction,41.0676
both,transaction,37.6922
both,transaction,44.4021
both,transaction,27.7051
both,transaction,36.0950
both,transaction,41.0330
both,transaction,29.2194
both,transaction,33.8447
both,transaction,38.9068
both,transaction,48.7373
both,transaction,43.1634
both,transaction,31.5296
both,transaction,34.2416
both,transaction,58.0036
both,transaction,57.1860
both,transaction,43.8284
both,transaction,43.3701
both,transaction,26.1384
both,transaction,22.5420
both,transaction,35.4151
both,transaction,45.2313
both,transaction,40.3963
both,transaction,20.8873
both,transaction,42.0586
both,transaction,37.1316
both,transaction,38.0865
both,transaction,48.2646
both,transaction,36.5446
both,transaction,43.0847
both,transaction,29.2908
both,transaction,26.5211
both,transaction,39.4509
both,transaction,28.0204
both,transaction,43.0075
both,transaction,40.3679
both,transaction,33.7230
both,transaction,38.8363
both,transaction,39.6238
both,transaction,72.1417
both,transaction,69.1512
both,transaction,26.8452
both,transaction,20.2127
both,transaction,30.2931
both,transaction,46.7964
both,transaction,33.7920
both,transaction,50.6634
both,transaction,31.9078
both,transaction,32.4664
both,transaction,28.4864
both,transaction,18.9152
both,transaction,20.7863
both,transaction,15.2940
both,transaction,116.3429
both,transaction,34.2342
both,transaction,20.1630
both,transaction,31.9656
both,transaction,31.9613
both,transaction,28.2960
both,transaction,29.9493
both,transaction,38.1522
both,transaction,25.3532
both,transaction,26.9219
both,transaction,33.5696
both,transaction,25.5662
both,transaction,35.7297
both,transaction,20.0086
both,transaction,38.8759
both,transaction,25.8366
both,transaction,39.0303
both,transaction,47.7804
both,transaction,26.9164
both,transaction,41.8592
both,transaction,21.9893
both,transaction,39.1779
both,transaction,49.4856
both,transaction,47.4748
both,transaction,48.5212
both,transaction,37.6504
both,transaction,18.9538
both,transaction,23.8749
both,transaction,30.2128
both,transaction,33.5601
both,transaction,43.4823
both,transaction,37.7973
both,transaction,49.7984
both,transaction,48.8418
both,transaction,30.3552
both,transaction,45.0863
both,transaction,48.2834
both,transaction,40.0519
both,transaction,38.5934
both,transaction,60.6298
both,transaction,31.9266
both,transaction,50.8747
both,transaction,39.8878
both,transaction,53.5997
both,transaction,23.8506
both,transaction,27.7773
both,transaction,36.9283
both,transaction,45.0087
both,transaction,48.4286
both,transaction,44.9646
both,transaction,31.4205
both,transaction,37.7745
both,transaction,26.3035
both,transaction,37.9564
both,transaction,36.4694
both,transaction,23.2145
both,transaction,36.3377
both,transaction,19.8252
both,transaction,36.9563
both,transaction,32.7554
both,transaction,41.4592
both,transaction,47.2146
both,transaction,45.2180
both,transaction,45.4459
both,transaction,52.5218
both,transaction,17.4257
both,transaction,28.3569
both,transaction,34.9480
both,transaction,26.3182
both,transaction,36.4074
both,transaction,27.7351
both,transaction,30.0211
both,transaction,39.8590
both,transaction,41.7096
both,transaction,36.8121
both,transaction,36.8655
both,transaction,34.9455
both,transaction,42.7717
both,transaction,39.5738
both,transaction,26.5081
both,transaction,28.9624
both,transaction,43.3115
both,transaction,35.1644
both,transaction,42.1474
both,transaction,38.0936
both,transaction,32.7998
both,transaction,33.9854
both,transaction,72.9903
both,transaction,46.1103
both,transaction,48.9172
both,transaction,17.1573
both,transaction,19.1260
both,transaction,26.4343
both,transaction,25.7438
both,transaction,26.1422
both,transaction,31.8165
both,transaction,40.4304
both,transaction,41.7859
both,transaction,29.0270
both,transaction,42.4857
both,transaction,104.4343
both,transaction,35.5432
both,transaction,37.6604
both,transaction,29.7619
both,transaction,29.2635
both,transaction,41.6596
both,transaction,37.1499
both,transaction,26.0416
both,transaction,29.8218
both,transaction,42.0543
both,transaction,41.6341
both,transaction,30.1310
both,transaction,46.5983
both,transaction,43.6625
both,transaction,31.8881
both,transaction,41.5985
both,transaction,50.0889
both,transaction,35.1097
both,transaction,30.9207
both,transaction,40.4922
both,transaction,41.7708
both,transaction,43.7810
both,transaction,48.8335
both,transaction,21.0691
both,transaction,41.1101
both,transaction,34.4172
both,transaction,54.1826
both,transaction,35.3945
both,transaction,42.5179
both,transaction,39.7821
both,transaction,42.4735
both,transaction,39.8236
both,transaction,54.4002
both,transaction,49.5622
both,transaction,39.6953
both,transaction,42.2893
both,transaction,21.9691
both,transaction,22.8927
both,transaction,15.2450
both,transaction,34.6873
both,transaction,33.3732
both,transaction,32.8282
both,transaction,37.7233
both,transaction,32.6070
both,transaction,32.3210
both,transaction,44.1702
both,transaction,44.8312
both,transaction,27.8769
both,transaction,32.0475
both,transaction,35.8799
both,transaction,29.9331
both,transaction,46.3865
both,transaction,29.1447
both,transaction,32.2643
both,transaction,37.4540
both,transaction,38.8650
both,transaction,45.8897
both,transaction,42.6828
both,transaction,40.3417
both,transaction,44.2143
both,transaction,44.0332
both,transaction,38.1584
both,transaction,33.3486
both,transaction,46.9474
both,transaction,27.4161
both,transaction,43.3691
both,transaction,30.0041
both,transaction,47.5447
both,transaction,44.1116
both,transaction,45.4725
both,transaction,33.5572
both,transaction,33.1965
both,transaction,39.4151
both,transaction,18.2396
both,transaction,20.7438
both,transaction,42.9491
both,transaction,33.8953
both,transaction,34.7127
both,transaction,28.1220
both,transaction,34.0990
both,transaction,37.2347
both,transaction,38.8643
both,transaction,25.9139
both,transaction,20.0596
both,transaction,18.3433
both,transaction,37.4098
both,transaction,38.6744
both,transaction,27.5436
both,transaction,23.9649
both,transaction,59.0205
both,transaction,40.7652
both,transaction,31.1256
both,transaction,24.3129
both,transaction,31.2276
both,transaction,41.9619
both,transaction,36.9775
both,transaction,45.0151
both,transaction,36.0192
both,transaction,46.7193
both,transaction,19.5829
both,transaction,102.0153
both,transaction,28.0281
both,transaction,53.0907
both,transaction,38.8148
both,transaction,39.2586
both,transaction,40.9659
both,transaction,32.4233
both,transaction,45.1459
both,transaction,25.5664
both,transaction,33.8354
both,transaction,34.7432
both,transaction,21.2590
both,transaction,25.8508
both,transaction,14.9773
both,transaction,27.7636
both,transaction,34.8922
both,transaction,38.7365
both,transaction,37.1968
both,transaction,28.4260
both,transaction,25.6696
both,transaction,33.0892
both,transaction,57.3436
both,transaction,40.4775
both,transaction,34.7666
both,transaction,55.0267
both,transaction,29.0299
both,transaction,23.4788
both,transaction,44.9556
both,transaction,45.7925
both,transaction,30.0738
both,transaction,38.3777
both,transaction,59.3225
both,transaction,44.1032
both,transaction,39.6557
both,transaction,50.4586
both,transaction,30.3618
both,transaction,29.7982
both,transaction,12.6139
both,transaction,22.9607
both,transaction,24.3848
both,transaction,62.7406
both,transaction,41.8177
both,transaction,34.0412
both,transaction,29.1690
both,transaction,32.2428
both,transaction,29.8005
both,transaction,37.7183
both,transaction,41.0539
both,transaction,36.0733
both,transaction,52.1523
both,transaction,34.9250
both,transaction,32.0898
both,transaction,27.1332
both,transaction,32.2894
both,transaction,38.9444
both,transaction,43.0528
both,transaction,27.9468
both,transaction,24.5416
both,transaction,38.0532
both,transaction,38.5707
both,transaction,33.2297
both,transaction,39.2613
both,transaction,31.6590
both,transaction,41.9703
both,transaction,40.7508
both,transaction,31.3787
both,transaction,36.3020
both,transaction,32.2424
both,transaction,43.7012
both,transaction,39.6904
both,transaction,48.3652
both,transaction,39.5153
both,transaction,34.0091
both,transaction,35.1087
both,transaction,36.0406
both,transaction,31.0883
both,transaction,39.7919
both,transaction,35.0041
both,transaction,28.8657
both,transaction,29.0927
both,transaction,33.5619
both,transaction,41.5562
both,transaction,40.3520
both,transaction,35.6350
both,transaction,38.2408
both,transaction,32.8183
both,transaction,27.9944
both,transaction,33.6042
both,transaction,64.3058
both,transaction,46.8974
both,transaction,22.5829
both,transaction,46.3573
both,transaction,26.4352
both,transaction,22.9647
both,transaction,28.5914
both,transaction,26.1051
both,transaction,37.4833
both,transaction,24.5670
both,transaction,21.6642
both,transaction,38.8970
both,transaction,121.4235
both,transaction,27.2740
both,transaction,26.8603
both,transaction,33.8319
both,transaction,31.6901
both,transaction,33.0154
both,transaction,27.7601
both,transaction,32.9902
both,transaction,41.6923
both,transaction,41.9216
both,transaction,53.7598
both,transaction,34.2776
both,transaction,26.1073
both,transaction,39.9939
both,transaction,33.1304
both,transaction,40.7107
both,transaction,29.2286
both,transaction,26.0204
both,transaction,35.8434
both,transaction,33.5825
both,transaction,62.5662
both,transaction,40.6845
both,transaction,49.3075
both,transaction,34.6284
both,transaction,28.4035
both,transaction,34.9272
both,transaction,40.1078
both,transaction,60.2473
both,transaction,43.2027
both,transaction,48.2279
both,transaction,38.9121
both,transaction,19.3503
both,transaction,42.8337
both,transaction,45.6193
both,transaction,47.2152
both,transaction,33.6807
both,transaction,36.7338
both,transaction,57.3901
both,transaction,46.3524
both,transaction,37.9888
both,transaction,28.6104
both,transaction,24.7222
both,transaction,31.9645
both,transaction,31.2267
both,transaction,36.1661
both,transaction,17.8154
both,transaction,27.7259
both,transaction,39.4784
both,transaction,13.1721
both,transaction,32.2800
both,transaction,35.1531
both,transaction,43.5477
both,transaction,30.0906
both,transaction,32.6855
both,transaction,31.4767
both,transaction,38.9177
both,transaction,34.4539
both,transaction,23.6179
both,transaction,33.8548
both,transaction,35.4392
both,transaction,32.6578
both,transaction,46.0769
both,transaction,50.7123
both,transaction,49.9350
both,transaction,48.4461
both,transaction,33.6891
both,transaction,34.2050
both,transaction,29.3078
both,transaction,30.9268
both,transaction,46.0193
both,transaction,23.0941
both,transaction,40.5684
both,transaction,37.2107
both,transaction,37.7040
both,transaction,26.6949
both,transaction,38.1118
both,transaction,39.7663
both,transaction,27.1385
both,transaction,42.8829
both,transaction,34.2372
both,transaction,41.9870
both,transaction,36.3655
both,transaction,30.2645
both,transaction,28.2639
both,transaction,41.6190
both,transaction,36.9020
both,transaction,44.2455
both,transaction,33.5790
both,transaction,39.7093
both,transaction,114.4429
both,transaction,22.6422
both,transaction,31.6176
both,transaction,37.4923
both,transaction,29.4265
both,transaction,33.6620
both,transaction,34.0279
both,transaction,40.1563
both,transaction,24.5718
both,transaction,28.1195
both,transaction,23.7812
alone,query,1.1903
alone,query,2.5312
alone,query,2.3471
alone,query,4.4473
alone,query,3.6029
alone,query,2.1456
alone,query,2.3243
alone,query,2.1708
alone,query,3.1593
alone,query,2.4834
alone,query,5.1402
alone,query,2.3249
alone,query,2.7046
alone,query,1.6121
alone,query,6.9544
alone,query,1.0033
alone,query,1.1138
alone,query,1.2209
alone,query,2.3270
alone,query,7.0721
alone,query,0.6108
alone,query,9.8946
alone,query,1.9705
alone,query,3.2470
alone,query,1.6390
alone,query,3.9717
alone,query,2.4136
alone,query,1.7827
alone,query,4.1403
alone,query,4.9325
alone,query,1.7514
alone,query,3.5130
alone,query,1.7248
alone,query,0.7897
alone,query,1.6507
alone,query,2.6615
alone,query,1.4319
alone,query,3.0332
alone,query,4.2257
alone,query,2.3652
alone,query,1.6985
alone,query,3.2135
alone,query,1.4913
alone,query,3.7596
alone,query,3.5526
alone,query,3.4198
alone,query,4.6247
alone,query,2.7601
alone,query,1.3314
alone,query,2.0458
alone,query,1.1079
alone,query,3.4673
alone,query,6.2669
alone,query,8.6321
alone,query,1.4485
alone,query,2.7563
alone,query,2.7078
alone,query,0.8120
alone,query,1.7742
alone,query,3.1992
alone,query,2.1708
alone,query,1.9781
alone,query,1.9864
alone,query,2.7146
alone,query,3.9008
alone,query,2.5392
alone,query,5.0875
alone,query,2.0611
alone,query,2.7580
alone,query,2.5283
alone,query,3.1274
alone,query,2.9454
alone,query,0.6048
alone,query,1.8381
alone,query,1.4638
alone,query,1.8043
alone,query,1.1335
alone,query,3.0249
alone,query,1.3234
alone,query,1.3748
alone,query,4.5197
alone,query,3.0655
alone,query,1.8619
alone,query,2.6715
alone,query,14.8205
alone,query,2.4944
alone,query,8.9767
alone,query,3.1424
alone,query,2.4990
alone,query,3.1868
alone,query,3.7093
alone,query,4.2529
alone,query,2.2212
alone,query,1.5694
alone,query,2.6721
alone,query,2.3911
alone,query,0.9350
alone,query,1.8314
alone,query,5.0002
alone,query,1.1972
alone,query,7.6219
alone,query,7.0892
alone,query,2.8184
alone,query,4.8785
alone,query,4.2363
alone,query,1.7908
alone,query,2.0928
alone,query,2.0441
alone,query,2.8463
alone,query,2.9378
alone,query,1.6623
alone,query,3.2518
alone,query,3.2108
alone,query,9.0838
alone,query,6.0221
alone,query,3.4325
alone,query,4.4922
alone,query,6.4396
alone,query,4.9822
alone,query,3.7024
alone,query,1.4127
alone,query,2.4959
alone,query,8.3147
alone,query,1.6343
alone,query,7.3294
alone,query,1.6049
alone,query,1.4504
alone,query,2.0414
alone,query,1.6665
alone,query,0.6051
alone,query,2.2999
alone,query,5.3906
alone,query,2.7689
alone,query,2.3785
alone,query,3.6486
alone,query,4.2091
alone,query,3.8225
alone,query,5.6457
alone,query,2.9033
alone,query,2.7405
alone,query,2.3666
alone,query,0.9903
alone,query,2.9259
alone,query,2.5946
alone,query,2.5203
alone,query,1.9512
alone,query,11.5817
alone,query,1.5103
alone,query,2.0535
alone,query,1.4552
alone,query,4.8553
alone,query,4.0358
alone,query,3.6190
alone,query,3.4724
alone,query,2.1029
alone,query,1.9990
alone,query,1.4092
alone,query,1.9007
alone,query,1.1534
alone,query,2.8371
alone,query,0.8309
alone,query,1.1794
alone,query,3.8861
alone,query,2.7054
alone,query,2.2181
alone,query,1.3677
alone,query,2.4343
alone,query,1.7381
alone,query,3.0036
alone,query,1.2324
alone,query,2.4139
alone,query,3.8338
alone,query,1.6357
alone,query,1.5932
alone,query,2.9955
alone,query,5.3393
alone,query,0.7098
alone,query,2.7148
alone,query,1.8535
alone,query,1.9792
alone,query,2.0332
alone,query,5.3124
alone,query,1.5061
alone,query,2.7808
alone,query,1.8426
alone,query,2.9354
alone,query,0.9360
alone,query,0.9898
alone,query,1.7503
alone,query,2.0220
alone,query,1.3909
alone,query,0.9079
alone,query,2.0758
alone,query,1.4686
alone,query,2.3754
alone,query,1.6644
alone,query,1.9142
alone,query,1.6009
alone,query,2.0436
alone,query,0.6749
alone,query,2.2883
alone,query,5.0003
alone,query,1.1179
alone,query,3.5550
alone,query,2.8677
alone,query,2.6288
alone,query,1.5974
alone,query,2.1965
alone,query,2.4069
alone,query,5.3114
alone,query,8.5633
alone,query,2.8545
alone,query,3.5001
alone,query,0.9848
alone,query,2.7718
alone,query,4.9405
alone,query,0.8818
alone,query,7.1511
alone,query,3.5438
alone,query,1.3490
alone,query,1.3405
alone,query,1.6996
alone,query,2.2071
alone,query,1.4006
alone,query,1.6159
alone,query,1.1271
alone,query,6.0964
alone,query,4.7568
alone,query,1.8299
alone,query,1.7337
alone,query,1.6118
alone,query,3.0621
alone,query,3.4199
alone,query,3.8387
alone,query,2.7293
alone,query,2.2886
alone,query,4.2432
alone,query,4.1179
alone,query,0.8162
alone,query,2.2930
alone,query,4.3768
alone,query,4.3760
alone,query,3.2317
alone,query,4.9055
alone,query,1.9589
alone,query,1.8617
alone,query,13.3462
alone,query,2.2109
alone,query,3.3318
alone,query,1.3395
alone,query,2.3140
alone,query,2.4960
alone,query,1.6493
alone,query,4.1323
alone,query,1.8648
alone,query,3.8138
alone,query,3.6251
alone,query,2.6525
alone,query,2.0935
alone,query,4.7431
alone,query,3.1535
alone,query,1.3794
alone,query,1.6564
alone,query,2.3871
alone,query,2.6841
alone,query,2.4477
alone,query,3.1431
alone,query,1.8683
alone,query,2.4889
alone,query,3.2083
alone,query,1.6261
alone,query,1.3405
alone,query,1.1493
alone,query,1.7972
alone,query,0.8692
alone,query,5.5550
alone,query,1.9485
alone,query,1.9456
alone,query,1.2252
alone,query,5.5402
alone,query,3.4975
alone,query,2.6314
alone,query,2.7839
alone,query,5.0022
alone,query,3.7374
alone,query,2.8051
alone,query,6.3065
alone,query,3.2754
alone,query,2.7990
alone,query,2.2907
alone,query,3.6384
alone,query,1.9867
alone,query,3.3379
alone,query,3.8615
alone,query,2.5195
alone,query,0.7903
alone,query,1.3095
alone,query,0.7992
alone,query,0.7709
alone,query,0.4791
alone,query,2.0717
alone,query,0.9457
alone,query,4.2344
alone,query,5.2472
alone,query,3.7054
alone,query,3.7444
alone,query,1.9401
alone,query,3.1032
alone,query,3.5766
alone,query,2.3737
alone,query,4.7209
alone,query,5.4728
alone,query,2.4226
alone,query,3.3744
alone,query,18.5413
alone,query,1.9642
alone,query,4.2255
alone,query,5.3117
alone,query,1.0649
alone,query,3.2787
alone,query,1.8768
alone,query,1.1471
alone,query,3.3108
alone,query,1.3563
alone,query,1.1746
alone,query,1.8792
alone,query,1.3623
alone,query,1.5562
alone,query,2.5507
alone,query,2.0776
alone,query,4.3424
alone,query,3.9769
alone,query,3.4857
alone,query,3.5679
alone,query,2.5142
alone,query,1.0017
alone,query,2.8969
alone,query,3.9629
alone,query,3.3769
alone,query,1.8728
alone,query,2.3626
alone,query,2.3653
alone,query,3.3613
alone,query,4.3896
alone,query,2.6658
alone,query,2.0481
alone,query,2.3961
alone,query,2.7253
alone,query,4.5957
alone,query,0.8031
alone,query,2.4495
alone,query,1.9411
alone,query,8.3541
alone,query,5.6257
alone,query,4.3074
alone,query,1.4653
alone,query,2.0817
alone,query,3.2702
alone,query,2.2323
alone,query,2.6733
alone,query,2.5854
alone,query,1.5800
alone,query,3.0536
alone,query,3.0321
alone,query,3.1178
alone,query,1.3664
alone,query,1.5606
alone,query,2.1059
alone,query,1.8153
alone,query,2.3719
alone,query,1.3918
alone,query,1.0247
alone,query,1.9083
alone,query,2.4397
alone,query,1.2208
alone,query,1.3983
alone,query,0.6392
alone,query,0.6298
alone,query,3.4567
alone,query,0.9702
alone,query,2.1586
alone,query,5.4218
alone,query,1.9865
alone,query,1.4707
alone,query,2.3669
alone,query,1.9863
alone,query,3.4979
alone,query,2.9153
alone,query,1.8734
alone,query,2.9437
alone,query,1.9457
alone,query,1.8440
alone,query,3.8585
alone,query,0.8413
alone,query,1.1569
alone,query,1.5568
alone,query,2.0547
alone,query,1.6217
alone,query,4.0420
alone,query,1.7616
alone,query,3.0925
alone,query,1.0883
alone,query,6.4730
alone,query,12.8351
alone,query,1.3649
alone,query,3.6997
alone,query,2.1807
alone,query,1.3391
alone,query,5.2031
alone,query,2.4211
alone,query,2.8122
alone,query,3.6646
alone,query,2.9076
alone,query,3.7987
alone,query,3.8156
alone,query,4.6525
alone,query,5.3417
alone,query,4.4342
alone,query,1.5719
alone,query,8.2242
alone,query,3.1240
alone,query,1.9473
alone,query,5.5289
alone,query,1.8883
alone,query,2.6926
alone,query,2.7341
alone,query,2.3023
alone,query,3.9468
alone,query,6.4828
alone,query,3.2970
alone,query,3.6808
alone,query,2.9192
alone,query,3.6642
alone,query,1.2143
alone,query,1.5424
alone,query,1.1609
alone,query,0.9908
alone,query,1.4303
alone,query,2.6925
alone,query,2.3901
alone,query,3.2104
alone,query,2.4161
alone,query,3.8280
alone,query,2.5033
alone,query,2.1353
alone,query,1.1113
alone,query,1.7270
alone,query,10.7799
alone,query,4.6226
alone,query,3.5288
alone,query,3.1901
alone,query,3.0574
alone,query,1.8322
alone,query,2.2586
alone,query,1.6343
alone,query,2.0348
alone,query,3.4469
alone,query,1.4820
alone,query,4.0501
alone,query,1.6014
alone,query,2.0436
alone,query,2.3648
alone,query,2.8131
alone,query,2.3321
alone,query,1.7474
alone,query,2.2460
alone,query,3.3254
alone,query,2.3388
alone,query,1.0270
alone,query,0.8481
alone,query,1.9424
alone,query,1.9580
alone,query,2.2618
alone,query,0.8294
alone,query,2.0720
alone,query,3.4298
alone,query,2.9676
alone,query,6.7974
alone,query,3.9740
alone,query,2.7158
alone,query,2.0743
alone,query,5.3883
alone,query,3.0730
alone,query,1.9336
alone,query,3.5589
alone,query,3.3290
alone,query,1.4227
alone,query,2.2630
alone,query,1.6169
alone,query,1.3045
alone,query,1.7642
alone,query,1.4188
alone,query,2.2658
alone,query,1.4385
alone,query,1.9006
alone,query,2.3649
alone,query,2.0179
alone,query,1.4230
alone,query,0.7796
alone,query,0.9929
alone,query,2.0652
alone,query,2.0252
alone,query,5.5569
alone,query,1.5905
alone,query,1.2572
alone,query,2.3882
alone,query,2.5948
alone,query,2.2951
alone,query,2.1529
alone,query,3.0673
alone,query,3.4902
alone,query,3.2571
alone,query,2.1017
alone,query,2.6052
alone,query,4.7266
alone,query,2.6061
alone,query,4.8068
alone,query,5.0891
alone,query,2.3461
alone,query,3.4612
alone,query,5.4863
alone,query,1.7695
alone,query,1.8586
alone,query,2.4548
alone,query,1.4625
alone,query,4.2341
alone,query,3.3005
alone,query,3.6318
alone,query,3.5349
alone,query,3.3871
alone,query,3.9964
alone,query,4.1404
alone,query,5.2472
alone,query,2.7866
alone,query,3.6209
alone,query,4.5750
alone,query,1.4064
alone,query,4.3637
alone,query,3.9177
alone,query,3.8721
alone,query,2.5272
alone,query,1.9502
alone,query,3.0096
alone,query,4.5322
alone,query,1.1736
alone,query,2.4352
alone,query,1.5864
alone,query,1.6584
alone,query,1.3333
alone,query,2.7241
alone,query,4.2061
alone,query,4.0522
alone,query,4.5720
alone,query,1.1241
alone,query,1.7420
alone,query,2.6581
alone,query,2.0017
alone,query,2.1358
alone,query,1.1229
alone,query,4.0048
alone,query,3.4066
alone,query,2.0531
alone,query,2.1527
alone,query,2.8633
alone,query,3.9323
alone,query,1.8723
alone,query,1.2806
alone,query,2.2726
alone,query,2.8994
alone,query,2.0808
alone,query,1.7287
alone,query,1.9969
alone,query,1.4239
alone,query,3.0814
alone,query,2.9085
alone,query,2.4251
alone,query,3.7773
alone,query,4.8750
alone,query,1.6784
alone,query,3.1663
alone,query,6.0173
alone,query,1.7466
alone,query,3.3466
alone,query,1.7832
alone,query,3.6528
alone,query,2.0929
alone,query,1.5044
alone,query,1.9631
alone,query,1.3667
alone,query,1.2795
alone,query,3.4866
alone,query,2.8284
alone,query,2.0403
alone,query,2.8995
alone,query,1.8384
alone,query,1.4293
alone,query,9.0630
alone,query,1.2127
alone,query,0.7433
alone,query,0.9832
alone,query,4.3797
alone,query,3.2851
alone,query,6.5121
alone,query,2.5286
alone,query,4.1325
alone,query,2.4882
alone,query,1.8959
alone,query,2.9403
alone,query,2.2710
alone,query,2.6237
alone,query,2.8704
alone,query,3.0502
alone,query,2.9168
alone,query,1.5287
alone,query,3.0827
alone,query,3.4111
alone,query,2.3664
alone,query,7.3918
alone,query,1.7279
alone,query,1.9336
alone,query,2.2610
alone,query,0.7477
alone,query,2.6512
alone,query,0.5772
alone,query,1.6939
alone,query,1.9100
alone,query,1.0281
alone,query,5.1155
alone,query,2.4582
alone,query,2.6795
alone,query,3.0410
alone,query,1.9718
alone,query,1.8369
alone,query,3.2536
alone,query,3.3072
alone,query,3.7315
alone,query,2.4087
alone,query,1.3320
alone,query,3.1687
alone,query,1.7517
alone,query,5.6321
alone,query,3.3791
alone,query,3.6549
alone,query,3.1611
alone,query,3.5323
alone,query,0.6235
alone,query,2.6311
alone,query,1.8136
alone,query,2.0398
alone,query,1.3195
alone,query,1.2026
alone,query,1.5494
alone,query,3.3910
alone,query,1.3542
alone,query,5.2937
alone,query,3.3917
alone,query,2.5052
alone,query,2.9497
alone,query,2.5174
alone,query,1.9390
alone,query,1.4546
alone,query,1.3425
alone,query,2.1489
alone,query,1.4882
alone,query,3.5150
alone,query,2.6635
alone,query,1.3521
alone,query,2.6004
alone,query,1.4371
alone,query,0.9972
alone,query,1.8876
alone,query,2.1701
alone,query,2.9059
alone,query,1.2364
alone,query,1.6668
alone,query,2.6032
alone,query,4.5746
alone,query,0.8209
alone,query,3.1180
alone,query,2.7299
alone,query,1.8466
alone,query,1.1348
alone,query,2.8131
alone,query,0.9356
alone,query,7.0185
alone,query,2.2733
alone,query,1.2876
alone,query,2.3769
alone,query,1.5765
alone,query,8.1534
alone,query,2.1326
alone,query,1.9455
alone,query,3.0494
alone,query,3.2752
alone,query,1.6947
alone,query,2.8557
alone,query,3.4385
alone,query,2.9619
alone,query,1.6222
alone,query,0.7206
alone,query,3.5289
alone,query,0.9904
alone,query,4.6866
alone,query,5.0254
alone,query,5.1985
alone,query,5.0667
alone,query,2.6219
alone,query,9.6623
alone,query,1.8785
alone,query,8.0263
alone,query,2.8516
alone,query,3.2453
alone,query,3.7665
alone,query,3.9976
alone,query,2.6611
alone,query,3.1937
alone,query,3.7754
alone,query,5.8520
alone,query,2.4722
alone,query,2.4848
alone,query,3.9768
alone,query,2.3154
alone,query,1.1444
alone,query,1.0798
alone,query,1.8465
alone,query,1.6706
alone,query,5.3785
alone,query,2.4639
alone,query,1.5801
alone,query,7.8656
alone,query,3.1092
alone,query,4.1934
alone,query,6.6297
alone,query,2.7186
alone,query,3.3272
alone,query,2.3979
alone,query,3.0537
alone,query,3.4329
alone,query,2.9483
alone,query,2.2554
alone,query,1.5639
alone,query,2.9957
alone,query,2.9218
alone,query,3.8135
alone,query,1.1076
alone,query,3.4002
alone,query,1.3959
alone,query,1.8025
alone,query,4.5880
alone,query,2.5352
alone,query,3.1204
alone,query,2.0925
alone,query,2.4258
alone,query,2.3259
alone,query,1.9775
alone,query,2.1017
alone,query,2.4568
alone,query,2.3224
alone,query,2.0881
alone,query,2.1630
alone,query,3.6156
alone,query,1.7994
alone,query,2.0582
alone,query,2.8955
alone,query,1.8664
alone,query,1.0511
alone,query,2.2218
alone,query,2.7079
alone,query,1.7293
alone,query,1.8987
alone,query,3.1205
alone,query,2.1593
alone,query,1.8397
alone,query,1.3875
alone,query,4.7989
alone,query,1.2055
alone,query,1.8741
alone,query,2.2767
alone,query,2.4947
alone,query,4.0473
alone,query,2.4625
alone,query,1.7016
alone,query,0.7294
alone,query,8.9911
alone,query,4.6693
alone,query,5.6204
alone,query,1.3779
alone,query,3.1167
alone,query,2.2615
alone,query,1.3205
alone,query,1.7963
alone,query,4.5238
alone,query,2.4817
alone,query,2.2130
alone,query,1.5043
alone,query,2.1773
alone,query,1.2901
alone,query,0.7789
alone,query,2.0917
alone,query,1.4123
alone,query,3.4076
alone,query,2.1987
alone,query,5.6081
alone,query,3.0580
alone,query,3.6582
alone,query,2.9458
alone,query,2.6133
alone,query,2.7561
alone,query,3.8528
alone,query,4.7657
alone,query,3.8853
alone,query,2.4411
alone,query,3.0879
alone,query,2.5281
alone,query,6.3113
alone,query,0.6094
alone,query,0.7589
alone,query,9.6559
alone,query,6.7425
alone,query,1.6846
alone,query,0.9728
alone,query,2.3486
alone,query,1.7308
alone,query,3.0028
alone,query,3.2491
alone,query,3.2488
alone,query,3.0287
alone,query,1.9009
alone,query,1.7120
alone,query,3.3449
alone,query,5.1740
alone,query,3.6101
alone,query,1.3955
alone,query,1.4667
alone,query,3.5366
alone,query,2.9402
alone,query,3.4654
alone,query,2.6837
alone,query,3.0503
alone,query,1.1469
alone,query,0.8292
alone,query,1.7703
alone,query,1.7932
alone,query,2.6683
alone,query,3.7493
alone,query,3.7682
alone,query,2.5356
alone,query,2.2220
alone,query,0.8978
alone,query,2.4622
alone,query,3.5766
alone,query,4.4131
alone,query,2.3865
alone,query,1.3773
alone,query,2.6330
alone,query,2.0910
alone,query,1.5959
alone,query,2.8655
alone,query,1.7260
alone,query,2.4046
alone,query,2.9678
alone,query,2.0932
alone,query,3.9171
alone,query,1.5669
alone,query,2.6018
alone,query,3.1297
alone,query,1.9788
alone,query,3.4074
alone,query,2.2238
alone,query,1.3352
alone,query,1.6113
alone,query,1.8271
alone,query,1.6118
alone,query,2.7020
alone,query,2.6942
alone,query,1.0820
alone,query,0.7374
alone,query,1.3094
alone,query,2.9689
alone,query,3.4755
alone,query,2.5415
alone,query,2.7598
alone,query,4.2656
alone,query,6.9984
alone,query,4.8867
alone,query,2.0500
alone,query,2.3951
alone,query,0.9535
alone,query,2.6865
alone,query,3.2096
alone,query,1.7974
alone,query,1.5925
alone,query,1.7120
alone,query,1.8067
alone,query,1.6439
alone,query,5.8142
alone,query,1.9177
alone,query,1.4613
alone,query,2.5068
alone,query,0.7115
alone,query,4.3281
alone,query,2.8362
alone,query,2.8391
alone,query,4.1818
alone,query,3.6382
alone,query,3.2494
alone,query,3.3327
alone,query,2.7832
alone,query,3.0267
alone,query,2.0606
alone,query,2.3077
alone,query,3.9858
alone,query,2.7045
alone,query,3.7873
alone,query,6.3650
alone,query,5.8884
alone,query,5.5903
alone,query,2.2822
alone,query,5.4438
alone,query,21.4355
alone,query,3.5041
alone,query,2.3485
alone,query,1.3936
alone,query,1.3113
alone,query,11.7322
alone,query,3.2331
alone,query,2.7317
alone,query,3.8314
alone,query,3.2964
alone,query,4.8494
alone,query,2.5781
alone,query,2.7184
alone,query,6.0720
alone,query,1.6899
alone,query,1.8823
alone,query,3.2080
alone,query,3.5607
alone,query,1.9658
alone,query,3.3597
alone,query,2.5255
alone,query,1.7962
alone,query,1.5722
alone,query,3.0011
alone,query,4.2487
alone,query,1.1382
alone,query,1.5602
alone,query,2.3566
alone,query,2.5342
alone,query,3.8513
alone,query,1.5265
alone,query,2.4727
alone,query,5.5911
alone,query,2.7488
alone,query,1.8465
alone,query,2.8609
alone,query,2.1341
alone,query,3.1809
alone,query,2.0215
alone,query,3.3121
alone,query,1.6545
alone,query,1.3928
alone,query,1.4503
alone,query,8.1573
alone,query,4.5433
alone,query,1.6283
alone,query,5.2688
alone,query,3.2933
alone,query,3.6210
alone,query,1.3103
alone,query,2.0289
alone,query,1.3557
alone,query,2.2795
alone,query,2.2559
alone,query,2.1170
alone,query,6.9980
alone,query,1.7994
alone,query,1.0734
alone,query,1.2869
alone,query,5.6653
alone,query,2.1283
alone,query,2.2492
alone,query,2.3102
alone,query,5.8464
alone,query,1.9039
alone,query,1.2912
alone,query,0.9975
alone,query,2.4720
alone,query,3.8295
alone,query,3.2111
alone,query,2.9824
alone,query,2.3900
alone,query,1.7930
alone,query,1.1193
alone,query,0.7929
alone,query,0.5309
alone,query,1.3834
alone,query,0.6230
alone,query,0.5533
alone,query,0.5726
alone,query,0.5921
alone,query,4.0287
alone,query,5.7573
alone,query,3.4477
alone,query,1.7514
alone,query,2.5931
alone,query,4.7116
alone,query,1.7189
alone,query,2.9743
alone,query,1.6870
alone,query,3.6715
alone,query,1.6745
alone,query,2.4398
alone,query,3.1787
alone,query,2.0312
alone,query,8.8731
alone,query,2.7815
alone,query,1.9578
alone,query,1.8537
alone,query,2.7870
alone,query,3.2111
alone,query,2.8608
alone,query,3.7808
alone,query,2.6250
alone,query,2.2130
alone,query,2.6570
alone,query,7.9479
alone,query,2.2534
alone,query,6.2521
alone,query,6.2301
alone,query,3.0042
alone,query,3.6667
alone,query,3.8733
alone,query,3.2014
alone,query,1.3119
alone,query,1.4155
alone,query,5.2248
alone,query,1.4784
alone,query,1.7788
alone,query,1.0722
alone,query,3.7326
alone,query,3.0717
alone,query,2.5090
alone,query,1.8692
alone,query,2.2965
alone,query,1.9402
alone,query,2.2353
alone,query,1.2632
alone,query,2.4573
alone,query,1.4680
alone,query,2.7336
alone,query,0.8375
alone,query,4.0268
alone,query,4.0822
alone,query,7.0012
alone,query,0.9306
alone,query,2.7130
alone,query,3.3699
alone,query,3.3318
alone,query,0.6094
alone,query,1.7375
alone,query,0.8738
alone,query,1.1399
alone,query,0.8901
alone,query,2.1947
alone,query,3.4853
alone,query,2.2909
alone,query,2.0625
alone,query,2.6464
alone,query,2.0134
alone,query,2.4825
alone,query,3.1143
alone,query,2.1868
alone,query,1.6331
alone,query,2.1836
alone,query,2.0721
alone,query,2.4103
alone,query,5.1967
alone,query,3.1198
alone,query,2.2175
alone,query,4.2592
alone,query,6.5323
alone,query,3.3877
alone,query,2.8328
alone,query,3.0505
alone,query,3.3460
alone,query,3.5663
alone,query,5.9407
alone,query,1.6139
alone,query,2.1935
alone,query,1.9933
alone,query,3.3629
alone,query,1.8731
alone,query,1.2046
alone,query,2.7669
alone,query,3.8743
alone,query,2.2879
alone,query,1.3781
alone,query,1.9510
alone,query,1.5307
alone,query,1.1340
alone,query,4.7499
alone,query,2.8421
alone,query,2.4957
alone,query,1.4896
alone,query,2.3272
alone,query,2.7191
alone,query,2.2205
alone,query,2.8134
alone,query,2.5533
alone,query,3.7069
alone,query,3.6416
alone,query,1.1749
alone,query,2.8446
alone,query,1.0956
alone,query,6.0042
alone,query,11.5656
alone,query,1.3083
alone,query,2.5241
alone,query,5.8054
alone,query,2.1650
alone,query,1.4981
alone,query,3.2694
alone,query,1.3558
alone,query,2.0580
alone,query,3.0380
alone,query,2.4880
alone,query,3.1208
alone,query,3.5248
alone,query,1.8728
alone,query,1.7728
alone,query,2.4629
alone,query,4.7719
alone,query,5.1560
alone,query,3.3461
alone,query,2.6035
alone,query,1.2590
alone,query,2.3127
alone,query,1.0605
alone,query,3.0425
alone,query,1.8715
alone,query,4.0082
alone,query,2.0760
alone,query,3.3202
alone,query,1.6962
alone,query,2.9905
alone,query,1.1371
alone,query,4.1387
alone,query,1.4599
alone,query,1.0364
alone,query,1.5366
alone,query,1.1801
alone,query,2.6477
alone,query,3.7651
alone,query,3.3614
alone,query,4.4016
alone,query,3.9460
alone,query,3.1144
alone,query,5.8871
alone,query,2.3311
alone,query,2.2331
alone,query,1.0411
alone,query,1.9255
alone,query,2.2039
alone,query,2.0460
alone,query,2.5354
alone,query,4.3335
alone,query,1.7287
alone,query,2.5073
alone,query,1.9694
alone,query,0.7791
alone,query,2.1417
alone,query,4.0284
alone,query,2.7899
alone,query,2.8150
alone,query,1.4661
alone,query,2.2551
alone,query,4.3175
alone,query,3.2651
alone,query,4.1596
alone,query,2.5674
alone,query,3.3604
alone,query,2.9000
alone,query,1.4359
alone,query,2.4600
alone,query,4.0184
alone,query,1.9660
alone,query,2.2063
alone,query,4.2612
alone,query,4.6323
alone,query,2.9403
alone,query,2.4040
alone,query,1.5432
alone,query,1.7667
alone,query,3.1364
alone,query,8.1344
alone,query,1.8226
alone,query,3.1207
alone,query,3.1507
alone,query,0.8869
alone,query,2.2309
alone,query,5.1425
alone,query,1.7121
alone,query,3.8230
alone,query,3.6731
alone,query,1.7151
alone,query,1.8835
alone,query,2.3737
alone,query,2.4946
alone,query,4.2354
alone,query,2.1507
alone,query,6.5976
alone,query,2.2085
alone,query,2.7251
alone,query,2.6000
alone,query,4.2074
alone,query,6.0954
alone,query,2.6299
alone,query,5.7555
alone,query,2.6829
alone,query,1.6326
alone,query,2.9543
alone,query,7.2063
alone,query,6.2011
alone,query,0.9245
alone,query,3.6985
alone,query,1.3042
alone,query,5.5958
alone,query,3.6065
alone,query,1.6797
alone,query,3.0334
alone,query,4.7454
alone,query,2.8493
alone,query,3.3811
alone,query,3.3756
alone,query,2.4760
alone,query,4.4266
alone,query,4.2259
alone,query,4.3054
alone,query,1.8687
alone,query,3.7901
alone,query,3.7088
alone,query,3.1558
alone,query,2.5579
alone,query,1.7133
alone,query,1.8065
alone,query,1.8463
alone,query,1.5849
alone,query,2.7150
alone,query,1.7774
alone,query,1.0868
alone,query,1.2787
alone,query,1.7871
alone,query,2.2777
alone,query,3.8433
alone,query,2.4476
alone,query,1.6088
alone,query,5.9652
alone,query,4.4238
alone,query,2.7835
alone,query,2.4731
alone,query,0.8756
alone,query,2.2904
alone,query,3.5224
alone,query,0.6708
alone,query,1.8930
alone,query,2.7974
alone,query,1.4052
alone,query,10.9296
alone,query,9.6915
alone,query,1.7020
alone,query,1.6036
alone,query,2.7245
alone,query,2.0284
alone,query,1.8524
alone,query,1.7125
alone,query,2.3299
alone,query,4.4170
alone,query,3.1027
alone,query,3.1883
alone,query,4.6524
alone,query,2.2575
alone,query,3.8724
alone,query,3.0030
alone,query,2.3834
alone,query,8.2963
alone,query,2.9527
alone,query,3.0114
alone,query,1.6892
alone,query,2.1135
alone,query,2.5589
alone,query,4.0070
alone,query,1.1526
alone,query,1.9325
alone,query,1.6861
alone,query,1.1998
alone,query,1.8821
alone,query,0.8412
alone,query,0.5599
alone,query,0.5212
alone,query,0.5293
alone,query,5.6109
alone,query,2.5130
alone,query,4.0781
alone,query,2.2572
alone,query,1.6181
alone,query,5.1957
alone,query,2.2111
alone,query,3.0752
alone,query,1.7242
alone,query,2.0984
alone,query,1.7292
alone,query,2.1308
alone,query,1.9583
alone,query,2.8405
alone,query,4.4779
alone,query,2.7856
alone,query,3.8727
alone,query,3.9134
alone,query,6.3736
alone,query,4.9502
alone,query,2.5150
alone,query,5.9133
alone,query,1.4052
alone,query,5.6233
alone,query,1.6119
alone,query,3.0535
alone,query,2.4811
alone,query,2.8406
alone,query,6.0550
alone,query,2.9627
alone,query,2.6723
alone,query,3.4392
alone,query,1.3881
alone,query,3.7519
alone,query,3.6386
alone,query,3.5977
alone,query,2.2725
alone,query,2.7674
alone,query,3.8251
alone,query,3.4563
alone,query,1.7428
alone,query,2.1185
alone,query,1.1220
alone,query,4.0805
alone,query,2.4021
alone,query,2.9313
alone,query,4.4598
alone,query,4.3851
alone,query,1.9080
alone,query,5.4931
alone,query,2.1130
alone,query,4.6759
alone,query,2.6807
alone,query,1.5125
alone,query,2.6248
alone,query,3.7249
alone,query,2.2307
alone,query,2.8813
alone,query,1.2172
alone,query,2.3879
alone,query,1.8494
alone,query,1.5814
alone,query,2.3460
alone,query,2.7560
alone,query,2.6426
alone,query,1.8471
alone,query,1.4732
alone,query,1.9233
alone,query,1.6822
alone,query,1.8828
alone,query,1.8956
alone,query,1.2841
alone,query,3.8637
alone,query,1.5835
alone,query,1.0505
alone,query,0.9963
alone,query,1.0199
alone,query,2.0889
alone,query,4.2826
alone,query,5.8654
alone,query,6.2028
alone,query,1.1309
alone,query,6.4488
alone,query,1.8175
alone,query,2.5705
alone,query,1.9375
alone,query,2.4804
alone,query,1.1528
alone,query,2.6026
alone,query,0.9308
alone,query,1.6063
alone,query,2.8148
alone,query,1.2803
alone,query,1.6222
alone,query,4.3015
alone,query,2.6889
alone,query,2.6733
alone,query,2.9417
alone,query,4.2807
alone,query,1.7842
alone,query,6.2272
alone,query,2.3427
alone,query,5.1907
alone,query,2.3434
alone,query,2.0568
alone,query,3.8048
alone,query,2.9074
alone,query,3.6102
alone,query,4.1592
alone,query,5.9227
alone,query,5.6501
alone,query,7.7253
alone,query,6.1842
alone,query,0.7699
alone,query,2.9738
alone,query,2.5235
alone,query,3.3366
alone,query,2.3969
alone,query,1.7065
alone,query,1.1104
alone,query,1.5925
alone,query,1.6000
alone,query,1.4459
alone,query,2.3309
alone,query,3.0345
alone,query,3.3838
alone,query,1.8902
alone,query,1.1933
alone,query,3.7919
alone,query,2.8226
alone,query,3.1615
alone,query,3.4636
alone,query,3.2950
alone,query,3.2177
alone,query,1.9396
alone,query,2.8571
alone,query,1.6954
alone,query,2.4004
alone,query,2.3953
alone,query,3.1369
alone,query,3.2495
alone,query,1.7266
alone,query,2.7384
alone,query,2.7547
alone,query,4.1656
alone,query,2.5671
alone,query,1.9178
alone,query,1.9728
alone,query,4.0874
alone,query,2.3853
alone,query,0.9515
alone,query,2.6041
alone,query,3.1552
alone,query,4.3035
alone,query,3.0219
alone,query,2.7063
alone,query,1.7521
alone,query,1.6693
alone,query,2.6533
alone,query,2.0306
alone,query,2.9532
alone,query,3.3299
alone,query,2.1604
alone,query,2.6692
alone,query,2.0492
alone,query,1.2294
alone,query,0.8051
alone,query,1.6923
alone,query,2.9952
alone,query,1.8341
alone,query,4.5313
alone,query,1.3564
alone,query,2.1383
alone,query,2.8037
alone,query,2.4063
alone,query,2.2403
alone,query,1.9131
alone,query,2.7778
alone,query,2.4876
alone,query,1.2087
alone,query,1.6522
alone,query,2.0841
alone,query,3.1620
alone,query,1.7479
alone,query,3.3683
alone,query,2.1397
alone,query,1.3770
alone,query,1.8298
alone,query,2.6238
alone,query,2.7359
alone,query,4.0527
alone,query,15.7035
alone,query,2.3044
alone,query,1.9112
alone,query,2.6093
alone,query,1.5035
alone,query,1.5952
alone,query,0.6892
alone,query,0.6354
alone,query,0.4762
alone,query,1.8739
alone,query,3.6245
alone,query,3.0379
alone,query,2.7554
alone,query,10.6022
alone,query,2.7878
alone,query,14.2789
alone,query,2.1357
alone,query,2.6390
alone,query,1.8959
alone,query,6.0621
alone,query,2.9908
alone,query,1.1341
alone,query,2.1369
alone,query,3.9442
alone,query,0.9043
alone,query,4.3408
alone,query,1.6889
alone,query,3.6726
alone,query,0.9302
alone,query,3.4225
alone,query,4.4473
alone,query,2.9333
alone,query,1.6609
alone,query,1.4914
alone,query,2.6812
alone,query,4.9850
alone,query,4.3275
alone,query,1.7138
alone,query,4.1588
alone,query,1.0502
alone,query,1.1763
alone,query,8.0538
alone,query,3.3342
alone,query,1.0789
alone,query,1.5453
alone,query,0.9405
alone,query,4.0570
alone,query,3.3533
alone,query,2.9824
alone,query,2.2590
alone,query,2.7382
alone,query,0.8618
alone,query,0.9051
alone,query,1.8500
alone,query,2.8591
alone,query,5.4382
alone,query,3.2764
alone,query,2.0698
alone,query,1.5992
alone,query,1.8893
alone,query,2.7304
alone,query,4.2909
alone,query,11.1904
alone,query,2.3067
alone,query,2.1252
alone,query,1.5625
alone,query,6.0528
alone,query,2.2081
alone,query,3.1130
alone,query,1.8638
alone,query,3.9550
alone,query,1.0906
alone,query,1.5866
alone,query,1.8409
alone,query,1.5193
alone,query,4.3782
alone,query,2.8620
alone,query,2.8068
alone,query,2.2913
alone,query,1.6901
alone,query,4.3441
alone,query,4.5274
alone,query,1.3124
alone,query,1.4558
alone,query,1.3786
alone,query,2.5849
alone,query,2.9886
alone,query,0.9560
alone,query,1.0331
alone,query,12.2387
alone,query,1.7783
alone,query,3.2200
alone,query,3.2013
alone,query,2.9862
alone,query,4.6268
alone,query,2.3694
alone,query,3.2402
alone,query,4.8915
alone,query,3.4708
alone,query,2.5665
alone,query,2.0923
alone,query,2.5443
alone,query,3.0060
alone,query,1.7389
alone,query,2.4140
alone,query,2.3063
alone,query,6.3755
alone,query,1.7411
alone,query,2.3320
alone,query,5.4323
alone,query,4.0982
alone,query,5.3393
alone,query,1.6621
alone,query,4.7628
alone,query,3.8889
alone,query,3.0578
alone,query,1.2616
alone,query,3.6038
alone,query,2.3935
alone,query,2.3893
alone,query,6.7783
alone,query,3.8567
alone,query,3.7308
alone,query,3.8923
alone,query,2.6718
alone,query,5.6263
alone,query,3.4511
alone,query,2.7462
alone,query,1.1897
alone,query,2.6208
alone,query,2.4354
alone,query,2.4488
alone,query,4.5989
alone,query,2.5824
alone,query,1.1948
alone,query,0.8962
alone,query,3.3530
alone,query,6.1472
alone,query,4.0054
alone,query,2.5749
alone,query,2.0047
alone,query,3.6755
alone,query,2.9313
alone,query,3.5307
alone,query,2.2392
alone,query,3.1227
alone,query,2.0140
alone,query,0.8387
alone,query,2.5821
alone,query,3.5040
alone,query,1.8305
alone,query,3.1268
alone,query,5.6687
alone,query,4.3727
alone,query,1.6601
alone,query,4.1515
alone,query,1.7375
alone,query,1.7116
alone,query,1.4948
alone,query,2.4650
alone,query,2.7122
alone,query,3.0458
alone,query,1.9555
alone,query,2.3615
alone,query,2.7289
alone,query,1.5221
alone,query,3.8448
alone,query,3.2987
alone,query,2.0718
alone,query,2.8681
alone,query,2.9485
alone,query,0.4880
alone,query,1.4262
alone,query,3.4808
alone,query,1.1005
alone,query,1.5106
alone,query,6.7952
alone,query,2.3733
alone,query,3.4755
alone,query,2.7014
alone,query,1.3289
alone,query,1.5417
alone,query,4.4462
alone,query,6.7139
alone,query,2.0931
alone,query,3.6802
alone,query,2.0138
alone,query,1.2741
alone,query,3.5730
alone,query,2.7418
alone,query,3.2366
alone,query,2.9436
alone,query,2.2232
alone,query,1.7047
alone,query,2.4109
alone,query,2.4942
alone,query,0.9338
alone,query,1.1938
alone,query,2.0635
alone,query,1.3024
alone,query,1.0814
alone,query,2.8213
alone,query,2.4709
alone,query,2.1599
alone,query,2.3116
alone,query,1.9143
alone,query,1.2335
alone,query,2.1030
alone,query,0.9244
alone,query,1.6085
alone,query,5.5012
alone,query,4.8683
alone,query,2.4237
alone,query,2.4657
alone,query,3.3554
alone,query,2.2922
alone,query,1.7819
alone,query,4.4727
alone,query,9.1907
alone,query,3.9371
alone,query,2.6155
alone,query,2.9289
alone,query,4.0394
alone,query,5.6000
alone,query,5.0388
alone,query,2.2614
alone,query,3.0904
alone,query,1.5018
alone,query,3.0662
alone,query,2.1018
alone,query,1.4385
alone,query,1.4229
alone,query,1.8964
alone,query,2.1118
alone,query,1.5433
alone,query,1.8459
alone,query,1.8958
alone,query,3.6927
alone,query,5.1838
alone,query,2.5126
alone,query,7.3864
alone,query,3.3766
alone,query,3.4201
alone,query,3.4686
alone,query,3.6361
alone,query,1.7586
alone,query,7.1150
alone,query,9.0378
alone,query,5.8097
alone,query,3.6611
alone,query,4.1983
alone,query,2.7103
alone,query,1.9318
alone,query,5.2581
alone,query,1.3940
alone,query,1.7902
alone,query,2.2754
alone,query,3.2186
alone,query,2.3424
alone,query,1.9087
alone,query,2.4734
alone,query,3.6888
alone,query,4.2668
alone,query,6.3930
alone,query,2.8204
alone,query,2.2465
alone,query,2.2991
alone,query,3.0956
alone,query,0.8444
alone,query,5.8828
alone,query,1.7207
alone,query,1.9534
alone,query,2.2222
alone,query,0.9979
alone,query,4.6088
alone,query,3.1042
alone,query,2.0713
alone,query,1.8045
alone,query,1.3867
alone,query,2.7404
alone,query,1.6643
alone,query,1.6601
alone,query,4.5280
alone,query,2.8352
alone,query,1.9887
alone,query,1.7521
alone,query,1.9863
alone,query,4.6240
alone,query,2.2584
alone,query,1.9149
alone,query,1.6578
alone,query,5.8880
alone,query,2.5260
alone,query,1.2682
alone,query,0.5207
alone,query,2.3966
alone,query,4.8338
alone,query,1.8005
alone,query,2.1959
alone,query,2.6910
alone,query,1.9770
alone,query,2.0506
alone,query,0.8808
alone,query,2.0002
alone,query,1.7245
alone,query,0.9030
alone,query,0.9774
alone,query,1.4652
alone,query,0.7815
alone,query,1.9567
alone,query,1.2891
alone,query,4.1829
alone,query,2.6270
alone,query,2.9479
alone,query,5.4594
alone,query,2.1033
alone,query,2.7546
alone,query,3.2459
alone,query,1.6603
alone,query,2.1752
alone,query,1.8944
alone,query,1.7296
alone,query,5.8194
alone,query,4.4722
alone,query,2.4151
alone,query,6.6961
alone,query,3.8829
alone,query,3.9197
alone,query,1.8996
alone,query,0.7157
alone,query,1.5723
alone,query,1.1011
alone,query,3.1197
alone,query,1.6545
alone,query,1.8082
alone,query,1.1582
alone,query,1.4630
alone,query,4.5266
alone,query,7.5377
alone,query,3.3718
alone,query,2.7622
alone,query,0.7942
alone,query,3.0432
alone,query,3.7127
alone,query,2.7376
alone,query,3.1579
alone,query,4.0713
alone,query,3.0379
alone,query,0.9764
alone,query,1.3190
alone,query,2.9604
alone,query,3.4794
alone,query,2.6007
alone,query,1.4918
alone,query,1.4787
alone,query,2.6995
alone,query,3.9715
alone,query,0.8663
alone,query,3.4050
alone,query,3.6242
alone,query,2.0605
alone,query,3.3171
alone,query,1.6833
alone,query,2.8078
alone,query,2.4805
alone,query,2.2009
alone,query,4.2862
alone,query,8.8990
alone,query,1.0078
alone,query,1.9618
alone,query,1.9611
alone,query,1.6985
alone,query,3.8565
alone,query,2.2408
alone,query,3.1705
alone,query,1.1686
alone,query,2.6735
alone,query,1.2391
alone,query,2.1097
alone,query,2.5892
alone,query,3.9509
alone,query,3.2708
alone,query,1.1011
alone,query,3.2784
alone,query,1.5256
alone,query,1.6442
alone,query,8.1921
alone,query,2.7729
alone,query,3.4125
alone,query,4.0996
alone,query,2.3891
alone,query,3.9977
alone,query,1.9778
alone,query,1.0081
alone,query,2.9448
alone,query,2.9739
alone,query,3.6189
alone,query,6.4460
alone,query,1.3884
alone,query,1.1548
alone,query,2.6224
alone,query,2.2862
alone,query,2.3373
alone,query,3.2147
alone,query,1.7298
alone,query,1.9405
alone,query,1.7961
alone,query,0.5945
alone,query,1.6162
alone,query,2.2566
alone,query,1.5156
alone,query,4.5698
alone,query,3.6511
alone,query,4.4304
alone,query,4.3475
alone,query,2.8960
alone,query,2.3858
alone,query,3.7059
alone,query,1.8983
alone,query,3.0149
alone,query,3.2432
alone,query,7.2414
alone,query,4.9202
alone,query,1.1494
alone,query,2.7843
alone,query,2.6947
alone,query,1.5958
alone,query,3.4366
alone,query,1.1148
alone,query,0.5750
alone,query,1.9499
alone,query,1.7372
alone,query,2.3979
alone,query,4.6881
alone,query,11.0714
alone,query,1.3764
alone,query,1.6965
alone,query,3.0752
alone,query,5.5701
alone,query,3.9989
alone,query,2.9774
alone,query,3.8469
alone,query,3.0158
alone,query,3.5145
alone,query,1.2359
alone,query,3.5756
alone,query,1.7445
alone,query,2.9028
alone,query,2.9844
alone,query,3.0474
alone,query,3.0407
alone,query,1.3547
alone,query,3.4166
alone,query,4.6946
alone,query,1.4154
alone,query,6.2543
alone,query,2.7913
alone,query,0.8694
alone,query,3.1759
alone,query,8.9494
alone,query,2.0908
alone,query,3.0328
alone,query,3.5447
alone,query,3.5342
alone,query,2.9282
alone,query,3.0430
alone,query,1.2868
alone,query,2.1453
alone,query,0.7328
alone,query,2.9478
alone,query,0.8397
alone,query,1.0185
alone,query,3.0416
alone,query,1.3287
alone,query,1.7866
alone,query,1.2717
alone,query,4.2143
alone,query,2.3346
alone,query,3.2182
alone,query,7.0162
alone,query,3.1061
alone,query,6.7071
alone,query,1.1940
alone,query,1.5299
alone,query,1.6427
alone,query,1.2059
alone,query,2.7207
alone,query,2.7071
alone,query,2.2685
alone,query,2.9985
alone,query,1.7671
alone,query,0.9974
alone,query,1.4940
alone,query,1.3313
alone,query,1.0535
alone,query,2.1244
alone,query,4.1625
alone,query,1.0363
alone,query,3.5958
alone,query,5.6031
alone,query,3.0895
alone,query,1.7331
alone,query,2.0839
alone,query,1.9984
alone,query,4.3208
alone,query,0.7338
alone,query,1.5455
alone,query,1.3593
alone,query,1.3724
alone,transaction,19.9556
alone,transaction,29.7516
alone,transaction,14.5521
alone,transaction,38.2081
alone,transaction,33.6412
alone,transaction,27.2184
alone,transaction,25.5406
alone,transaction,32.3574
alone,transaction,24.2355
alone,transaction,18.7421
alone,transaction,26.7496
alone,transaction,29.2760
alone,transaction,18.3678
alone,transaction,19.0922
alone,transaction,27.8077
alone,transaction,26.1689
alone,transaction,7.5089
alone,transaction,17.5751
alone,transaction,19.5855
alone,transaction,41.9140
alone,transaction,18.2106
alone,transaction,38.0492
alone,transaction,37.1227
alone,transaction,26.2798
alone,transaction,22.9104
alone,transaction,24.3870
alone,transaction,27.3449
alone,transaction,25.4608
alone,transaction,24.3509
alone,transaction,24.4985
alone,transaction,19.2172
alone,transaction,23.6902
alone,transaction,21.1413
alone,transaction,21.6377
alone,transaction,27.6423
alone,transaction,35.2572
alone,transaction,24.8538
alone,transaction,25.6349
alone,transaction,34.5093
alone,transaction,24.7728
alone,transaction,24.5616
alone,transaction,24.1335
alone,transaction,25.2920
alone,transaction,26.9455
alone,transaction,25.5080
alone,transaction,28.2886
alone,transaction,25.5700
alone,transaction,30.3903
alone,transaction,25.7575
alone,transaction,25.0316
alone,transaction,20.1256
alone,transaction,29.0151
alone,transaction,31.2941
alone,transaction,26.0020
alone,transaction,27.1233
alone,transaction,28.9629
alone,transaction,31.5252
alone,transaction,27.4775
alone,transaction,23.3249
alone,transaction,35.0680
alone,transaction,33.9553
alone,transaction,21.6675
alone,transaction,18.5267
alone,transaction,19.7233
alone,transaction,23.6932
alone,transaction,21.1702
alone,transaction,26.0281
alone,transaction,28.4590
alone,transaction,16.8128
alone,transaction,16.6823
alone,transaction,22.8385
alone,transaction,16.6215
alone,transaction,15.0227
alone,transaction,23.4084
alone,transaction,18.3730
alone,transaction,17.2442
alone,transaction,20.3487
alone,transaction,15.7510
alone,transaction,14.0798
alone,transaction,15.7439
alone,transaction,21.5810
alone,transaction,21.2548
alone,transaction,28.8784
alone,transaction,20.0535
alone,transaction,31.3309
alone,transaction,25.7125
alone,transaction,31.8399
alone,transaction,29.7182
alone,transaction,36.5709
alone,transaction,32.6798
alone,transaction,23.2330
alone,transaction,25.3395
alone,transaction,26.9398
alone,transaction,21.7004
alone,transaction,21.5426
alone,transaction,22.9865
alone,transaction,21.4794
alone,transaction,19.6296
alone,transaction,42.0616
alone,transaction,19.0981
alone,transaction,29.5744
alone,transaction,25.7979
alone,transaction,27.1995
alone,transaction,37.6936
alone,transaction,29.2728
alone,transaction,21.8619
alone,transaction,31.2903
alone,transaction,28.8465
alone,transaction,31.4705
alone,transaction,29.4682
alone,transaction,26.7094
alone,transaction,25.9523
alone,transaction,27.6601
alone,transaction,42.9707
alone,transaction,35.9095
alone,transaction,32.4120
alone,transaction,36.1897
alone,transaction,39.0944
alone,transaction,34.9817
alone,transaction,29.0226
alone,transaction,11.8330
alone,transaction,26.3866
alone,transaction,39.0470
alone,transaction,22.3810
alone,transaction,27.2029
alone,transaction,15.2896
alone,transaction,16.6101
alone,transaction,24.9604
alone,transaction,24.7436
alone,transaction,26.6065
alone,transaction,25.1089
alone,transaction,27.8140
alone,transaction,29.5826
alone,transaction,34.4505
alone,transaction,30.3890
alone,transaction,26.9355
alone,transaction,32.5201
alone,transaction,30.8576
alone,transaction,40.3124
alone,transaction,27.9536
alone,transaction,26.8666
alone,transaction,23.4331
alone,transaction,19.0295
alone,transaction,25.3006
alone,transaction,27.0902
alone,transaction,28.8981
alone,transaction,39.8132
alone,transaction,28.7107
alone,transaction,31.2998
alone,transaction,27.9548
alone,transaction,35.8077
alone,transaction,28.0401
alone,transaction,20.5523
alone,transaction,26.3350
alone,transaction,17.2276
alone,transaction,31.4596
alone,transaction,13.7891
alone,transaction,15.5322
alone,transaction,18.3773
alone,transaction,23.5763
alone,transaction,17.6129
alone,transaction,23.4198
alone,transaction,31.8392
alone,transaction,22.4597
alone,transaction,26.9229
alone,transaction,19.4906
alone,transaction,20.7700
alone,transaction,13.2651
alone,transaction,26.7867
alone,transaction,17.3395
alone,transaction,19.1554
alone,transaction,24.8963
alone,transaction,18.8145
alone,transaction,17.9565
alone,transaction,19.0841
alone,transaction,21.8464
alone,transaction,12.0203
alone,transaction,18.0909
alone,transaction,22.6285
alone,transaction,17.4562
alone,transaction,25.1942
alone,transaction,23.1321
alone,transaction,34.0764
alone,transaction,24.7783
alone,transaction,18.3905
alone,transaction,34.7778
alone,transaction,22.9691
alone,transaction,11.7861
alone,transaction,31.8258
alone,transaction,27.3143
alone,transaction,16.6632
alone,transaction,18.3552
alone,transaction,17.7779
alone,transaction,20.3442
alone,transaction,30.7385
alone,transaction,38.7946
alone,transaction,20.7621
alone,transaction,19.5319
alone,transaction,18.9747
alone,transaction,11.6288
alone,transaction,27.1492
alone,transaction,33.3193
alone,transaction,23.0200
alone,transaction,30.3207
alone,transaction,27.0416
alone,transaction,30.5496
alone,transaction,35.1180
alone,transaction,25.8164
alone,transaction,28.2155
alone,transaction,30.5439
alone,transaction,31.2224
alone,transaction,21.3122
alone,transaction,25.2278
alone,transaction,24.3884
alone,transaction,37.0191
alone,transaction,30.8930
alone,transaction,35.0441
alone,transaction,33.0986
alone,transaction,42.9004
alone,transaction,29.2040
alone,transaction,25.1350
alone,transaction,13.9255
alone,transaction,18.6013
alone,transaction,16.0491
alone,transaction,27.6902
alone,transaction,18.4649
alone,transaction,26.9102
alone,transaction,22.0129
alone,transaction,23.0290
alone,transaction,23.4770
alone,transaction,15.8652
alone,transaction,27.6901
alone,transaction,33.0259
alone,transaction,35.2416
alone,transaction,35.2748
alone,transaction,14.4889
alone,transaction,27.9445
alone,transaction,30.3311
alone,transaction,24.9631
alone,transaction,33.6529
alone,transaction,31.6025
alone,transaction,28.9721
alone,transaction,27.0331
alone,transaction,30.1656
alone,transaction,34.1648
alone,transaction,25.6626
alone,transaction,31.0741
alone,transaction,21.5538
alone,transaction,23.2786
alone,transaction,19.3139
alone,transaction,17.3223
alone,transaction,30.0888
alone,transaction,21.2706
alone,transaction,34.2308
alone,transaction,22.4777
alone,transaction,57.2500
alone,transaction,33.9946
alone,transaction,23.3489
alone,transaction,21.6451
alone,transaction,22.0591
alone,transaction,27.5842
alone,transaction,20.8857
alone,transaction,16.1922
alone,transaction,28.4229
alone,transaction,20.0684
alone,transaction,22.3109
alone,transaction,18.4923
alone,transaction,20.0527
alone,transaction,20.5344
alone,transaction,26.2122
alone,transaction,16.0793
alone,transaction,29.4796
alone,transaction,20.3308
alone,transaction,15.9152
alone,transaction,14.3943
alone,transaction,24.1635
alone,transaction,43.1699
alone,transaction,23.7106
alone,transaction,21.9336
alone,transaction,38.5654
alone,transaction,19.1389
alone,transaction,30.9345
alone,transaction,35.8124
alone,transaction,23.5851
alone,transaction,34.9152
alone,transaction,21.3318
alone,transaction,32.1307
alone,transaction,28.0162
alone,transaction,21.5681
alone,transaction,27.6894
alone,transaction,24.8735
alone,transaction,18.8426
alone,transaction,41.3366
alone,transaction,32.4378
alone,transaction,22.6632
alone,transaction,14.2037
alone,transaction,11.3787
alone,transaction,13.7021
alone,transaction,8.4612
alone,transaction,8.3198
alone,transaction,26.8116
alone,transaction,23.6964
alone,transaction,20.3270
alone,transaction,33.6125
alone,transaction,21.2206
alone,transaction,31.0146
alone,transaction,23.2366
alone,transaction,18.0134
alone,transaction,28.1391
alone,transaction,27.4641
alone,transaction,42.6806
alone,transaction,33.4138
alone,transaction,28.8338
alone,transaction,28.5355
alone,transaction,60.8521
alone,transaction,34.7953
alone,transaction,34.0207
alone,transaction,48.2022
alone,transaction,32.5016
alone,transaction,28.9605
alone,transaction,29.9850
alone,transaction,14.3005
alone,transaction,22.7605
alone,transaction,22.9547
alone,transaction,13.4519
alone,transaction,20.6590
alone,transaction,21.2648
alone,transaction,24.6761
alone,transaction,23.5198
alone,transaction,29.5335
alone,transaction,25.6549
alone,transaction,36.3950
alone,transaction,27.8115
alone,transaction,20.7627
alone,transaction,31.5242
alone,transaction,15.3151
alone,transaction,25.6281
alone,transaction,29.1481
alone,transaction,27.9719
alone,transaction,23.4560
alone,transaction,27.6720
alone,transaction,27.5709
alone,transaction,28.6198
alone,transaction,26.0673
alone,transaction,29.5042
alone,transaction,23.4054
alone,transaction,23.6210
alone,transaction,22.2051
alone,transaction,20.5924
alone,transaction,15.9004
alone,transaction,25.7982
alone,transaction,29.3366
alone,transaction,29.9678
alone,transaction,24.4718
alone,transaction,26.5374
alone,transaction,24.1113
alone,transaction,32.0043
alone,transaction,29.6497
alone,transaction,26.8553
alone,transaction,23.9130
alone,transaction,41.3268
alone,transaction,20.0755
alone,transaction,23.7531
alone,transaction,26.1670
alone,transaction,25.5446
alone,transaction,21.1225
alone,transaction,15.9614
alone,transaction,18.6027
alone,transaction,17.7779
alone,transaction,22.5551
alone,transaction,18.3008
alone,transaction,22.0931
alone,transaction,15.3401
alone,transaction,22.1018
alone,transaction,16.2899
alone,transaction,19.1556
alone,transaction,20.8831
alone,transaction,28.5189
alone,transaction,22.1560
alone,transaction,16.1106
alone,transaction,17.5059
alone,transaction,27.7176
alone,transaction,24.4098
alone,transaction,36.3289
alone,transaction,23.9472
alone,transaction,23.6742
alone,transaction,25.0042
alone,transaction,18.5111
alone,transaction,17.3733
alone,transaction,30.7141
alone,transaction,20.6453
alone,transaction,21.6569
alone,transaction,26.2320
alone,transaction,14.3182
alone,transaction,10.7950
alone,transaction,20.7616
alone,transaction,36.3175
alone,transaction,25.0108
alone,transaction,20.7294
alone,transaction,17.8167
alone,transaction,31.7920
alone,transaction,21.9805
alone,transaction,35.2632
alone,transaction,51.7585
alone,transaction,20.9212
alone,transaction,26.7105
alone,transaction,30.8477
alone,transaction,31.4355
alone,transaction,27.5793
alone,transaction,35.3059
alone,transaction,31.0748
alone,transaction,29.1646
alone,transaction,34.1289
alone,transaction,32.6426
alone,transaction,45.7427
alone,transaction,33.3428
alone,transaction,38.9228
alone,transaction,33.7577
alone,transaction,26.6863
alone,transaction,82.0390
alone,transaction,17.9470
alone,transaction,24.2556
alone,transaction,27.0748
alone,transaction,20.0585
alone,transaction,17.5163
alone,transaction,17.8357
alone,transaction,26.6980
alone,transaction,31.2237
alone,transaction,28.0500
alone,transaction,32.2951
alone,transaction,36.2637
alone,transaction,33.5432
alone,transaction,30.8044
alone,transaction,23.7366
alone,transaction,19.3554
alone,transaction,18.9619
alone,transaction,15.7956
alone,transaction,24.3379
alone,transaction,25.7184
alone,transaction,23.4076
alone,transaction,28.3434
alone,transaction,27.8253
alone,transaction,30.3438
alone,transaction,20.4683
alone,transaction,27.7502
alone,transaction,19.5915
alone,transaction,15.7444
alone,transaction,41.8033
alone,transaction,34.3155
alone,transaction,31.5019
alone,transaction,44.9510
alone,transaction,31.6349
alone,transaction,22.2389
alone,transaction,28.4511
alone,transaction,25.5431
alone,transaction,18.5716
alone,transaction,20.2542
alone,transaction,24.3718
alone,transaction,29.0879
alone,transaction,21.2751
alone,transaction,12.4400
alone,transaction,24.1457
alone,transaction,24.4521
alone,transaction,19.9185
alone,transaction,12.3946
alone,transaction,24.9940
alone,transaction,27.7616
alone,transaction,21.1990
alone,transaction,15.9001
alone,transaction,21.2180
alone,transaction,21.8255
alone,transaction,20.6305
alone,transaction,21.5996
alone,transaction,14.8576
alone,transaction,16.6607
alone,transaction,18.2179
alone,transaction,26.0478
alone,transaction,20.5608
alone,transaction,27.1558
alone,transaction,33.9182
alone,transaction,24.7707
alone,transaction,23.4245
alone,transaction,29.4979
alone,transaction,26.2983
alone,transaction,20.0909
alone,transaction,26.5544
alone,transaction,20.4888
alone,transaction,16.8254
alone,transaction,17.1748
alone,transaction,17.8886
alone,transaction,22.4081
alone,transaction,22.5597
alone,transaction,37.4297
alone,transaction,20.7548
alone,transaction,12.2290
alone,transaction,18.1475
alone,transaction,17.6067
alone,transaction,21.9720
alone,transaction,9.2582
alone,transaction,12.2313
alone,transaction,22.6368
alone,transaction,41.5550
alone,transaction,43.1069
alone,transaction,20.8820
alone,transaction,17.3125
alone,transaction,27.9862
alone,transaction,23.8432
alone,transaction,31.5211
alone,transaction,30.1678
alone,transaction,21.1254
alone,transaction,32.3079
alone,transaction,31.8629
alone,transaction,18.3016
alone,transaction,39.9336
alone,transaction,35.6568
alone,transaction,30.4339
alone,transaction,38.1322
alone,transaction,43.1097
alone,transaction,35.6245
alone,transaction,59.4985
alone,transaction,63.2130
alone,transaction,19.0985
alone,transaction,29.8793
alone,transaction,20.7546
alone,transaction,20.4138
alone,transaction,29.3085
alone,transaction,25.9316
alone,transaction,34.5315
alone,transaction,36.9854
alone,transaction,34.2378
alone,transaction,32.0634
alone,transaction,30.6684
alone,transaction,34.7913
alone,transaction,32.5840
alone,transaction,25.9230
alone,transaction,19.7156
alone,transaction,20.7231
alone,transaction,25.4543
alone,transaction,28.9728
alone,transaction,30.1452
alone,transaction,35.3899
alone,transaction,22.6907
alone,transaction,23.0715
alone,transaction,21.4489
alone,transaction,20.6162
alone,transaction,46.6612
alone,transaction,22.6864
alone,transaction,25.9877
alone,transaction,12.3464
alone,transaction,20.5580
alone,transaction,32.9467
alone,transaction,25.3775
alone,transaction,43.7585
alone,transaction,13.4125
alone,transaction,22.0600
alone,transaction,18.3395
alone,transaction,21.6006
alone,transaction,21.5038
alone,transaction,17.2691
alone,transaction,15.8535
alone,transaction,27.1598
alone,transaction,13.9005
alone,transaction,24.3058
alone,transaction,24.2592
alone,transaction,19.8545
alone,transaction,19.4319
alone,transaction,23.0389
alone,transaction,21.5129
alone,transaction,18.6553
alone,transaction,18.4568
alone,transaction,16.3496
alone,transaction,16.9701
alone,transaction,16.4603
alone,transaction,27.2081
alone,transaction,36.3582
alone,transaction,22.1710
alone,transaction,26.1078
alone,transaction,23.6596
alone,transaction,23.0320
alone,transaction,30.2583
alone,transaction,23.5931
alone,transaction,24.9368
alone,transaction,22.4382
alone,transaction,28.9491
alone,transaction,25.5272
alone,transaction,27.5310
alone,transaction,14.7103
alone,transaction,11.0241
alone,transaction,12.4748
alone,transaction,21.0404
alone,transaction,17.1206
alone,transaction,27.9854
alone,transaction,38.2650
alone,transaction,24.6024
alone,transaction,21.3595
alone,transaction,16.6693
alone,transaction,26.8617
alone,transaction,9.1344
alone,transaction,7.9463
alone,transaction,9.1880
alone,transaction,29.3844
alone,transaction,31.2351
alone,transaction,40.4117
alone,transaction,33.2003
alone,transaction,31.2151
alone,transaction,23.9616
alone,transaction,26.8710
alone,transaction,28.5012
alone,transaction,35.1539
alone,transaction,30.4139
alone,transaction,23.1017
alone,transaction,28.3330
alone,transaction,39.3964
alone,transaction,32.1679
alone,transaction,43.6662
alone,transaction,38.9642
alone,transaction,40.2264
alone,transaction,44.4530
alone,transaction,21.0645
alone,transaction,23.0325
alone,transaction,15.4897
alone,transaction,12.2462
alone,transaction,25.3799
alone,transaction,17.3986
alone,transaction,22.1078
alone,transaction,25.6113
alone,transaction,19.5277
alone,transaction,26.6818
alone,transaction,17.9699
alone,transaction,24.8197
alone,transaction,31.9275
alone,transaction,12.9374
alone,transaction,23.9219
alone,transaction,26.1377
alone,transaction,34.3070
alone,transaction,29.2229
alone,transaction,23.9996
alone,transaction,27.0864
alone,transaction,31.2759
alone,transaction,22.9908
alone,transaction,22.7306
alone,transaction,24.1132
alone,transaction,25.8996
alone,transaction,29.8007
alone,transaction,20.6277
alone,transaction,19.8584
alone,transaction,24.7660
alone,transaction,18.6588
alone,transaction,22.3697
alone,transaction,16.7328
alone,transaction,22.0485
alone,transaction,22.2992
alone,transaction,36.1076
alone,transaction,17.7396
alone,transaction,37.6115
alone,transaction,29.6740
alone,transaction,22.6250
alone,transaction,22.8300
alone,transaction,27.5388
alone,transaction,26.5868
alone,transaction,24.1508
alone,transaction,16.3187
alone,transaction,21.5246
alone,transaction,19.8709
alone,transaction,27.7265
alone,transaction,27.8988
alone,transaction,23.5797
alone,transaction,27.6710
alone,transaction,17.1857
alone,transaction,18.5695
alone,transaction,23.0430
alone,transaction,20.3634
alone,transaction,24.3636
alone,transaction,23.0178
alone,transaction,21.0876
alone,transaction,20.7461
alone,transaction,21.9189
alone,transaction,21.3817
alone,transaction,41.8700
alone,transaction,21.7792
alone,transaction,25.3124
alone,transaction,19.2328
alone,transaction,27.3374
alone,transaction,21.5480
alone,transaction,24.1653
alone,transaction,20.0508
alone,transaction,30.0045
alone,transaction,31.0869
alone,transaction,13.1952
alone,transaction,36.3471
alone,transaction,24.0689
alone,transaction,18.0274
alone,transaction,20.9883
alone,transaction,19.3719
alone,transaction,25.1626
alone,transaction,36.1436
alone,transaction,24.0803
alone,transaction,21.1880
alone,transaction,22.2592
alone,transaction,16.7688
alone,transaction,33.2751
alone,transaction,19.3566
alone,transaction,37.4662
alone,transaction,36.4121
alone,transaction,32.7483
alone,transaction,22.9493
alone,transaction,31.9832
alone,transaction,33.3767
alone,transaction,19.3877
alone,transaction,33.0959
alone,transaction,28.6965
alone,transaction,30.0767
alone,transaction,33.5432
alone,transaction,34.7137
alone,transaction,23.3703
alone,transaction,34.3487
alone,transaction,36.4867
alone,transaction,28.0518
alone,transaction,28.6913
alone,transaction,29.2557
alone,transaction,26.2138
alone,transaction,23.6286
alone,transaction,12.1164
alone,transaction,8.6542
alone,transaction,25.5451
alone,transaction,21.4085
alone,transaction,23.0660
alone,transaction,19.0780
alone,transaction,26.8393
alone,transaction,27.4466
alone,transaction,23.5015
alone,transaction,31.5995
alone,transaction,36.6401
alone,transaction,29.0364
alone,transaction,29.3512
alone,transaction,27.7307
alone,transaction,32.2735
alone,transaction,24.0765
alone,transaction,24.0276
alone,transaction,29.4421
alone,transaction,33.0173
alone,transaction,24.2362
alone,transaction,26.9633
alone,transaction,29.0973
alone,transaction,21.0851
alone,transaction,20.0881
alone,transaction,24.4138
alone,transaction,27.2471
alone,transaction,21.7253
alone,transaction,28.4307
alone,transaction,23.6386
alone,transaction,35.9851
alone,transaction,29.8274
alone,transaction,22.9165
alone,transaction,29.7365
alone,transaction,22.6018
alone,transaction,30.8876
alone,transaction,31.8662
alone,transaction,26.6232
alone,transaction,20.3290
alone,transaction,19.4611
alone,transaction,21.9153
alone,transaction,20.9426
alone,transaction,30.6061
alone,transaction,25.0981
alone,transaction,24.6565
alone,transaction,21.6071
alone,transaction,21.9852
alone,transaction,23.4672
alone,transaction,23.5243
alone,transaction,20.7400
alone,transaction,25.1420
alone,transaction,13.6494
alone,transaction,13.4185
alone,transaction,17.2875
alone,transaction,15.2572
alone,transaction,35.8421
alone,transaction,36.1506
alone,transaction,25.1091
alone,transaction,23.3772
alone,transaction,21.6890
alone,transaction,22.2805
alone,transaction,27.4063
alone,transaction,28.3347
alone,transaction,27.3544
alone,transaction,34.0274
alone,transaction,20.4038
alone,transaction,26.4988
alone,transaction,24.0709
alone,transaction,19.4956
alone,transaction,17.5954
alone,transaction,23.0795
alone,transaction,25.5949
alone,transaction,24.4812
alone,transaction,38.4430
alone,transaction,30.8678
alone,transaction,17.4158
alone,transaction,17.4612
alone,transaction,9.5930
alone,transaction,13.0497
alone,transaction,30.8292
alone,transaction,36.4560
alone,transaction,37.4545
alone,transaction,36.8565
alone,transaction,27.1959
alone,transaction,25.0828
alone,transaction,31.1029
alone,transaction,27.3848
alone,transaction,24.5536
alone,transaction,30.1161
alone,transaction,27.9545
alone,transaction,23.8900
alone,transaction,35.3811
alone,transaction,44.0402
alone,transaction,51.0329
alone,transaction,11.6080
alone,transaction,10.1743
alone,transaction,42.6412
alone,transaction,31.2788
alone,transaction,30.6957
alone,transaction,21.0530
alone,transaction,20.8794
alone,transaction,13.3892
alone,transaction,26.4065
alone,transaction,24.1753
alone,transaction,26.1337
alone,transaction,21.3435
alone,transaction,18.6152
alone,transaction,15.1203
alone,transaction,25.8640
alone,transaction,29.2493
alone,transaction,30.6934
alone,transaction,12.8233
alone,transaction,29.4189
alone,transaction,30.8093
alone,transaction,34.0337
alone,transaction,25.8864
alone,transaction,26.8708
alone,transaction,27.2619
alone,transaction,23.1188
alone,transaction,18.6272
alone,transaction,17.6515
alone,transaction,20.0137
alone,transaction,21.3037
alone,transaction,28.5302
alone,transaction,32.1249
alone,transaction,24.9126
alone,transaction,25.4196
alone,transaction,21.4965
alone,transaction,26.3945
alone,transaction,24.2774
alone,transaction,20.7936
alone,transaction,33.0381
alone,transaction,21.4056
alone,transaction,28.6238
alone,transaction,21.4716
alone,transaction,24.8549
alone,transaction,22.3711
alone,transaction,27.4912
alone,transaction,28.4903
alone,transaction,26.9609
alone,transaction,21.5496
alone,transaction,21.4098
alone,transaction,21.2279
alone,transaction,22.8645
alone,transaction,22.9047
alone,transaction,17.3445
alone,transaction,26.9495
alone,transaction,26.6638
alone,transaction,21.8577
alone,transaction,18.5034
alone,transaction,17.3960
alone,transaction,26.1328
alone,transaction,27.1503
alone,transaction,17.6271
alone,transaction,19.6745
alone,transaction,16.6110
alone,transaction,20.3138
alone,transaction,29.7834
alone,transaction,41.8496
alone,transaction,21.9870
alone,transaction,22.6185
alone,transaction,27.7783
alone,transaction,27.2956
alone,transaction,40.9866
alone,transaction,24.8636
alone,transaction,31.9265
alone,transaction,22.6631
alone,transaction,27.5961
alone,transaction,26.9958
alone,transaction,26.8403
alone,transaction,17.9181
alone,transaction,18.1319
alone,transaction,20.6064
alone,transaction,23.1191
alone,transaction,41.9314
alone,transaction,21.4440
alone,transaction,18.2257
alone,transaction,23.5060
alone,transaction,12.1726
alone,transaction,28.3218
alone,transaction,25.3993
alone,transaction,32.9442
alone,transaction,34.5559
alone,transaction,26.2971
alone,transaction,24.7415
alone,transaction,27.4013
alone,transaction,29.9053
alone,transaction,20.4256
alone,transaction,25.0245
alone,transaction,32.0150
alone,transaction,28.3327
alone,transaction,28.9829
alone,transaction,31.6472
alone,transaction,40.1210
alone,transaction,42.9590
alone,transaction,37.8130
alone,transaction,45.7177
alone,transaction,36.4026
alone,transaction,46.4093
alone,transaction,59.9218
alone,transaction,28.9018
alone,transaction,22.7983
alone,transaction,21.7271
alone,transaction,40.0708
alone,transaction,33.8568
alone,transaction,33.1236
alone,transaction,38.5811
alone,transaction,33.2591
alone,transaction,35.4575
alone,transaction,27.1646
alone,transaction,24.6709
alone,transaction,26.8027
alone,transaction,27.4086
alone,transaction,22.3791
alone,transaction,29.6764
alone,transaction,24.6747
alone,transaction,30.5128
alone,transaction,28.5530
alone,transaction,29.8913
alone,transaction,26.1485
alone,transaction,23.7186
alone,transaction,18.4531
alone,transaction,20.0651
alone,transaction,21.9842
alone,transaction,28.2562
alone,transaction,24.5541
alone,transaction,38.3020
alone,transaction,35.5966
alone,transaction,21.6837
alone,transaction,33.5714
alone,transaction,35.1476
alone,transaction,28.2568
alone,transaction,20.0512
alone,transaction,18.7917
alone,transaction,23.5999
alone,transaction,24.5911
alone,transaction,22.3681
alone,transaction,29.1741
alone,transaction,24.1361
alone,transaction,17.0419
alone,transaction,18.3318
alone,transaction,27.2122
alone,transaction,21.6999
alone,transaction,19.7597
alone,transaction,22.2803
alone,transaction,17.7863
alone,transaction,22.3290
alone,transaction,21.2623
alone,transaction,20.7917
alone,transaction,21.7537
alone,transaction,19.0690
alone,transaction,22.0113
alone,transaction,28.1824
alone,transaction,35.0530
alone,transaction,32.7563
alone,transaction,13.0685
alone,transaction,20.2222
alone,transaction,26.7697
alone,transaction,29.1177
alone,transaction,45.5962
alone,transaction,31.1115
alone,transaction,26.0930
alone,transaction,16.1371
alone,transaction,16.8308
alone,transaction,11.4308
alone,transaction,19.6587
alone,transaction,27.2639
alone,transaction,40.8387
alone,transaction,20.5978
alone,transaction,20.9452
alone,transaction,16.9169
alone,transaction,22.6654
alone,transaction,10.3459
alone,transaction,9.0808
alone,transaction,7.8867
alone,transaction,6.9616
alone,transaction,4.7030
alone,transaction,4.4828
alone,transaction,4.2727
alone,transaction,30.4754
alone,transaction,30.4112
alone,transaction,41.9124
alone,transaction,29.7573
alone,transaction,22.5738
alone,transaction,31.9924
alone,transaction,32.6082
alone,transaction,36.3906
alone,transaction,23.2149
alone,transaction,32.8139
alone,transaction,24.2864
alone,transaction,24.8527
alone,transaction,44.3323
alone,transaction,31.7004
alone,transaction,47.3250
alone,transaction,36.1929
alone,transaction,37.1132
alone,transaction,25.6719
alone,transaction,32.8558
alone,transaction,17.2388
alone,transaction,21.2850
alone,transaction,17.6666
alone,transaction,24.9592
alone,transaction,20.8812
alone,transaction,22.0248
alone,transaction,29.8790
alone,transaction,20.5151
alone,transaction,36.1669
alone,transaction,27.5354
alone,transaction,20.6276
alone,transaction,36.6210
alone,transaction,31.1213
alone,transaction,27.5117
alone,transaction,19.3098
alone,transaction,30.7091
alone,transaction,32.1547
alone,transaction,22.1071
alone,transaction,25.8586
alone,transaction,16.3454
alone,transaction,29.5645
alone,transaction,26.5580
alone,transaction,28.4115
alone,transaction,17.3112
alone,transaction,25.9752
alone,transaction,27.3933
alone,transaction,22.6010
alone,transaction,20.8619
alone,transaction,24.3648
alone,transaction,18.3312
alone,transaction,22.7286
alone,transaction,27.6530
alone,transaction,24.4169
alone,transaction,32.4302
alone,transaction,31.4365
alone,transaction,45.6967
alone,transaction,34.3819
alone,transaction,28.8807
alone,transaction,22.6043
alone,transaction,16.8103
alone,transaction,20.2253
alone,transaction,19.5669
alone,transaction,17.3737
alone,transaction,10.6155
alone,transaction,26.8400
alone,transaction,26.1411
alone,transaction,21.7609
alone,transaction,20.8754
alone,transaction,19.2769
alone,transaction,21.9722
alone,transaction,20.8703
alone,transaction,21.5491
alone,transaction,15.5894
alone,transaction,21.9934
alone,transaction,17.8665
alone,transaction,14.0951
alone,transaction,17.5761
alone,transaction,24.8313
alone,transaction,18.9573
alone,transaction,19.1320
alone,transaction,24.6643
alone,transaction,24.4010
alone,transaction,23.3414
alone,transaction,24.1654
alone,transaction,35.0345
alone,transaction,27.1006
alone,transaction,20.9754
alone,transaction,33.3220
alone,transaction,15.9645
alone,transaction,28.1421
alone,transaction,25.0818
alone,transaction,19.3948
alone,transaction,18.6540
alone,transaction,21.0841
alone,transaction,20.7374
alone,transaction,21.8336
alone,transaction,37.5870
alone,transaction,40.9296
alone,transaction,20.1042
alone,transaction,15.9216
alone,transaction,10.2595
alone,transaction,32.9587
alone,transaction,22.6985
alone,transaction,31.2988
alone,transaction,31.6216
alone,transaction,22.9148
alone,transaction,24.2793
alone,transaction,21.3276
alone,transaction,32.7093
alone,transaction,24.2956
alone,transaction,26.1308
alone,transaction,23.9852
alone,transaction,25.5218
alone,transaction,24.0430
alone,transaction,35.9479
alone,transaction,37.8317
alone,transaction,61.3817
alone,transaction,29.9070
alone,transaction,19.6598
alone,transaction,49.2360
alone,transaction,22.9190
alone,transaction,19.6912
alone,transaction,21.3328
alone,transaction,21.2951
alone,transaction,24.6756
alone,transaction,21.9996
alone,transaction,23.8719
alone,transaction,30.4292
alone,transaction,22.0107
alone,transaction,18.5555
alone,transaction,21.7361
alone,transaction,34.2324
alone,transaction,34.9662
alone,transaction,35.7090
alone,transaction,35.0990
alone,transaction,32.7465
alone,transaction,26.4646
alone,transaction,25.8842
alone,transaction,22.0208
alone,transaction,25.5707
alone,transaction,17.9791
alone,transaction,28.6740
alone,transaction,22.8488
alone,transaction,24.9692
alone,transaction,21.5582
alone,transaction,19.6680
alone,transaction,26.7845
alone,transaction,16.6940
alone,transaction,19.6499
alone,transaction,14.5717
alone,transaction,20.8650
alone,transaction,15.5694
alone,transaction,16.5232
alone,transaction,26.4858
alone,transaction,29.7963
alone,transaction,18.3477
alone,transaction,28.1415
alone,transaction,31.0477
alone,transaction,41.7571
alone,transaction,32.0942
alone,transaction,23.8918
alone,transaction,19.3165
alone,transaction,21.8796
alone,transaction,19.7026
alone,transaction,18.2825
alone,transaction,20.7979
alone,transaction,30.5372
alone,transaction,26.4625
alone,transaction,24.1907
alone,transaction,17.1781
alone,transaction,17.5462
alone,transaction,20.3012
alone,transaction,32.3305
alone,transaction,35.1288
alone,transaction,19.6487
alone,transaction,12.5402
alone,transaction,16.2896
alone,transaction,19.2982
alone,transaction,23.1175
alone,transaction,21.7809
alone,transaction,18.9887
alone,transaction,22.1940
alone,transaction,16.7825
alone,transaction,24.3732
alone,transaction,20.2856
alone,transaction,37.7647
alone,transaction,23.2400
alone,transaction,19.4107
alone,transaction,29.0849
alone,transaction,32.2962
alone,transaction,25.6718
alone,transaction,28.6396
alone,transaction,16.8043
alone,transaction,15.8966
alone,transaction,18.1866
alone,transaction,27.0347
alone,transaction,30.1778
alone,transaction,15.4413
alone,transaction,38.7748
alone,transaction,14.1690
alone,transaction,20.1150
alone,transaction,27.1514
alone,transaction,23.5204
alone,transaction,26.9646
alone,transaction,41.6511
alone,transaction,23.5395
alone,transaction,25.3422
alone,transaction,26.0114
alone,transaction,31.2164
alone,transaction,30.3015
alone,transaction,22.2634
alone,transaction,32.1801
alone,transaction,23.4110
alone,transaction,29.2942
alone,transaction,26.9386
alone,transaction,54.2620
alone,transaction,33.3596
alone,transaction,37.2905
alone,transaction,59.3909
alone,transaction,28.9005
alone,transaction,21.5164
alone,transaction,23.0919
alone,transaction,21.6572
alone,transaction,24.4418
alone,transaction,20.5586
alone,transaction,21.8278
alone,transaction,22.6111
alone,transaction,20.3543
alone,transaction,25.1368
alone,transaction,30.8494
alone,transaction,32.2854
alone,transaction,32.5832
alone,transaction,35.9782
alone,transaction,35.1090
alone,transaction,25.0256
alone,transaction,24.9392
alone,transaction,30.9191
alone,transaction,31.7807
alone,transaction,24.8253
alone,transaction,29.4194
alone,transaction,27.9595
alone,transaction,33.8394
alone,transaction,33.1697
alone,transaction,27.9120
alone,transaction,23.5663
alone,transaction,21.2476
alone,transaction,24.1217
alone,transaction,19.5813
alone,transaction,24.7144
alone,transaction,38.7395
alone,transaction,20.4152
alone,transaction,24.1299
alone,transaction,31.8841
alone,transaction,24.4620
alone,transaction,35.7002
alone,transaction,35.7654
alone,transaction,32.3904
alone,transaction,28.3380
alone,transaction,24.3444
alone,transaction,22.5753
alone,transaction,28.8692
alone,transaction,18.7696
alone,transaction,20.3230
alone,transaction,25.0018
alone,transaction,17.6132
alone,transaction,19.8229
alone,transaction,24.5583
alone,transaction,18.5150
alone,transaction,35.4958
alone,transaction,31.1309
alone,transaction,15.8680
alone,transaction,19.1858
alone,transaction,33.1007
alone,transaction,19.3609
alone,transaction,15.1652
alone,transaction,22.2234
alone,transaction,28.2894
alone,transaction,29.9738
alone,transaction,30.1661
alone,transaction,23.6444
alone,transaction,23.0938
alone,transaction,20.9816
alone,transaction,26.1935
alone,transaction,29.8742
alone,transaction,25.3886
alone,transaction,32.5448
alone,transaction,16.5526
alone,transaction,20.3103
alone,transaction,21.9731
alone,transaction,28.0807
alone,transaction,22.7843
alone,transaction,35.3327
alone,transaction,16.5242
alone,transaction,21.2069
alone,transaction,15.9907
alone,transaction,16.7503
alone,transaction,19.7289
alone,transaction,9.2995
alone,transaction,9.2765
alone,transaction,5.4526
alone,transaction,5.1886
alone,transaction,26.1036
alone,transaction,23.7140
alone,transaction,28.3002
alone,transaction,36.1004
alone,transaction,24.8536
alone,transaction,36.0672
alone,transaction,34.2981
alone,transaction,23.9435
alone,transaction,28.3078
alone,transaction,35.2946
alone,transaction,18.7674
alone,transaction,25.4318
alone,transaction,31.4619
alone,transaction,30.9385
alone,transaction,54.3316
alone,transaction,27.9968
alone,transaction,34.7871
alone,transaction,38.2474
alone,transaction,40.9538
alone,transaction,34.8983
alone,transaction,26.4395
alone,transaction,23.2533
alone,transaction,22.5190
alone,transaction,22.8547
alone,transaction,27.6253
alone,transaction,21.5286
alone,transaction,18.2890
alone,transaction,26.1425
alone,transaction,30.4393
alone,transaction,37.9517
alone,transaction,32.8693
alone,transaction,31.5585
alone,transaction,24.5577
alone,transaction,23.8839
alone,transaction,22.0834
alone,transaction,31.9599
alone,transaction,27.8342
alone,transaction,24.6560
alone,transaction,18.9922
alone,transaction,31.2469
alone,transaction,24.6841
alone,transaction,25.2779
alone,transaction,23.3793
alone,transaction,29.0642
alone,transaction,22.6445
alone,transaction,19.9853
alone,transaction,22.8894
alone,transaction,20.8621
alone,transaction,20.2762
alone,transaction,29.1862
alone,transaction,24.2170
alone,transaction,23.6340
alone,transaction,32.3767
alone,transaction,40.4478
alone,transaction,28.6447
alone,transaction,33.2526
alone,transaction,20.2137
alone,transaction,19.8797
alone,transaction,19.9304
alone,transaction,20.3373
alone,transaction,16.0509
alone,transaction,15.6585
alone,transaction,26.3688
alone,transaction,31.5806
alone,transaction,22.0793
alone,transaction,19.3339
alone,transaction,15.6382
alone,transaction,16.7811
alone,transaction,19.1073
alone,transaction,23.9912
alone,transaction,22.7540
alone,transaction,22.3095
alone,transaction,24.7246
alone,transaction,16.9881
alone,transaction,22.2878
alone,transaction,19.7308
alone,transaction,16.5564
alone,transaction,17.4572
alone,transaction,18.6123
alone,transaction,26.8979
alone,transaction,26.6763
alone,transaction,19.0758
alone,transaction,25.7798
alone,transaction,25.2171
alone,transaction,23.7285
alone,transaction,23.0000
alone,transaction,34.0759
alone,transaction,18.4277
alone,transaction,22.7555
alone,transaction,21.2355
alone,transaction,13.3763
alone,transaction,11.6902
alone,transaction,12.1682
alone,transaction,19.7882
alone,transaction,23.8754
alone,transaction,23.3452
alone,transaction,19.8444
alone,transaction,39.6041
alone,transaction,24.2762
alone,transaction,17.6288
alone,transaction,26.5778
alone,transaction,31.6344
alone,transaction,38.8012
alone,transaction,37.8751
alone,transaction,26.4801
alone,transaction,28.9015
alone,transaction,32.1924
alone,transaction,26.4054
alone,transaction,26.6421
alone,transaction,37.9803
alone,transaction,30.5769
alone,transaction,33.8093
alone,transaction,38.0877
alone,transaction,44.7953
alone,transaction,30.3560
alone,transaction,32.0626
alone,transaction,34.9637
alone,transaction,28.5261
alone,transaction,26.8005
alone,transaction,19.3676
alone,transaction,20.8288
alone,transaction,32.5892
alone,transaction,23.9849
alone,transaction,17.7852
alone,transaction,36.3931
alone,transaction,25.3308
alone,transaction,23.0989
alone,transaction,20.3521
alone,transaction,30.8919
alone,transaction,29.5810
alone,transaction,31.8304
alone,transaction,29.3912
alone,transaction,29.1998
alone,transaction,30.4184
alone,transaction,28.7913
alone,transaction,25.6001
alone,transaction,26.9456
alone,transaction,39.1785
alone,transaction,22.6199
alone,transaction,19.7065
alone,transaction,24.9048
alone,transaction,12.8311
alone,transaction,16.9581
alone,transaction,24.7582
alone,transaction,24.4176
alone,transaction,23.8603
alone,transaction,25.0981
alone,transaction,26.9551
alone,transaction,29.9432
alone,transaction,33.0887
alone,transaction,16.2418
alone,transaction,20.0043
alone,transaction,29.9554
alone,transaction,59.6368
alone,transaction,30.2472
alone,transaction,31.5986
alone,transaction,23.0195
alone,transaction,15.9377
alone,transaction,24.7371
alone,transaction,19.4909
alone,transaction,26.0530
alone,transaction,26.3305
alone,transaction,23.0092
alone,transaction,12.4514
alone,transaction,22.6610
alone,transaction,20.2648
alone,transaction,17.5221
alone,transaction,15.4807
alone,transaction,23.4869
alone,transaction,20.6611
alone,transaction,23.2753
alone,transaction,22.0493
alone,transaction,17.3399
alone,transaction,30.9411
alone,transaction,41.8222
alone,transaction,23.5751
alone,transaction,24.2818
alone,transaction,24.3006
alone,transaction,21.2850
alone,transaction,36.6199
alone,transaction,12.9607
alone,transaction,21.6615
alone,transaction,22.8561
alone,transaction,22.5829
alone,transaction,45.8413
alone,transaction,29.3653
alone,transaction,13.9110
alone,transaction,18.3602
alone,transaction,25.3965
alone,transaction,18.6187
alone,transaction,21.5216
alone,transaction,42.0138
alone,transaction,25.8041
alone,transaction,20.1690
alone,transaction,24.0408
alone,transaction,25.0311
alone,transaction,12.5004
alone,transaction,8.6106
alone,transaction,9.7909
alone,transaction,6.2829
alone,transaction,27.8444
alone,transaction,42.3310
alone,transaction,32.6337
alone,transaction,27.8423
alone,transaction,32.8120
alone,transaction,26.3876
alone,transaction,45.3568
alone,transaction,26.7198
alone,transaction,27.7403
alone,transaction,27.4608
alone,transaction,22.0515
alone,transaction,28.0615
alone,transaction,29.8648
alone,transaction,27.2712
alone,transaction,23.3696
alone,transaction,25.7499
alone,transaction,40.3513
alone,transaction,40.4864
alone,transaction,26.4178
alone,transaction,22.7423
alone,transaction,27.7140
alone,transaction,27.1006
alone,transaction,23.8760
alone,transaction,22.1470
alone,transaction,18.6326
alone,transaction,28.1123
alone,transaction,24.9471
alone,transaction,24.4450
alone,transaction,22.9686
alone,transaction,29.6147
alone,transaction,19.7208
alone,transaction,13.2206
alone,transaction,26.3389
alone,transaction,26.5308
alone,transaction,10.1296
alone,transaction,11.4932
alone,transaction,16.2047
alone,transaction,21.9677
alone,transaction,22.9046
alone,transaction,25.4730
alone,transaction,25.2023
alone,transaction,30.1184
alone,transaction,13.6487
alone,transaction,17.5110
alone,transaction,26.8923
alone,transaction,28.8207
alone,transaction,28.7939
alone,transaction,30.9130
alone,transaction,24.6357
alone,transaction,22.1956
alone,transaction,19.8294
alone,transaction,27.1511
alone,transaction,26.8412
alone,transaction,32.1046
alone,transaction,25.8039
alone,transaction,25.7945
alone,transaction,24.7528
alone,transaction,20.1961
alone,transaction,18.1133
alone,transaction,44.0355
alone,transaction,28.6193
alone,transaction,22.2627
alone,transaction,16.7850
alone,transaction,17.1890
alone,transaction,21.5468
alone,transaction,19.9797
alone,transaction,26.0615
alone,transaction,29.5727
alone,transaction,25.6229
alone,transaction,25.5242
alone,transaction,18.5720
alone,transaction,22.2689
alone,transaction,22.8038
alone,transaction,22.2725
alone,transaction,16.6126
alone,transaction,18.2941
alone,transaction,15.4181
alone,transaction,20.5988
alone,transaction,17.0820
alone,transaction,16.4271
alone,transaction,47.2262
alone,transaction,20.3033
alone,transaction,44.8857
alone,transaction,26.4721
alone,transaction,23.6205
alone,transaction,22.8913
alone,transaction,17.4589
alone,transaction,19.8332
alone,transaction,21.4407
alone,transaction,33.9060
alone,transaction,23.9834
alone,transaction,30.6869
alone,transaction,20.9874
alone,transaction,23.0854
alone,transaction,22.8039
alone,transaction,23.6440
alone,transaction,25.4765
alone,transaction,41.8596
alone,transaction,35.1728
alone,transaction,18.4629
alone,transaction,25.8199
alone,transaction,34.0377
alone,transaction,39.5418
alone,transaction,27.9805
alone,transaction,29.9432
alone,transaction,25.5989
alone,transaction,37.4478
alone,transaction,25.9854
alone,transaction,24.1230
alone,transaction,26.4094
alone,transaction,28.8980
alone,transaction,28.5865
alone,transaction,40.0548
alone,transaction,54.4460
alone,transaction,27.5350
alone,transaction,30.0144
alone,transaction,25.7256
alone,transaction,39.6818
alone,transaction,35.1554
alone,transaction,17.3735
alone,transaction,27.3577
alone,transaction,35.0489
alone,transaction,23.7034
alone,transaction,23.3042
alone,transaction,26.3050
alone,transaction,16.5556
alone,transaction,18.9797
alone,transaction,25.5370
alone,transaction,33.2629
alone,transaction,30.3928
alone,transaction,35.6283
alone,transaction,24.1752
alone,transaction,23.9342
alone,transaction,31.7580
alone,transaction,30.8622
alone,transaction,31.1887
alone,transaction,31.5621
alone,transaction,20.4691
alone,transaction,18.0359
alone,transaction,24.0454
alone,transaction,17.8178
alone,transaction,13.5576
alone,transaction,28.5934
alone,transaction,27.5515
alone,transaction,23.2174
alone,transaction,22.6012
alone,transaction,21.5795
alone,transaction,18.4074
alone,transaction,24.1968
alone,transaction,31.4731
alone,transaction,39.4971
alone,transaction,37.5972
alone,transaction,28.4837
alone,transaction,20.6976
alone,transaction,21.0646
alone,transaction,30.2801
alone,transaction,28.2893
alone,transaction,26.6160
alone,transaction,21.5120
alone,transaction,20.7004
alone,transaction,23.4525
alone,transaction,20.2160
alone,transaction,28.0953
alone,transaction,24.5750
alone,transaction,26.2083
alone,transaction,19.5059
alone,transaction,19.5191
alone,transaction,23.2918
alone,transaction,23.8060
alone,transaction,18.2405
alone,transaction,20.1978
alone,transaction,15.8249
alone,transaction,16.9297
alone,transaction,24.3941
alone,transaction,24.4962
alone,transaction,24.5124
alone,transaction,39.9571
alone,transaction,23.2124
alone,transaction,20.8639
alone,transaction,33.8579
alone,transaction,32.8969
alone,transaction,20.2712
alone,transaction,23.9271
alone,transaction,22.5676
alone,transaction,23.6430
alone,transaction,38.3352
alone,transaction,15.1924
alone,transaction,19.4383
alone,transaction,15.6229
alone,transaction,22.6745
alone,transaction,23.0268
alone,transaction,19.1453
alone,transaction,20.9755
alone,transaction,38.1050
alone,transaction,35.9299
alone,transaction,19.0699
alone,transaction,15.3319
alone,transaction,14.2996
alone,transaction,15.4976
alone,transaction,9.1991
alone,transaction,27.9866
alone,transaction,31.6814
alone,transaction,38.0395
alone,transaction,31.9677
alone,transaction,28.6354
alone,transaction,31.0587
alone,transaction,30.4328
alone,transaction,24.8136
alone,transaction,43.5568
alone,transaction,32.3428
alone,transaction,28.0111
alone,transaction,35.9722
alone,transaction,37.2330
alone,transaction,28.3990
alone,transaction,27.6929
alone,transaction,36.8510
alone,transaction,42.2004
alone,transaction,37.9405
alone,transaction,25.2270
alone,transaction,15.6688
alone,transaction,19.9389
alone,transaction,14.6422
alone,transaction,27.8311
alone,transaction,18.7191
alone,transaction,20.9363
alone,transaction,26.6863
alone,transaction,14.1696
alone,transaction,22.8129
alone,transaction,14.4545
alone,transaction,26.4543
alone,transaction,27.7574
alone,transaction,39.6338
alone,transaction,30.1803
alone,transaction,35.3510
alone,transaction,29.1020
alone,transaction,29.2777
alone,transaction,21.4728
alone,transaction,31.3721
alone,transaction,24.6226
alone,transaction,34.8096
alone,transaction,25.9859
alone,transaction,21.5012
alone,transaction,28.6090
alone,transaction,30.1252
alone,transaction,26.9463
alone,transaction,24.1176
alone,transaction,24.1474
alone,transaction,22.2821
alone,transaction,31.6107
alone,transaction,29.6545
alone,transaction,21.5172
alone,transaction,21.8631
alone,transaction,34.2469
alone,transaction,63.4232
alone,transaction,32.7784
alone,transaction,24.8294
alone,transaction,23.6156
alone,transaction,22.8517
alone,transaction,24.3896
alone,transaction,15.8868
alone,transaction,32.0186
alone,transaction,26.4470
alone,transaction,26.6970
alone,transaction,23.2946
alone,transaction,17.5433
alone,transaction,23.0562
alone,transaction,25.4471
alone,transaction,15.6328
alone,transaction,17.6264
alone,transaction,19.1988
alone,transaction,23.7249
alone,transaction,17.7131
alone,transaction,17.1060
alone,transaction,26.1739
alone,transaction,23.8149
alone,transaction,23.5966
alone,transaction,20.6557
alone,transaction,29.5723
alone,transaction,32.4099
alone,transaction,30.9792
alone,transaction,22.3846
alone,transaction,16.2378
alone,transaction,35.4630
alone,transaction,42.0041
alone,transaction,14.0577
alone,transaction,9.0635
alone,transaction,14.9931
alone,transaction,26.9887
alone,transaction,16.0006
alone,transaction,21.6861
alone,transaction,18.2125
alone,transaction,21.2349
alone,transaction,36.0086
alone,transaction,27.5790
alone,transaction,23.2510
alone,transaction,20.0215
alone,transaction,25.9905
alone,transaction,8.1521
alone,transaction,9.2643
alone,transaction,10.5742
alone,transaction,27.3863
alone,transaction,24.6314
alone,transaction,25.5701
alone,transaction,36.9352
alone,transaction,28.2790
alone,transaction,28.3653
alone,transaction,33.3804
alone,transaction,29.2418
alone,transaction,20.8528
alone,transaction,21.6744
alone,transaction,24.1341
alone,transaction,25.6128
alone,transaction,22.1025
alone,transaction,33.3208
alone,transaction,41.3728
alone,transaction,33.2120
alone,transaction,37.6381
alone,transaction,33.6342
alone,transaction,46.9190
alone,transaction,28.8727
alone,transaction,17.5158
alone,transaction,10.6773
alone,transaction,17.5549
alone,transaction,20.9711
alone,transaction,30.5139
alone,transaction,19.9883
alone,transaction,24.4327
alone,transaction,14.2032
alone,transaction,23.1397
alone,transaction,26.9028
alone,transaction,31.9229
alone,transaction,28.9812
alone,transaction,34.8983
alone,transaction,30.1708
alone,transaction,34.6797
alone,transaction,25.1522
alone,transaction,25.1815
alone,transaction,17.7603
alone,transaction,15.5743
alone,transaction,29.6085
alone,transaction,27.7986
alone,transaction,24.7102
alone,transaction,23.3585
alone,transaction,25.1841
alone,transaction,23.3193
alone,transaction,17.3049
alone,transaction,33.3557
alone,transaction,28.0596
alone,transaction,27.5420
alone,transaction,21.8657
alone,transaction,20.3343
alone,transaction,19.8728
alone,transaction,28.8110
alone,transaction,23.2179
alone,transaction,21.2782
alone,transaction,33.5594
alone,transaction,40.2449
alone,transaction,29.2292
alone,transaction,33.9412
alone,transaction,22.0778
alone,transaction,22.3071
alone,transaction,24.4728
alone,transaction,29.5050
alone,transaction,24.1224
alone,transaction,20.5955
alone,transaction,18.3864
alone,transaction,14.6379
alone,transaction,23.7230
alone,transaction,21.1647
alone,transaction,18.7652
alone,transaction,20.3880
alone,transaction,28.1147
alone,transaction,20.9415
alone,transaction,20.6121
alone,transaction,24.3038
alone,transaction,15.4332
alone,transaction,21.7029
alone,transaction,30.5330
alone,transaction,42.5016
alone,transaction,21.8287
alone,transaction,25.6231
alone,transaction,24.5267
alone,transaction,22.9704
alone,transaction,26.5919
alone,transaction,27.2467
alone,transaction,21.7127
alone,transaction,30.7345
alone,transaction,31.8860
alone,transaction,33.7726
alone,transaction,19.0058
alone,transaction,18.8847
alone,transaction,23.1468
alone,transaction,32.4249
alone,transaction,27.9337
alone,transaction,40.8329
alone,transaction,20.3066
alone,transaction,18.6658
alone,transaction,15.6177
alone,transaction,14.0336
alone,transaction,9.8860
alone,transaction,27.2001
alone,transaction,33.7863
alone,transaction,35.3557
alone,transaction,34.6005
alone,transaction,33.2634
alone,transaction,28.7954
alone,transaction,32.1520
alone,transaction,30.7309
alone,transaction,29.2529
alone,transaction,25.9341
alone,transaction,21.9139
alone,transaction,23.4012
alone,transaction,36.6232
alone,transaction,33.9572
alone,transaction,20.3174
alone,transaction,39.3688
alone,transaction,37.6278
alone,transaction,39.8380
alone,transaction,35.4411
alone,transaction,20.1638
alone,transaction,12.9743
alone,transaction,20.0441
alone,transaction,17.9630
alone,transaction,29.7055
alone,transaction,20.6450
alone,transaction,29.3896
alone,transaction,19.6534
alone,transaction,17.5214
alone,transaction,29.6506
alone,transaction,27.6692
alone,transaction,29.1528
alone,transaction,41.5865
alone,transaction,29.9292
alone,transaction,29.8538
alone,transaction,29.6544
alone,transaction,29.0741
alone,transaction,28.6113
alone,transaction,31.4811
alone,transaction,32.5810
alone,transaction,28.8015
alone,transaction,29.0997
alone,transaction,22.7096
alone,transaction,13.4258
alone,transaction,32.2851
alone,transaction,31.1458
alone,transaction,23.0821
alone,transaction,23.7097
alone,transaction,16.8528
alone,transaction,25.5149
alone,transaction,27.7816
alone,transaction,28.5633
alone,transaction,20.0735
alone,transaction,36.0979
alone,transaction,55.1136
alone,transaction,30.1329
alone,transaction,25.1939
alone,transaction,25.2455
alone,transaction,18.6312
alone,transaction,23.3325
alone,transaction,19.3827
alone,transaction,23.1771
alone,transaction,23.7979
alone,transaction,14.5819
alone,transaction,18.4497
alone,transaction,21.1067
alone,transaction,18.8317
alone,transaction,19.3102
alone,transaction,27.0422
alone,transaction,22.2639
alone,transaction,16.4316
alone,transaction,23.4467
alone,transaction,18.2031
alone,transaction,23.7475
alone,transaction,16.1735
alone,transaction,14.3094
alone,transaction,19.9467
alone,transaction,20.9070
alone,transaction,17.6400
alone,transaction,16.4437
alone,transaction,20.6115
alone,transaction,18.9192
alone,transaction,23.0704
alone,transaction,19.5700
alone,transaction,24.9291
alone,transaction,14.5544
alone,transaction,20.8032
alone,transaction,17.3316
alone,transaction,36.8727
alone,transaction,20.3704
alone,transaction,25.5490
alone,transaction,27.6366
alone,transaction,13.4572
alone,transaction,18.0770
alone,transaction,16.3383
alone,transaction,34.7977
alone,transaction,23.7143
alone,transaction,36.6952
alone,transaction,22.5762
alone,transaction,23.0579
alone,transaction,16.4710
