phase,measure,ms
both,query,4.3494
both,query,4.6411
both,query,7.2054
both,query,5.1324
both,query,5.0434
both,query,8.1646
both,query,7.5633
both,query,3.8986
both,query,2.4244
both,query,4.4855
both,query,8.5516
both,query,1.7978
both,query,5.7748
both,query,3.5654
both,query,1.7869
both,query,8.5446
both,query,1.9441
both,query,4.0388
both,query,4.4166
both,query,3.9518
both,query,13.1525
both,query,7.0098
both,query,4.8353
both,query,3.6644
both,query,1.9434
both,query,5.4740
both,query,2.6500
both,query,4.0452
both,query,9.7111
both,query,4.7030
both,query,5.7151
both,query,4.8379
both,query,2.7254
both,query,4.0704
both,query,5.9141
both,query,3.8601
both,query,5.8223
both,query,5.2382
both,query,3.7077
both,query,6.2871
both,query,2.9189
both,query,9.6298
both,query,3.6563
both,query,6.5659
both,query,8.3115
both,query,6.3018
both,query,4.8559
both,query,5.2377
both,query,6.5038
both,query,3.5790
both,query,5.4267
both,query,2.8800
both,query,9.2378
both,query,1.6048
both,query,4.6090
both,query,4.8204
both,query,3.3376
both,query,2.4962
both,query,3.2012
both,query,6.2345
both,query,5.1725
both,query,3.8714
both,query,3.6758
both,query,3.6211
both,query,6.2360
both,query,2.3831
both,query,4.0035
both,query,4.0643
both,query,2.5266
both,query,5.2531
both,query,6.3115
both,query,2.8727
both,query,5.7996
both,query,11.5696
both,query,3.1515
both,query,5.0633
both,query,3.3034
both,query,6.4450
both,query,11.7289
both,query,4.4093
both,query,6.2026
both,query,3.1361
both,query,2.6821
both,query,3.6639
both,query,3.3225
both,query,2.6753
both,query,8.2679
both,query,1.6830
both,query,16.1615
both,query,1.7907
both,query,2.1716
both,query,3.6253
both,query,6.6898
both,query,3.7268
both,query,5.5372
both,query,4.7873
both,query,5.4317
both,query,2.4904
both,query,5.4332
both,query,3.0055
both,query,5.3704
both,query,23.3721
both,query,3.6752
both,query,4.6446
both,query,3.8602
both,query,4.4338
both,query,1.6823
both,query,2.7067
both,query,4.0450
both,query,1.8451
both,query,5.6643
both,query,4.8570
both,query,3.8339
both,query,4.1879
both,query,5.2948
both,query,4.0981
both,query,4.7521
both,query,5.8220
both,query,5.0672
both,query,5.8954
both,query,5.4441
both,query,4.2772
both,query,5.8141
both,query,5.3813
both,query,3.6812
both,query,5.3883
both,query,5.0019
both,query,11.0890
both,query,2.0645
both,query,1.9852
both,query,4.5794
both,query,6.3192
both,query,3.6442
both,query,2.6873
both,query,2.7555
both,query,3.4684
both,query,6.0003
both,query,1.4219
both,query,4.7641
both,query,3.1448
both,query,13.0503
both,query,6.2177
both,query,5.3452
both,query,5.9419
both,query,3.4631
both,query,2.8756
both,query,6.9335
both,query,2.6129
both,query,4.5450
both,query,2.3042
both,query,3.7868
both,query,3.9477
both,query,3.9683
both,query,4.0562
both,query,4.7948
both,query,5.0259
both,query,4.4262
both,query,3.5495
both,query,3.9998
both,query,3.1897
both,query,4.2522
both,query,4.3643
both,query,4.3446
both,query,2.9230
both,query,12.0922
both,query,2.1464
both,query,5.7752
both,query,7.7858
both,query,8.0003
both,query,3.5393
both,query,5.3888
both,query,4.5704
both,query,6.2200
both,query,3.5387
both,query,2.8889
both,query,2.3483
both,query,5.9989
both,query,13.8328
both,query,2.8847
both,query,3.6615
both,query,9.6269
both,query,12.4979
both,query,3.6610
both,query,8.2596
both,query,2.4388
both,query,7.6304
both,query,3.0671
both,query,3.3054
both,query,4.6394
both,query,1.9433
both,query,6.3900
both,query,8.0680
both,query,13.8557
both,query,4.4454
both,query,1.9143
both,query,3.5003
both,query,2.8080
both,query,3.2524
both,query,2.7560
both,query,4.0082
both,query,6.5425
both,query,2.8606
both,query,2.5477
both,query,5.3612
both,query,5.3088
both,query,6.4306
both,query,3.8550
both,query,4.3441
both,query,6.5356
both,query,2.4377
both,query,2.8758
both,query,3.7251
both,query,5.0894
both,query,10.0351
both,query,5.2191
both,query,7.5432
both,query,6.1801
both,query,4.5281
both,query,4.5435
both,query,4.9820
both,query,2.7414
both,query,5.6088
both,query,5.3565
both,query,4.1287
both,query,2.8827
both,query,2.4602
both,query,3.9757
both,query,3.0787
both,query,18.3070
both,query,3.4205
both,query,4.1368
both,query,3.9562
both,query,5.4118
both,query,7.4771
both,query,3.7091
both,query,6.2644
both,query,3.7429
both,query,6.0233
both,query,4.9606
both,query,9.1427
both,query,1.8520
both,query,5.9975
both,query,3.5761
both,query,5.9331
both,query,2.6142
both,query,4.7281
both,query,4.3829
both,query,3.8068
both,query,7.7787
both,query,4.5999
both,query,2.0782
both,query,3.9397
both,query,2.5576
both,query,5.2763
both,query,8.6497
both,query,3.4789
both,query,4.7586
both,query,4.2077
both,query,5.4090
both,query,4.6203
both,query,3.9137
both,query,7.5884
both,query,2.5728
both,query,4.7152
both,query,2.5004
both,query,13.0895
both,query,6.6182
both,query,10.7349
both,query,4.1349
both,query,9.8310
both,query,6.6967
both,query,5.0335
both,query,4.7518
both,query,4.9204
both,query,2.9397
both,query,3.6466
both,query,1.5287
both,query,4.1602
both,query,3.1642
both,query,3.0854
both,query,1.8597
both,query,5.1928
both,query,7.9907
both,query,1.8568
both,query,5.8405
both,query,19.4490
both,query,8.3464
both,query,3.9803
both,query,4.1575
both,query,4.3423
both,query,4.9205
both,query,4.1667
both,query,3.1475
both,query,6.3897
both,query,6.9057
both,query,2.2436
both,query,2.9439
both,query,2.1444
both,query,2.2737
both,query,2.1750
both,query,10.5817
both,query,4.8363
both,query,1.9203
both,query,3.4002
both,query,4.8622
both,query,5.0246
both,query,3.6905
both,query,2.8488
both,query,2.8906
both,query,6.0186
both,query,2.9100
both,query,5.7314
both,query,5.5273
both,query,4.7001
both,query,7.9416
both,query,3.5051
both,query,5.2668
both,query,3.9721
both,query,4.1520
both,query,2.9236
both,query,3.1186
both,query,4.9078
both,query,3.7806
both,query,4.4902
both,query,2.2819
both,query,1.6679
both,query,5.8998
both,query,4.2722
both,query,8.9618
both,query,3.5986
both,query,5.2929
both,query,4.0487
both,query,3.8143
both,query,1.8563
both,query,5.4192
both,query,2.6492
both,query,4.8558
both,query,3.8147
both,query,3.6781
both,query,3.2887
both,query,3.5401
both,query,6.9436
both,query,4.1620
both,query,5.2894
both,query,8.4229
both,query,5.4772
both,query,3.6909
both,query,2.4684
both,query,6.5780
both,query,2.2769
both,query,2.8891
both,query,2.7268
both,query,3.8007
both,query,4.8511
both,query,3.7079
both,query,3.1906
both,query,3.2489
both,query,2.1713
both,query,2.7434
both,query,5.7320
both,query,6.7159
both,query,4.1755
both,query,4.6250
both,query,4.3850
both,query,1.9502
both,query,2.1721
both,query,11.5380
both,query,3.4296
both,query,3.2181
both,query,3.2638
both,query,3.9723
both,query,4.4941
both,query,5.6810
both,query,4.8449
both,query,6.5107
both,query,2.3701
both,query,2.5871
both,query,4.4222
both,query,3.9210
both,query,2.5177
both,query,7.7006
both,query,4.0511
both,query,6.6895
both,query,4.6539
both,query,8.8927
both,query,6.0500
both,query,8.5134
both,query,4.2324
both,query,1.9793
both,query,2.9546
both,query,5.5089
both,query,12.5199
both,query,3.8641
both,query,3.3989
both,query,4.4012
both,query,3.1675
both,query,2.3411
both,query,7.1621
both,query,3.5237
both,query,2.8612
both,query,7.7516
both,query,3.3900
both,query,4.1330
both,query,6.5200
both,query,2.7233
both,query,5.7241
both,query,6.2182
both,query,1.7506
both,query,5.1765
both,query,6.4829
both,query,2.5268
both,query,3.5367
both,query,2.0758
both,query,5.2230
both,query,1.8287
both,query,4.1236
both,query,4.4424
both,query,11.5178
both,query,3.9557
both,query,4.0649
both,query,7.2624
both,query,1.6768
both,query,3.6882
both,query,3.4408
both,query,4.7553
both,query,2.3706
both,query,3.9036
both,query,9.2488
both,query,3.6224
both,query,2.3450
both,query,5.7820
both,query,3.4974
both,query,4.4371
both,query,2.6244
both,query,5.5878
both,query,5.8113
both,query,4.7857
both,query,2.1395
both,query,7.3817
both,query,3.9442
both,query,4.7361
both,query,3.9363
both,query,5.8867
both,query,4.8700
both,query,2.8612
both,query,6.4171
both,query,2.2361
both,query,3.1943
both,query,1.7481
both,query,5.0236
both,query,4.4497
both,query,1.8786
both,query,2.8315
both,query,5.3077
both,query,4.8858
both,query,4.3046
both,query,4.2818
both,query,1.8567
both,query,4.2634
both,query,3.8917
both,query,4.7280
both,query,5.2902
both,query,3.4084
both,query,4.6128
both,query,4.3037
both,query,3.1110
both,query,3.6900
both,query,6.2551
both,query,3.1566
both,query,7.3447
both,query,1.7223
both,query,4.8354
both,query,3.3923
both,query,4.3772
both,query,7.0993
both,query,4.2669
both,query,1.9080
both,query,1.7527
both,query,2.4852
both,query,1.9403
both,query,7.5547
both,query,4.9176
both,query,3.3553
both,query,7.5345
both,query,2.6213
both,query,1.8962
both,query,5.6477
both,query,4.9371
both,query,6.1556
both,query,7.5367
both,query,4.5932
both,query,4.7688
both,query,4.6127
both,query,4.3036
both,query,3.3896
both,query,6.8040
both,query,4.4836
both,query,4.0208
both,query,7.9638
both,query,2.6586
both,query,14.5809
both,query,2.6312
both,query,4.4099
both,query,4.5410
both,query,2.5015
both,query,4.0838
both,query,5.5712
both,query,4.3735
both,query,5.5972
both,query,2.4937
both,query,4.1153
both,query,4.4441
both,query,1.5842
both,query,2.2287
both,query,2.9502
both,query,3.3582
both,query,6.8984
both,query,7.3178
both,query,3.8346
both,query,5.3906
both,query,5.5510
both,query,1.9397
both,query,4.2496
both,query,5.7542
both,query,2.4764
both,query,5.7064
both,query,1.8714
both,query,6.6719
both,query,4.6680
both,query,6.3563
both,query,6.1147
both,query,4.2881
both,query,5.7393
both,query,6.1285
both,query,3.7815
both,query,6.3963
both,query,5.3126
both,query,3.4166
both,query,2.7158
both,query,3.3231
both,query,2.9587
both,query,7.1432
both,query,5.0137
both,query,6.7267
both,query,5.0080
both,query,6.5917
both,query,2.6615
both,query,4.4841
both,query,4.3979
both,query,8.9642
both,query,14.0989
both,query,3.2477
both,query,4.9774
both,query,4.4772
both,query,5.2114
both,query,6.0483
both,query,4.1180
both,query,6.2973
both,query,4.9934
both,query,5.9188
both,query,4.5848
both,query,3.4922
both,query,5.2495
both,query,6.0248
both,query,7.7384
both,query,6.6594
both,query,19.5839
both,query,2.4304
both,query,3.1869
both,query,1.9307
both,query,6.8308
both,query,6.5239
both,query,5.0457
both,query,7.3657
both,query,2.4096
both,query,2.1108
both,query,3.3769
both,query,2.7693
both,query,5.5143
both,query,5.2897
both,query,7.3923
both,query,6.0798
both,query,4.6473
both,query,8.7268
both,query,6.1549
both,query,4.8515
both,query,6.5963
both,query,2.8546
both,query,3.4234
both,query,3.0316
both,query,2.8361
both,query,4.9826
both,query,3.9365
both,query,4.9721
both,query,6.0860
both,query,4.5587
both,query,3.0163
both,query,5.3653
both,query,7.2582
both,query,1.8490
both,query,2.7251
both,query,3.9701
both,query,4.1327
both,query,1.3824
both,query,4.2340
both,query,3.2610
both,query,4.8059
both,query,2.6060
both,query,1.4642
both,query,3.3558
both,query,6.9044
both,query,3.4914
both,query,3.4840
both,query,2.6907
both,query,3.1460
both,query,5.8930
both,query,3.2506
both,query,3.3738
both,query,8.6091
both,query,5.2226
both,query,8.7174
both,query,4.1895
both,query,8.5523
both,query,3.9630
both,query,4.8732
both,query,2.2915
both,query,4.5681
both,query,10.0117
both,query,11.9014
both,query,6.3581
both,query,2.9755
both,query,3.7090
both,query,5.4552
both,query,7.3559
both,query,3.9594
both,query,4.0832
both,query,3.2757
both,query,2.9693
both,query,4.6677
both,query,5.1242
both,query,4.9664
both,query,1.5471
both,query,5.7887
both,query,7.9118
both,query,7.5939
both,query,3.9009
both,query,6.4104
both,query,4.8404
both,query,3.7651
both,query,7.6496
both,query,5.6661
both,query,4.6626
both,query,4.1220
both,query,7.4100
both,query,4.0642
both,query,7.8748
both,query,5.7739
both,query,3.6146
both,query,2.7029
both,query,5.4827
both,query,2.8416
both,query,3.4684
both,query,9.0642
both,query,7.9078
both,query,10.8526
both,query,5.2710
both,query,19.5596
both,query,2.8914
both,query,2.9266
both,query,1.4514
both,query,3.0463
both,query,3.1365
both,query,7.2070
both,query,8.4796
both,query,23.4792
both,query,3.1594
both,query,2.0915
both,query,5.5806
both,query,1.4794
both,query,3.8355
both,query,5.0885
both,query,4.8849
both,query,5.3118
both,query,4.7950
both,query,9.0689
both,query,4.0414
both,query,2.4735
both,query,3.3959
both,query,3.8578
both,query,4.1515
both,query,3.8822
both,query,4.1301
both,query,2.4480
both,query,6.6274
both,query,3.9571
both,query,4.6893
both,query,2.3789
both,query,3.5615
both,query,1.6808
both,query,1.5868
both,query,20.7266
both,query,4.2935
both,query,4.2390
both,query,3.6511
both,query,3.7713
both,query,3.2856
both,query,6.6074
both,query,5.1420
both,query,3.8260
both,query,3.6287
both,query,5.3627
both,query,2.9073
both,query,3.6549
both,query,2.6829
both,query,4.6482
both,query,4.2368
both,query,6.2409
both,query,4.2811
both,query,3.5464
both,query,8.0590
both,query,6.4001
both,query,7.7563
both,query,2.6319
both,query,4.6269
both,query,3.9653
both,query,2.1565
both,query,2.9375
both,query,5.6392
both,query,3.4067
both,query,4.7418
both,query,7.9538
both,query,4.3741
both,query,4.0672
both,query,6.0973
both,query,5.5984
both,query,5.2372
both,query,5.4964
both,query,5.1307
both,query,2.6624
both,query,3.8411
both,query,4.2193
both,query,4.8365
both,query,7.6283
both,query,4.7900
both,query,5.6971
both,query,6.7159
both,query,3.8970
both,query,4.8022
both,query,12.1751
both,query,2.1262
both,query,4.6954
both,query,3.9260
both,query,2.9513
both,query,2.9505
both,query,2.8600
both,query,3.6542
both,query,2.5855
both,query,3.6724
both,query,2.7853
both,query,2.7574
both,query,2.7171
both,query,2.1826
both,query,2.5038
both,query,3.5226
both,query,3.0382
both,query,3.4812
both,query,5.4872
both,query,4.3598
both,query,3.9599
both,query,4.8725
both,query,6.3715
both,query,2.9716
both,query,2.5329
both,query,5.0178
both,query,5.4071
both,query,3.1355
both,query,4.4760
both,query,7.7561
both,query,1.5266
both,query,6.2477
both,query,3.4602
both,query,3.8618
both,query,6.9955
both,query,8.8007
both,query,5.9943
both,query,5.3512
both,query,11.8927
both,query,9.9326
both,query,4.2165
both,query,11.6061
both,query,3.7794
both,query,4.6008
both,query,2.8983
both,query,5.4794
both,query,3.4968
both,query,5.9887
both,query,4.4435
both,query,4.2280
both,query,5.5282
both,query,3.3151
both,query,6.7310
both,query,4.7203
both,query,6.4063
both,query,5.0059
both,query,5.5254
both,query,3.8260
both,query,3.8423
both,query,13.9959
both,query,4.4715
both,query,5.9134
both,query,2.8523
both,query,3.8653
both,query,4.5593
both,query,4.0640
both,query,5.9938
both,query,6.5024
both,query,2.7493
both,query,2.5184
both,query,6.6848
both,query,6.6889
both,query,3.3462
both,query,2.1276
both,query,5.2040
both,query,6.6252
both,query,4.1523
both,query,7.8091
both,query,6.1009
both,query,5.9452
both,query,2.0537
both,query,8.9428
both,query,4.1715
both,query,12.5572
both,query,4.0114
both,query,1.9728
both,query,4.0756
both,query,2.5561
both,query,3.6794
both,query,4.3619
both,query,6.2674
both,query,5.6388
both,query,9.5524
both,query,3.2523
both,query,3.5265
both,query,3.2477
both,query,5.2599
both,query,1.6548
both,query,5.4679
both,query,8.6374
both,query,3.6720
both,query,8.6881
both,query,4.6790
both,query,3.2357
both,query,4.4183
both,query,3.7167
both,query,4.7483
both,query,4.4425
both,query,3.9120
both,query,2.8367
both,query,5.2357
both,query,2.7419
both,query,3.7984
both,query,3.5145
both,query,4.9067
both,query,5.7326
both,query,3.6314
both,query,14.6104
both,query,3.3127
both,query,1.9872
both,query,2.0125
both,query,2.3771
both,query,4.0780
both,query,4.0858
both,query,4.5552
both,query,4.6743
both,query,2.0372
both,query,4.7909
both,query,8.5928
both,query,6.4577
both,query,5.4933
both,query,5.4187
both,query,5.6119
both,query,8.2683
both,query,6.7566
both,query,2.1545
both,query,3.0575
both,query,2.1960
both,query,3.0206
both,query,4.0155
both,query,2.1756
both,query,2.7368
both,query,2.2869
both,query,4.0096
both,query,2.6147
both,query,3.5963
both,query,4.8103
both,query,2.1428
both,query,3.4231
both,query,4.0898
both,query,3.1548
both,query,2.8033
both,query,3.3511
both,query,4.9789
both,query,6.0006
both,query,1.5563
both,query,4.8803
both,query,3.6985
both,query,3.9369
both,query,4.1856
both,query,3.4463
both,query,5.1906
both,query,4.4822
both,query,2.7611
both,query,4.7745
both,query,5.0723
both,query,4.4692
both,query,2.8748
both,query,2.6933
both,query,2.8864
both,query,6.2751
both,query,3.2280
both,query,3.7729
both,query,3.5479
both,query,4.6818
both,query,3.1807
both,query,4.1320
both,query,3.9562
both,query,3.9097
both,query,3.8246
both,query,2.4015
both,query,3.6729
both,query,5.0350
both,query,9.6627
both,query,3.0064
both,query,2.4155
both,query,2.9200
both,query,8.7540
both,query,3.1992
both,query,4.8486
both,query,6.9824
both,query,1.7943
both,query,6.0243
both,query,9.2836
both,query,8.1037
both,query,5.1021
both,query,5.0927
both,query,6.7261
both,query,5.5236
both,query,4.4892
both,query,2.3094
both,query,3.8519
both,query,2.5338
both,query,3.6815
both,query,7.4352
both,query,5.2392
both,query,3.9401
both,query,4.3549
both,query,3.3773
both,query,1.6434
both,query,5.4441
both,query,3.6684
both,query,4.7847
both,query,6.3449
both,query,3.7469
both,query,5.6091
both,query,3.9889
both,query,5.7833
both,query,4.9002
both,query,2.2314
both,query,4.2355
both,query,2.3132
both,query,4.4417
both,query,4.7837
both,query,5.9129
both,query,2.7710
both,query,6.7148
both,query,6.4019
both,query,2.6911
both,query,3.3485
both,query,3.0194
both,query,6.4450
both,query,5.4890
both,query,4.6767
both,query,8.7544
both,query,6.2219
both,query,3.5157
both,query,3.9938
both,query,4.1578
both,query,6.3848
both,query,3.0587
both,query,4.6008
both,query,8.0296
both,query,3.1075
both,query,2.8596
both,query,3.9345
both,query,4.4566
both,query,3.8992
both,query,3.0987
both,query,4.2500
both,query,1.9336
both,query,4.2193
both,query,3.3215
both,query,6.4427
both,query,5.2138
both,query,5.5292
both,query,6.9388
both,query,1.8129
both,query,13.3045
both,query,6.4280
both,query,4.5479
both,query,2.1582
both,query,6.6328
both,query,5.3840
both,query,3.7979
both,query,7.9390
both,query,8.9416
both,query,6.7893
both,query,6.3712
both,query,2.4887
both,query,2.7823
both,query,3.2105
both,query,5.8193
both,query,3.8774
both,query,4.7950
both,query,1.5320
both,query,4.2551
both,query,1.6797
both,query,5.6939
both,query,7.3584
both,query,9.9178
both,query,5.0590
both,query,1.5765
both,query,2.1635
both,query,4.0711
both,query,6.8592
both,query,2.9272
both,query,4.0926
both,query,4.8784
both,query,4.4155
both,query,2.6850
both,query,2.9421
both,query,6.1403
both,query,7.6366
both,query,4.2473
both,query,9.4514
both,query,4.0133
both,query,2.1106
both,query,4.3654
both,query,2.1944
both,query,2.0137
both,query,2.4992
both,query,3.7606
both,query,8.4596
both,query,5.2763
both,query,5.2332
both,query,2.7111
both,query,4.4561
both,query,2.4256
both,query,3.9190
both,query,3.8384
both,query,5.1745
both,query,2.9167
both,query,4.1763
both,query,9.6156
both,query,2.8459
both,query,11.3382
both,query,2.4666
both,query,7.7105
both,query,9.4730
both,query,8.9061
both,query,1.9191
both,query,4.8498
both,query,3.7609
both,query,9.0851
both,query,5.9192
both,query,3.6736
both,query,2.2053
both,query,6.7872
both,query,2.9059
both,query,3.9914
both,query,3.3930
both,query,6.3998
both,query,5.3585
both,query,8.2084
both,query,3.0997
both,query,3.8069
both,query,3.7093
both,query,2.7472
both,query,7.8724
both,query,5.1543
both,query,8.4496
both,query,2.7213
both,query,5.8385
both,query,4.6729
both,query,4.3046
both,query,4.0118
both,query,6.1349
both,query,4.5363
both,query,5.5086
both,query,3.6490
both,query,1.3568
both,query,9.9948
both,query,5.8003
both,query,4.8485
both,query,3.9530
both,query,4.8091
both,query,7.5221
both,query,4.2834
both,query,4.6575
both,query,5.2385
both,query,5.8524
both,query,3.2686
both,query,3.6266
both,query,5.3434
both,query,5.0802
both,query,4.1880
both,query,5.1672
both,query,4.0093
both,query,5.5807
both,query,5.3757
both,query,3.0401
both,query,4.8474
both,query,8.1688
both,query,4.4035
both,query,3.4466
both,query,4.9895
both,query,3.6410
both,query,3.4284
both,query,6.6546
both,query,4.6031
both,query,5.1498
both,query,5.3263
both,query,3.9263
both,query,2.6207
both,query,4.2540
both,query,3.5467
both,query,7.9389
both,query,4.8883
both,query,4.1901
both,query,14.1472
both,query,5.0011
both,query,7.1391
both,query,4.2921
both,query,7.8898
both,query,10.1642
both,query,5.1426
both,query,4.2817
both,query,3.2463
both,query,2.8785
both,query,2.9108
both,query,7.0860
both,query,3.3657
both,query,6.6928
both,query,3.7302
both,query,3.2273
both,query,4.5674
both,query,6.8405
both,query,3.6491
both,query,4.1811
both,query,3.4837
both,query,2.6185
both,query,3.4460
both,query,2.5759
both,query,2.8847
both,query,4.0756
both,query,2.3392
both,query,5.9570
both,query,1.8186
both,query,3.4738
both,query,2.4646
both,query,3.3160
both,query,11.1162
both,query,5.0727
both,query,4.2263
both,query,4.7229
both,query,5.5561
both,query,7.9092
both,query,3.2380
both,query,3.9608
both,query,7.2080
both,query,3.4330
both,query,2.2894
both,query,3.8169
both,query,6.2050
both,query,6.7116
both,query,5.4174
both,query,5.4644
both,query,1.4402
both,query,5.1263
both,query,3.0711
both,query,6.2888
both,query,4.0776
both,query,3.2767
both,query,2.6339
both,query,6.1260
both,query,4.4842
both,query,5.2955
both,query,5.5609
both,query,4.5976
both,query,5.2806
both,query,7.1958
both,query,2.6547
both,query,6.0031
both,query,4.0784
both,query,3.7712
both,query,3.9706
both,query,4.5090
both,query,2.7602
both,query,3.6912
both,query,5.7752
both,query,6.2922
both,query,14.5239
both,query,5.7984
both,query,5.3046
both,query,2.1975
both,query,6.8615
both,query,5.2968
both,query,6.2913
both,query,3.5403
both,query,1.7803
both,query,4.4012
both,query,3.7867
both,query,1.5842
both,query,1.9849
both,query,3.6480
both,query,3.6183
both,query,2.9252
both,query,3.8524
both,query,6.5640
both,query,8.2939
both,query,3.3360
both,query,4.9987
both,query,5.2591
both,query,2.9230
both,query,3.1836
both,query,3.6833
both,query,4.7762
both,query,3.5141
both,query,4.2639
both,query,3.0274
both,query,3.9037
both,query,4.5215
both,query,2.4002
both,query,3.9249
both,query,8.9730
both,query,4.5546
both,query,6.0014
both,query,3.2891
both,query,4.0123
both,query,5.8758
both,query,2.9408
both,query,2.6701
both,query,4.1630
both,query,3.8754
both,query,5.3812
both,query,3.8503
both,query,4.3268
both,query,4.1470
both,query,4.6367
both,query,4.8974
both,query,2.9395
both,query,3.7267
both,query,4.7892
both,query,2.4561
both,query,6.0850
both,query,6.2949
both,query,3.9179
both,query,5.7890
both,query,7.3478
both,query,4.7480
both,query,3.1393
both,query,4.6809
both,query,2.7556
both,query,7.9450
both,query,2.8012
both,query,3.5483
both,query,4.3405
both,query,3.4140
both,query,2.9402
both,query,4.1157
both,query,7.8922
both,query,7.1982
both,query,4.6804
both,query,7.6432
both,query,2.4733
both,query,8.8896
both,query,1.4395
both,query,2.4070
both,query,3.3109
both,query,5.3123
both,query,4.0887
both,query,4.5914
both,query,3.0652
both,query,3.3439
both,query,3.0673
both,query,5.7680
both,query,6.3624
both,query,2.5800
both,query,4.8030
both,query,1.9286
both,query,2.3280
both,query,5.0412
both,query,4.8904
both,query,4.1693
both,query,2.2419
both,query,4.4342
both,query,4.0518
both,query,1.8860
both,query,3.2160
both,query,5.3237
both,query,12.4382
both,query,3.4671
both,query,4.9073
both,query,3.9990
both,query,4.0133
both,query,4.4969
both,query,2.8832
both,query,3.9239
both,query,7.4564
both,query,6.1143
both,query,5.1480
both,query,6.1856
both,query,4.1110
both,query,5.6838
both,query,3.1075
both,query,3.7905
both,query,3.3732
both,query,11.8938
both,query,13.6249
both,query,4.2593
both,query,5.9199
both,query,3.1767
both,query,2.9687
both,query,3.6769
both,query,4.3004
both,query,6.1666
both,query,4.5138
both,query,9.5245
both,query,5.9619
both,query,6.7769
both,query,9.4705
both,query,2.7108
both,query,8.9013
both,query,6.4918
both,query,2.8640
both,query,3.6856
both,query,2.0235
both,query,5.0641
both,query,13.0089
both,query,2.4285
both,query,3.0640
both,query,4.1288
both,query,3.8623
both,query,4.0543
both,query,4.2152
both,query,4.9472
both,query,4.1893
both,query,4.1185
both,query,4.6667
both,query,3.2358
both,query,3.7186
both,query,7.2630
both,query,7.1135
both,query,2.5287
both,query,4.8423
both,query,4.9432
both,query,3.2983
both,query,6.6583
both,query,5.6713
both,query,3.9877
both,query,9.5931
both,query,3.9235
both,query,2.4617
both,query,4.0301
both,query,11.6449
both,query,4.1218
both,query,11.7034
both,query,4.0115
both,query,6.6464
both,query,1.1516
both,query,5.5203
both,query,4.4121
both,query,4.8562
both,query,5.5116
both,query,3.6153
both,query,4.4771
both,query,4.0895
both,query,2.9605
both,query,2.5019
both,query,3.8878
both,query,4.3692
both,query,4.6557
both,query,4.7755
both,query,1.9325
both,query,2.7794
both,query,1.8500
both,query,1.9690
both,query,1.4455
both,query,1.4860
both,query,1.3637
both,query,1.4441
both,query,4.3010
both,query,3.4982
both,query,6.5958
both,query,6.5717
both,query,3.0276
both,query,2.9784
both,query,2.7358
both,query,3.4224
both,query,7.5145
both,query,5.8389
both,query,3.1977
both,query,2.2468
both,query,5.9652
both,query,5.0160
both,query,3.6336
both,query,6.4710
both,query,7.3199
both,query,2.8464
both,query,4.4017
both,query,5.2490
both,query,15.5166
both,query,9.3602
both,query,3.1180
both,query,6.9987
both,query,4.5826
both,query,2.7939
both,query,8.3568
both,query,2.5283
both,query,2.9106
both,query,4.0611
both,query,5.2158
both,query,8.5240
both,query,5.0702
both,query,5.1302
both,query,8.6769
both,query,2.2068
both,query,3.6160
both,query,3.9064
both,query,5.6217
both,query,3.9639
both,query,5.2791
both,query,4.4322
both,query,9.5064
both,query,7.4935
both,query,3.1735
both,query,5.2422
both,query,8.7719
both,query,2.5094
both,query,5.7910
both,query,2.4732
both,query,6.4396
both,query,2.1834
both,query,1.7373
both,query,3.4641
both,query,4.1495
both,query,3.5334
both,query,3.7976
both,query,4.0870
both,query,4.2932
both,query,3.7100
both,query,4.6586
both,query,2.9828
both,query,7.9926
both,query,2.9639
both,query,3.2289
both,query,5.6696
both,query,4.3601
both,query,4.9777
both,query,6.0512
both,query,7.9825
both,query,4.8449
both,query,4.8471
both,query,3.9370
both,query,5.3108
both,query,5.5857
both,query,6.9260
both,query,4.0522
both,query,3.2040
both,query,5.5152
both,query,1.8958
both,query,3.7641
both,query,2.9697
both,query,6.1137
both,query,5.3975
both,query,8.5894
both,query,4.0414
both,query,6.0416
both,query,3.4713
both,query,4.7587
both,query,4.9991
both,query,5.0778
both,query,3.6084
both,query,4.2091
both,query,1.3374
both,query,3.9769
both,query,5.2045
both,query,3.1994
both,query,4.2412
both,query,3.4832
both,query,2.3909
both,query,6.4363
both,query,4.4653
both,query,5.5871
both,query,3.2468
both,query,3.5912
both,query,6.2410
both,query,5.4595
both,query,3.8473
both,query,6.1920
both,query,5.4597
both,query,3.4497
both,query,4.4905
both,query,4.8739
both,query,1.9536
both,query,3.4019
both,query,3.3760
both,query,3.0750
both,query,5.0405
both,query,3.4053
both,query,4.9456
both,query,4.2079
both,query,1.5350
both,query,1.4318
both,query,2.3119
both,query,5.4531
both,query,2.1094
both,query,3.8509
both,query,1.9150
both,query,3.8852
both,query,3.6862
both,query,6.6334
both,query,2.7665
both,query,2.4798
both,query,4.1140
both,query,6.3178
both,query,3.5800
both,query,6.2296
both,query,4.7566
both,query,3.3212
both,query,3.9302
both,query,3.1160
both,query,6.2401
both,query,3.6438
both,query,5.7997
both,query,7.9739
both,query,3.6451
both,query,2.2062
both,query,2.3337
both,query,4.4510
both,query,3.2176
both,query,2.4796
both,query,3.3982
both,query,3.6655
both,query,2.6700
both,query,4.2324
both,query,2.5239
both,query,4.1473
both,query,3.6094
both,query,2.6128
both,query,3.2251
both,query,5.8753
both,query,4.7173
both,query,3.4092
both,query,3.3407
both,query,13.3026
both,query,4.7746
both,query,3.5543
both,query,3.2860
both,query,2.8261
both,query,4.3280
both,query,3.4229
both,query,4.2298
both,query,6.6252
both,query,2.9029
both,query,1.2790
both,query,4.6596
both,query,1.6117
both,query,11.5710
both,query,4.0343
both,query,8.6076
both,query,12.1671
both,query,4.0959
both,query,5.4142
both,query,3.9287
both,query,2.5219
both,query,4.1350
both,query,3.3067
both,query,6.1952
both,query,2.8030
both,query,5.9332
both,query,2.0876
both,query,9.7729
both,query,5.6145
both,query,4.2367
both,query,4.6518
both,query,2.6922
both,query,10.6833
both,query,5.1233
both,query,3.5875
both,query,3.6118
both,query,4.9778
both,query,3.0964
both,query,6.4304
both,query,4.3883
both,query,3.5844
both,query,2.4759
both,query,4.8760
both,query,2.4351
both,query,5.7185
both,query,3.1569
both,query,3.1154
both,query,3.1284
both,query,2.5167
both,query,2.6249
both,query,9.0738
both,query,6.9360
both,query,3.8186
both,query,3.3923
both,query,3.2709
both,query,4.5812
both,query,4.3075
both,query,7.0749
both,query,7.9859
both,query,5.4172
both,query,4.3603
both,query,3.0563
both,query,12.2987
both,query,3.8433
both,query,6.0651
both,query,2.5678
both,query,3.7537
both,query,9.6717
both,query,5.2871
both,query,3.0617
both,query,3.6076
both,query,6.7858
both,query,5.7770
both,query,3.1535
both,query,3.7393
both,query,6.7856
both,query,10.1184
both,query,6.4368
both,query,1.7934
both,query,1.8257
both,query,1.4220
both,query,3.4979
both,query,3.5657
both,query,1.3822
both,query,8.3651
both,query,6.3425
both,query,3.0224
both,query,8.5021
both,query,3.5835
both,query,4.7347
both,query,6.1973
both,query,5.1419
both,query,4.3456
both,query,4.3737
both,query,7.2937
both,query,3.9199
both,query,3.2650
both,query,4.4232
both,query,3.2911
both,query,4.1465
both,query,2.2976
both,query,2.6872
both,query,16.0990
both,query,3.0266
both,query,5.2402
both,query,3.1970
both,query,4.7934
both,query,6.5098
both,query,5.5870
both,query,5.1458
both,query,4.5337
both,query,5.9392
both,query,5.5875
both,query,3.5315
both,query,7.2701
both,query,1.7014
both,query,6.8557
both,query,3.7854
both,query,2.7501
both,query,5.6589
both,query,6.4252
both,query,3.2312
both,query,8.5357
both,query,6.1561
both,query,5.9182
both,query,4.6993
both,query,6.5471
both,query,1.6769
both,query,4.4186
both,query,2.7737
both,query,3.6040
both,query,7.4205
both,query,6.0497
both,query,1.4506
both,query,3.2524
both,query,1.7715
both,query,8.4807
both,query,3.5499
both,query,6.3343
both,query,11.8266
both,query,5.5919
both,query,6.0680
both,query,4.0989
both,query,3.1084
both,query,4.9170
both,query,5.1007
both,query,5.3041
both,query,2.1920
both,query,5.0733
both,query,3.1392
both,query,11.7839
both,query,4.6399
both,query,3.7472
both,query,5.6531
both,query,5.3447
both,query,3.3323
both,query,4.2208
both,query,4.1915
both,query,5.5222
both,query,1.8519
both,query,5.7270
both,query,3.9811
both,query,4.8097
both,query,15.6495
both,query,5.1353
both,query,10.3775
both,query,3.1287
both,query,1.4686
both,query,3.2908
both,query,3.6393
both,query,3.7875
both,query,4.5828
both,query,3.0333
both,query,3.1201
both,query,6.9149
both,query,4.5108
both,query,3.1837
both,query,5.1673
both,query,6.4351
both,query,7.6310
both,query,2.5460
both,query,5.7038
both,query,3.3734
both,query,2.4524
both,query,3.4825
both,query,2.1340
both,query,3.1438
both,query,3.3790
both,query,2.5692
both,query,7.2654
both,query,4.3483
both,query,6.0350
both,query,2.8990
both,query,4.4983
both,query,3.5091
both,query,3.5171
both,query,4.2451
both,query,4.0919
both,query,4.4671
both,query,3.4059
both,query,3.1455
both,query,2.9649
both,query,5.3079
both,query,5.2737
both,query,3.5081
both,query,7.2280
both,query,4.7196
both,query,5.8519
both,query,5.7566
both,query,2.1673
both,query,6.8855
both,query,3.5154
both,query,3.9421
both,query,7.0513
both,query,2.9646
both,query,4.7933
both,query,6.5275
both,query,3.9779
both,query,2.2388
both,query,4.9467
both,query,5.0080
both,query,5.4441
both,query,8.5124
both,query,3.5806
both,query,2.8998
both,query,4.1409
both,query,4.5225
both,query,10.3329
both,query,7.1421
both,query,3.9952
both,query,2.3175
both,query,4.4125
both,query,3.9548
both,query,6.3199
both,query,7.5123
both,query,5.0695
both,query,15.3728
both,query,5.1589
both,query,3.0805
both,query,4.7775
both,query,11.6478
both,query,5.1460
both,query,2.4663
both,query,3.4167
both,query,5.6513
both,query,5.0144
both,query,3.5642
both,query,3.8964
both,query,2.0212
both,query,7.2508
both,query,3.2504
both,query,3.0653
both,query,1.5517
both,query,4.4072
both,query,3.9100
both,query,3.5877
both,query,5.1099
both,query,2.5854
both,query,3.1388
both,query,5.0471
both,query,5.6764
both,query,3.6496
both,query,3.1890
both,query,3.3661
both,query,3.2302
both,query,5.4139
both,query,4.8929
both,query,4.2458
both,query,6.5758
both,query,2.3995
both,query,2.5420
both,query,5.8678
both,query,6.8893
both,query,2.9855
both,query,5.5421
both,query,3.9686
both,query,5.8334
both,query,5.7600
both,query,3.4626
both,query,5.3993
both,query,4.4803
both,query,2.3583
both,query,2.0383
both,query,7.9447
both,query,5.2412
both,query,3.0221
both,query,7.2205
both,query,4.5968
both,query,4.5664
both,query,5.1629
both,query,3.9288
both,query,4.4938
both,query,3.8649
both,query,2.9215
both,query,3.2823
both,query,2.3944
both,query,6.1115
both,query,3.6278
both,query,13.1119
both,query,5.6045
both,query,3.3353
both,query,2.8635
both,query,5.8339
both,query,2.9651
both,query,3.8703
both,query,4.3583
both,query,1.8455
both,query,4.7813
both,query,6.7686
both,query,3.6253
both,query,4.8588
both,query,4.3580
both,query,2.6610
both,query,3.9085
both,query,3.5088
both,query,5.8024
both,query,4.7182
both,query,9.6403
both,query,4.3388
both,query,5.3465
both,query,2.7798
both,query,8.1464
both,query,3.0336
both,query,2.7014
both,query,4.7014
both,query,3.9266
both,query,3.0601
both,query,5.4111
both,query,4.7205
both,query,4.9940
both,query,3.4955
both,query,4.6900
both,query,6.0029
both,query,2.6242
both,query,3.4375
both,query,1.7829
both,query,4.8047
both,query,3.8632
both,query,2.8476
both,query,4.0050
both,query,2.1277
both,query,3.5331
both,query,4.0349
both,query,5.4623
both,query,6.1011
both,query,3.2278
both,query,2.6972
both,query,5.6960
both,query,4.6241
both,query,7.0681
both,query,2.7317
both,query,6.5506
both,query,3.1011
both,query,4.7774
both,query,9.0020
both,query,4.6874
both,query,4.9684
both,query,5.3177
both,query,2.8656
both,query,2.4582
both,query,5.0118
both,query,3.8846
both,query,3.5832
both,query,3.5803
both,query,7.4419
both,query,3.6538
both,query,6.8072
both,query,4.3970
both,query,3.1897
both,query,3.4516
both,query,5.4037
both,query,6.9138
both,query,4.3768
both,query,6.0226
both,query,3.1650
both,query,6.1895
both,query,6.6512
both,query,6.0499
both,query,2.0315
both,query,2.6031
both,query,8.2650
both,query,4.1453
both,query,3.8575
both,query,3.1027
both,query,5.0845
both,query,3.8582
both,query,4.7569
both,query,4.7877
both,query,3.3911
both,query,2.8623
both,query,4.6597
both,query,5.1084
both,query,4.9345
both,query,4.6644
both,query,4.8991
both,query,3.1176
both,query,2.5750
both,query,4.0410
both,query,5.8600
both,query,6.9992
both,query,4.8835
both,query,5.1454
both,query,3.1784
both,query,4.0072
both,query,4.9738
both,query,2.0342
both,query,4.3520
both,query,4.0384
both,query,8.6918
both,query,7.5138
both,query,3.1608
both,query,3.0993
both,query,2.9761
both,query,5.8932
both,query,6.0102
both,query,6.7502
both,query,2.1369
both,query,7.0942
both,query,7.3010
both,query,8.6492
both,query,2.8160
both,query,4.1250
both,query,4.4899
both,query,4.5509
both,query,2.4360
both,query,6.8753
both,query,3.7971
both,query,4.0777
both,query,4.7258
both,query,5.1588
both,query,3.0376
both,query,5.6351
both,query,4.4786
both,query,2.7270
both,query,1.5660
both,query,1.3840
both,transaction,15.3156
both,transaction,42.7130
both,transaction,36.6955
both,transaction,43.5682
both,transaction,40.0334
both,transaction,51.3320
both,transaction,37.6927
both,transaction,41.4585
both,transaction,25.2928
both,transaction,44.9786
both,transaction,44.9966
both,transaction,26.6986
both,transaction,32.1899
both,transaction,30.8378
both,transaction,19.8423
both,transaction,43.9268
both,transaction,36.3205
both,transaction,42.2991
both,transaction,32.0663
both,transaction,32.4844
both,transaction,48.1283
both,transaction,53.6030
both,transaction,36.4665
both,transaction,43.0458
both,transaction,29.6946
both,transaction,41.1056
both,transaction,26.2371
both,transaction,44.7898
both,transaction,37.5515
both,transaction,29.6845
both,transaction,35.3758
both,transaction,32.3283
both,transaction,28.0138
both,transaction,33.8427
both,transaction,28.9466
both,transaction,35.7283
both,transaction,39.7898
both,transaction,37.7555
both,transaction,33.0066
both,transaction,38.1646
both,transaction,34.7080
both,transaction,26.1906
both,transaction,34.7457
both,transaction,40.6099
both,transaction,57.5942
both,transaction,58.5132
both,transaction,52.8647
both,transaction,41.8547
both,transaction,23.7088
both,transaction,33.3510
both,transaction,27.1374
both,transaction,21.8647
both,transaction,42.1834
both,transaction,28.7207
both,transaction,38.3287
both,transaction,38.0544
both,transaction,38.2767
both,transaction,19.0104
both,transaction,33.5003
both,transaction,33.7353
both,transaction,36.2714
both,transaction,44.4572
both,transaction,62.8136
both,transaction,34.8058
both,transaction,44.1098
both,transaction,23.3698
both,transaction,32.0512
both,transaction,33.0973
both,transaction,32.6164
both,transaction,45.0268
both,transaction,48.1394
both,transaction,36.9294
both,transaction,88.4491
both,transaction,36.1217
both,transaction,28.3889
both,transaction,21.5470
both,transaction,32.6851
both,transaction,38.7165
both,transaction,52.4492
both,transaction,49.5911
both,transaction,39.9217
both,transaction,41.3319
both,transaction,40.1766
both,transaction,28.7256
both,transaction,30.1241
both,transaction,18.9502
both,transaction,36.3260
both,transaction,20.2826
both,transaction,30.7023
both,transaction,23.0496
both,transaction,19.2257
both,transaction,24.2779
both,transaction,40.5333
both,transaction,39.1744
both,transaction,34.3732
both,transaction,27.3058
both,transaction,28.1205
both,transaction,26.9185
both,transaction,35.0058
both,transaction,19.5389
both,transaction,51.8047
both,transaction,57.0032
both,transaction,29.3562
both,transaction,28.4542
both,transaction,41.0935
both,transaction,33.5484
both,transaction,20.8436
both,transaction,15.3401
both,transaction,35.0086
both,transaction,30.7790
both,transaction,33.3682
both,transaction,45.5447
both,transaction,47.3584
both,transaction,35.2989
both,transaction,34.2770
both,transaction,20.1612
both,transaction,39.2123
both,transaction,42.2563
both,transaction,40.7529
both,transaction,39.5330
both,transaction,37.2363
both,transaction,39.5154
both,transaction,37.8489
both,transaction,43.4414
both,transaction,23.9248
both,transaction,33.5003
both,transaction,45.4200
both,transaction,43.0618
both,transaction,27.9027
both,transaction,36.9838
both,transaction,28.8448
both,transaction,39.0295
both,transaction,28.3316
both,transaction,25.8143
both,transaction,42.3543
both,transaction,35.4063
both,transaction,37.9912
both,transaction,35.0622
both,transaction,33.1914
both,transaction,28.6629
both,transaction,59.7225
both,transaction,33.1925
both,transaction,43.9975
both,transaction,36.8306
both,transaction,67.2819
both,transaction,27.1933
both,transaction,43.2829
both,transaction,30.8860
both,transaction,36.3483
both,transaction,25.1694
both,transaction,27.7659
both,transaction,26.7395
both,transaction,38.1900
both,transaction,37.9644
both,transaction,37.7528
both,transaction,34.2439
both,transaction,37.0137
both,transaction,30.6770
both,transaction,38.2505
both,transaction,36.0874
both,transaction,33.9450
both,transaction,37.0727
both,transaction,32.7864
both,transaction,23.7109
both,transaction,29.3920
both,transaction,29.5149
both,transaction,35.9057
both,transaction,40.0597
both,transaction,39.0407
both,transaction,30.9413
both,transaction,29.0631
both,transaction,41.1348
both,transaction,28.3723
both,transaction,37.7876
both,transaction,25.0021
both,transaction,30.6013
both,transaction,25.3805
both,transaction,42.0240
both,transaction,38.5017
both,transaction,27.2646
both,transaction,40.3610
both,transaction,49.8362
both,transaction,34.4936
both,transaction,49.9811
both,transaction,39.6338
both,transaction,35.9390
both,transaction,22.1695
both,transaction,32.1004
both,transaction,36.5059
both,transaction,33.3803
both,transaction,41.2460
both,transaction,48.4753
both,transaction,42.6175
both,transaction,37.3745
both,transaction,23.1070
both,transaction,21.5149
both,transaction,26.0937
both,transaction,18.4504
both,transaction,28.2685
both,transaction,40.0582
both,transaction,89.4834
both,transaction,33.2115
both,transaction,41.7485
both,transaction,47.4678
both,transaction,37.9543
both,transaction,41.6917
both,transaction,38.6428
both,transaction,47.7995
both,transaction,38.7292
both,transaction,29.3559
both,transaction,27.8668
both,transaction,27.2276
both,transaction,35.6786
both,transaction,33.4047
both,transaction,37.6776
both,transaction,42.8634
both,transaction,39.4184
both,transaction,38.8162
both,transaction,46.1481
both,transaction,47.4093
both,transaction,29.8913
both,transaction,39.9182
both,transaction,41.2121
both,transaction,36.3464
both,transaction,33.1723
both,transaction,28.4814
both,transaction,51.8431
both,transaction,30.5302
both,transaction,49.9178
both,transaction,34.7038
both,transaction,35.0017
both,transaction,36.6756
both,transaction,39.0919
both,transaction,42.2430
both,transaction,38.5967
both,transaction,38.0926
both,transaction,31.7862
both,transaction,40.6036
both,transaction,38.5307
both,transaction,43.2894
both,transaction,52.1757
both,transaction,61.6720
both,transaction,42.1811
both,transaction,39.5344
both,transaction,30.7790
both,transaction,23.9661
both,transaction,35.8000
both,transaction,28.3695
both,transaction,42.0265
both,transaction,31.1779
both,transaction,20.9459
both,transaction,35.8499
both,transaction,26.7098
both,transaction,33.0823
both,transaction,44.6590
both,transaction,33.9863
both,transaction,33.9303
both,transaction,34.6826
both,transaction,36.3369
both,transaction,27.6257
both,transaction,36.3134
both,transaction,34.6048
both,transaction,48.2030
both,transaction,49.8685
both,transaction,30.0676
both,transaction,58.9660
both,transaction,37.9914
both,transaction,63.3745
both,transaction,37.0702
both,transaction,48.4100
both,transaction,46.6884
both,transaction,28.4319
both,transaction,33.5585
both,transaction,34.2015
both,transaction,33.2272
both,transaction,28.3147
both,transaction,35.1120
both,transaction,34.8165
both,transaction,18.1745
both,transaction,26.8442
both,transaction,10.7969
both,transaction,32.1640
both,transaction,33.8822
both,transaction,37.1803
both,transaction,37.5096
both,transaction,46.4695
both,transaction,44.0699
both,transaction,23.1020
both,transaction,38.3723
both,transaction,36.5498
both,transaction,35.4861
both,transaction,28.5336
both,transaction,35.9270
both,transaction,37.8893
both,transaction,26.0179
both,transaction,26.6744
both,transaction,23.2725
both,transaction,18.1779
both,transaction,11.7255
both,transaction,13.7176
both,transaction,94.4190
both,transaction,28.3947
both,transaction,26.7810
both,transaction,30.3752
both,transaction,54.1534
both,transaction,41.8892
both,transaction,32.2366
both,transaction,43.1943
both,transaction,33.8282
both,transaction,37.4179
both,transaction,28.8892
both,transaction,42.3259
both,transaction,44.8491
both,transaction,49.7910
both,transaction,45.1529
both,transaction,43.2158
both,transaction,33.9121
both,transaction,35.0552
both,transaction,35.9998
both,transaction,30.0702
both,transaction,29.7072
both,transaction,40.6962
both,transaction,31.3717
both,transaction,27.5792
both,transaction,21.2894
both,transaction,12.0479
both,transaction,34.9393
both,transaction,19.7301
both,transaction,40.7129
both,transaction,28.8442
both,transaction,27.6486
both,transaction,29.5968
both,transaction,42.1578
both,transaction,25.7767
both,transaction,24.0575
both,transaction,30.8582
both,transaction,33.5431
both,transaction,37.8669
both,transaction,36.2751
both,transaction,31.6871
both,transaction,35.1955
both,transaction,34.1618
both,transaction,33.2963
both,transaction,45.9342
both,transaction,51.0477
both,transaction,64.6688
both,transaction,30.0266
both,transaction,30.7312
both,transaction,36.6002
both,transaction,21.7663
both,transaction,19.1055
both,transaction,28.0877
both,transaction,24.6457
both,transaction,38.6625
both,transaction,28.7564
both,transaction,27.2055
both,transaction,21.0732
both,transaction,28.5519
both,transaction,38.6225
both,transaction,33.5634
both,transaction,37.5748
both,transaction,35.6284
both,transaction,36.6373
both,transaction,32.3321
both,transaction,30.9515
both,transaction,24.3400
both,transaction,31.2346
both,transaction,29.1669
both,transaction,38.5159
both,transaction,30.9216
both,transaction,31.6629
both,transaction,33.6218
both,transaction,28.8244
both,transaction,47.3819
both,transaction,45.5982
both,transaction,23.1505
both,transaction,28.4855
both,transaction,37.1711
both,transaction,44.2989
both,transaction,43.8590
both,transaction,38.3510
both,transaction,30.3565
both,transaction,30.1006
both,transaction,57.2910
both,transaction,45.4988
both,transaction,38.1824
both,transaction,41.6865
both,transaction,35.3820
both,transaction,28.2383
both,transaction,32.3297
both,transaction,40.1142
both,transaction,35.6850
both,transaction,22.8896
both,transaction,15.6980
both,transaction,32.0262
both,transaction,23.0255
both,transaction,34.1463
both,transaction,40.1218
both,transaction,36.2802
both,transaction,28.0910
both,transaction,79.0843
both,transaction,25.0306
both,transaction,31.2182
both,transaction,39.1001
both,transaction,38.0034
both,transaction,42.3894
both,transaction,41.3683
both,transaction,34.9968
both,transaction,46.5257
both,transaction,40.3883
both,transaction,36.9263
both,transaction,44.2313
both,transaction,38.0978
both,transaction,44.0066
both,transaction,23.2624
both,transaction,47.8621
both,transaction,40.8540
both,transaction,34.5347
both,transaction,27.7512
both,transaction,36.8013
both,transaction,43.7444
both,transaction,39.9174
both,transaction,18.6163
both,transaction,23.3430
both,transaction,31.5686
both,transaction,26.2974
both,transaction,29.6943
both,transaction,38.2057
both,transaction,33.6171
both,transaction,29.8011
both,transaction,33.9197
both,transaction,34.1947
both,transaction,17.3325
both,transaction,26.8129
both,transaction,33.8690
both,transaction,39.9783
both,transaction,29.7276
both,transaction,31.9402
both,transaction,44.7956
both,transaction,35.7348
both,transaction,58.9980
both,transaction,37.4974
both,transaction,51.2854
both,transaction,40.2404
both,transaction,35.6136
both,transaction,39.2476
both,transaction,18.4238
both,transaction,34.4380
both,transaction,37.2430
both,transaction,29.1483
both,transaction,31.7767
both,transaction,28.8254
both,transaction,38.3321
both,transaction,39.6305
both,transaction,39.9432
both,transaction,35.4745
both,transaction,41.7603
both,transaction,26.2832
both,transaction,41.7096
both,transaction,32.9125
both,transaction,39.0359
both,transaction,45.9088
both,transaction,61.3190
both,transaction,42.9834
both,transaction,31.9698
both,transaction,24.4876
both,transaction,34.4991
both,transaction,36.1395
both,transaction,46.6794
both,transaction,53.6146
both,transaction,29.6641
both,transaction,42.4248
both,transaction,44.2292
both,transaction,29.2280
both,transaction,43.1260
both,transaction,32.7323
both,transaction,28.2221
both,transaction,26.2814
both,transaction,35.0862
both,transaction,30.4541
both,transaction,46.8847
both,transaction,50.7334
both,transaction,31.9569
both,transaction,34.5565
both,transaction,34.3648
both,transaction,29.2689
both,transaction,33.9334
both,transaction,45.1089
both,transaction,30.6514
both,transaction,29.7739
both,transaction,42.1704
both,transaction,26.1635
both,transaction,43.1392
both,transaction,36.1870
both,transaction,33.8802
both,transaction,29.0513
both,transaction,21.4783
both,transaction,35.3031
both,transaction,29.0929
both,transaction,25.9383
both,transaction,92.4479
both,transaction,38.4430
both,transaction,33.6612
both,transaction,42.4065
both,transaction,44.3441
both,transaction,40.7065
both,transaction,39.4223
both,transaction,45.5097
both,transaction,38.2637
both,transaction,39.1575
both,transaction,36.8703
both,transaction,32.5172
both,transaction,29.4298
both,transaction,37.6314
both,transaction,25.2354
both,transaction,31.8936
both,transaction,34.2384
both,transaction,35.6191
both,transaction,28.1287
both,transaction,35.7927
both,transaction,42.9857
both,transaction,28.2382
both,transaction,41.0567
both,transaction,43.9552
both,transaction,29.3079
both,transaction,25.0457
both,transaction,20.5017
both,transaction,33.8979
both,transaction,42.8140
both,transaction,38.7356
both,transaction,33.4778
both,transaction,28.7883
both,transaction,29.7759
both,transaction,27.4678
both,transaction,35.1192
both,transaction,36.2350
both,transaction,42.4043
both,transaction,36.8458
both,transaction,28.3487
both,transaction,25.9577
both,transaction,30.4606
both,transaction,42.5323
both,transaction,50.8444
both,transaction,62.7382
both,transaction,48.4865
both,transaction,38.4817
both,transaction,27.7142
both,transaction,42.7727
both,transaction,25.8916
both,transaction,36.7014
both,transaction,43.7747
both,transaction,38.4034
both,transaction,38.7327
both,transaction,35.2353
both,transaction,40.0786
both,transaction,39.1932
both,transaction,33.0701
both,transaction,36.0149
both,transaction,35.1475
both,transaction,34.9178
both,transaction,34.1536
both,transaction,24.8380
both,transaction,41.0151
both,transaction,36.3174
both,transaction,46.7709
both,transaction,44.5287
both,transaction,43.1341
both,transaction,40.3598
both,transaction,26.3883
both,transaction,36.2838
both,transaction,41.4372
both,transaction,32.9490
both,transaction,42.7948
both,transaction,23.8724
both,transaction,35.7739
both,transaction,21.8714
both,transaction,28.5615
both,transaction,23.4457
both,transaction,42.9071
both,transaction,41.5811
both,transaction,52.9759
both,transaction,33.1486
both,transaction,43.4429
both,transaction,34.2584
both,transaction,27.3898
both,transaction,37.4060
both,transaction,27.2683
both,transaction,31.4002
both,transaction,28.1685
both,transaction,32.5322
both,transaction,21.7133
both,transaction,33.9154
both,transaction,36.3974
both,transaction,35.1210
both,transaction,34.8379
both,transaction,35.9354
both,transaction,32.7138
both,transaction,27.2913
both,transaction,33.6655
both,transaction,25.6642
both,transaction,80.3426
both,transaction,26.6393
both,transaction,41.0796
both,transaction,35.7284
both,transaction,19.4055
both,transaction,32.6013
both,transaction,28.1952
both,transaction,34.1769
both,transaction,35.1216
both,transaction,25.2119
both,transaction,38.3365
both,transaction,43.0502
both,transaction,26.8167
both,transaction,36.6738
both,transaction,27.9719
both,transaction,47.5002
both,transaction,29.4776
both,transaction,36.8225
both,transaction,49.0619
both,transaction,46.8550
both,transaction,39.9442
both,transaction,44.6868
both,transaction,43.1212
both,transaction,39.4370
both,transaction,41.7918
both,transaction,20.9583
both,transaction,23.0538
both,transaction,47.3887
both,transaction,41.2497
both,transaction,30.0175
both,transaction,41.4877
both,transaction,47.2648
both,transaction,29.1993
both,transaction,36.5372
both,transaction,27.4366
both,transaction,41.0297
both,transaction,34.7287
both,transaction,15.9675
both,transaction,33.7496
both,transaction,34.5139
both,transaction,52.1537
both,transaction,30.2881
both,transaction,50.2447
both,transaction,45.8027
both,transaction,64.3532
both,transaction,46.8014
both,transaction,37.7216
both,transaction,69.3387
both,transaction,30.9030
both,transaction,31.6734
both,transaction,26.4315
both,transaction,38.9563
both,transaction,41.2802
both,transaction,37.1308
both,transaction,32.9468
both,transaction,41.9441
both,transaction,32.1986
both,transaction,32.9878
both,transaction,28.6795
both,transaction,37.7509
both,transaction,28.7682
both,transaction,21.8974
both,transaction,34.4524
both,transaction,35.0032
both,transaction,35.7520
both,transaction,40.8484
both,transaction,48.0745
both,transaction,38.4720
both,transaction,32.3388
both,transaction,44.1819
both,transaction,28.6334
both,transaction,34.6912
both,transaction,44.1419
both,transaction,35.6901
both,transaction,59.1334
both,transaction,27.0393
both,transaction,31.8696
both,transaction,46.2723
both,transaction,48.7398
both,transaction,36.0800
both,transaction,46.5739
both,transaction,38.1814
both,transaction,37.8703
both,transaction,34.9306
both,transaction,39.0231
both,transaction,26.4173
both,transaction,24.4709
both,transaction,32.6656
both,transaction,42.0423
both,transaction,40.5902
both,transaction,39.2534
both,transaction,37.7001
both,transaction,29.2332
both,transaction,24.1292
both,transaction,30.8767
both,transaction,34.4780
both,transaction,23.5653
both,transaction,29.9233
both,transaction,15.6887
both,transaction,13.4207
both,transaction,96.5532
both,transaction,25.9607
both,transaction,27.8922
both,transaction,40.9569
both,transaction,31.1688
both,transaction,29.9940
both,transaction,35.4320
both,transaction,43.9254
both,transaction,26.1380
both,transaction,26.7832
both,transaction,37.6550
both,transaction,42.7158
both,transaction,40.5218
both,transaction,23.6970
both,transaction,46.1842
both,transaction,40.8066
both,transaction,48.4498
both,transaction,45.1225
both,transaction,35.8691
both,transaction,37.1578
both,transaction,44.5568
both,transaction,41.1213
both,transaction,32.6721
both,transaction,43.1871
both,transaction,44.4816
both,transaction,22.5114
both,transaction,32.9035
both,transaction,33.9094
both,transaction,32.7533
both,transaction,34.4250
both,transaction,31.7778
both,transaction,31.1563
both,transaction,27.9926
both,transaction,44.3940
both,transaction,34.5266
both,transaction,41.9843
both,transaction,39.4361
both,transaction,34.4013
both,transaction,28.4298
both,transaction,38.5873
both,transaction,37.5451
both,transaction,37.1733
both,transaction,46.9224
both,transaction,63.7387
both,transaction,51.5286
both,transaction,36.7410
both,transaction,37.3198
both,transaction,26.0253
both,transaction,44.2652
both,transaction,26.2777
both,transaction,48.2658
both,transaction,31.7485
both,transaction,15.1957
both,transaction,13.6850
both,transaction,33.2763
both,transaction,22.5818
both,transaction,16.5539
both,transaction,23.9612
both,transaction,33.4604
both,transaction,22.6207
both,transaction,27.4991
both,transaction,11.8686
both,transaction,24.7582
both,transaction,31.0987
both,transaction,26.1407
both,transaction,21.3612
both,transaction,32.1541
both,transaction,33.3744
both,transaction,40.1620
both,transaction,25.9562
both,transaction,34.6036
both,transaction,30.5226
both,transaction,40.0971
both,transaction,40.9314
both,transaction,44.5229
both,transaction,38.1170
both,transaction,35.5460
both,transaction,30.6102
both,transaction,23.1620
both,transaction,38.5664
both,transaction,39.5748
both,transaction,33.6539
both,transaction,45.2460
both,transaction,51.0858
both,transaction,56.1235
both,transaction,41.6051
both,transaction,64.5969
both,transaction,37.3285
both,transaction,21.7924
both,transaction,39.0074
both,transaction,28.0066
both,transaction,39.0665
both,transaction,38.8068
both,transaction,43.2367
both,transaction,35.6416
both,transaction,39.3376
both,transaction,37.3842
both,transaction,30.7152
both,transaction,35.0812
both,transaction,25.1095
both,transaction,86.6913
both,transaction,28.4725
both,transaction,39.4913
both,transaction,43.8210
both,transaction,46.3531
both,transaction,38.4892
both,transaction,32.6616
both,transaction,33.1383
both,transaction,30.7310
both,transaction,44.0487
both,transaction,33.1432
both,transaction,33.2722
both,transaction,30.6156
both,transaction,30.7461
both,transaction,46.6173
both,transaction,30.6559
both,transaction,31.6301
both,transaction,39.6328
both,transaction,55.9620
both,transaction,44.2570
both,transaction,39.4467
both,transaction,41.2265
both,transaction,38.6572
both,transaction,43.8837
both,transaction,38.6260
both,transaction,36.2403
both,transaction,42.8308
both,transaction,44.1441
both,transaction,26.3887
both,transaction,44.7540
both,transaction,33.7668
both,transaction,52.0256
both,transaction,45.7960
both,transaction,34.7617
both,transaction,32.2333
both,transaction,27.4635
both,transaction,29.0845
both,transaction,41.4277
both,transaction,36.9151
both,transaction,41.2234
both,transaction,42.2984
both,transaction,33.3959
both,transaction,30.7023
both,transaction,53.8150
both,transaction,35.3405
both,transaction,33.6825
both,transaction,21.6126
both,transaction,39.0738
both,transaction,35.0993
both,transaction,51.3536
both,transaction,38.6178
both,transaction,35.5805
both,transaction,25.7045
both,transaction,34.6997
both,transaction,36.6181
both,transaction,39.0301
both,transaction,35.1195
both,transaction,36.8001
both,transaction,33.4244
both,transaction,30.3136
both,transaction,20.2470
both,transaction,36.4499
both,transaction,43.8347
both,transaction,36.5199
both,transaction,45.3249
both,transaction,41.1790
both,transaction,32.6873
both,transaction,35.9855
both,transaction,19.5287
both,transaction,31.1921
both,transaction,19.8584
both,transaction,31.8235
both,transaction,38.5458
both,transaction,28.7515
both,transaction,33.6013
both,transaction,54.2126
both,transaction,37.2859
both,transaction,40.1452
both,transaction,44.0637
both,transaction,50.4654
both,transaction,39.1734
both,transaction,49.7824
both,transaction,42.4023
both,transaction,32.7904
both,transaction,33.5357
both,transaction,26.2105
both,transaction,22.1167
both,transaction,29.4607
both,transaction,23.7376
both,transaction,20.6231
both,transaction,28.3119
both,transaction,28.3636
both,transaction,38.3863
both,transaction,36.2734
both,transaction,28.8294
both,transaction,29.3484
both,transaction,36.6176
both,transaction,25.2595
both,transaction,29.8496
both,transaction,19.8624
both,transaction,95.6461
both,transaction,34.2324
both,transaction,35.3202
both,transaction,13.2711
both,transaction,43.7425
both,transaction,28.4907
both,transaction,36.2743
both,transaction,40.3033
both,transaction,24.1861
both,transaction,29.7178
both,transaction,28.5967
both,transaction,38.5235
both,transaction,29.7582
both,transaction,32.4708
both,transaction,25.5110
both,transaction,45.0555
both,transaction,33.9118
both,transaction,43.4516
both,transaction,33.5423
both,transaction,31.4525
both,transaction,26.2412
both,transaction,28.8592
both,transaction,38.4826
both,transaction,32.2653
both,transaction,34.4834
both,transaction,33.4969
both,transaction,39.5472
both,transaction,39.3856
both,transaction,38.8123
both,transaction,37.3399
both,transaction,28.4758
both,transaction,33.9834
both,transaction,26.1215
both,transaction,34.5206
both,transaction,30.3747
both,transaction,33.7527
both,transaction,33.0960
both,transaction,33.0985
both,transaction,44.3733
both,transaction,24.5052
both,transaction,31.2192
both,transaction,48.9937
both,transaction,36.9195
both,transaction,31.8621
both,transaction,46.7534
both,transaction,59.3633
both,transaction,44.9321
both,transaction,44.8711
both,transaction,35.5367
both,transaction,41.3175
both,transaction,28.0217
both,transaction,41.4655
both,transaction,34.4881
both,transaction,41.8610
both,transaction,33.4862
both,transaction,33.5461
both,transaction,19.6367
both,transaction,20.0549
both,transaction,28.8982
both,transaction,36.0713
both,transaction,31.4616
both,transaction,37.9751
both,transaction,43.6105
both,transaction,31.2326
both,transaction,63.2000
both,transaction,36.9976
both,transaction,33.9248
both,transaction,20.5025
both,transaction,50.9572
both,transaction,31.7545
both,transaction,32.2945
both,transaction,48.2142
both,transaction,30.0350
both,transaction,22.4137
both,transaction,36.3308
both,transaction,46.7075
both,transaction,47.9397
both,transaction,47.8897
both,transaction,31.6922
both,transaction,41.8840
both,transaction,37.0760
both,transaction,51.0654
both,transaction,52.0385
both,transaction,43.1469
both,transaction,28.8014
both,transaction,31.7537
both,transaction,35.3160
both,transaction,37.9666
both,transaction,22.6380
both,transaction,36.6713
both,transaction,35.1422
both,transaction,26.9703
both,transaction,26.5216
both,transaction,38.0152
both,transaction,28.9099
both,transaction,35.8456
both,transaction,35.7027
both,transaction,31.0254
both,transaction,28.4244
both,transaction,27.2057
both,transaction,103.9802
both,transaction,37.9066
both,transaction,44.0646
both,transaction,46.4486
both,transaction,45.3791
both,transaction,32.2144
both,transaction,39.2562
both,transaction,32.5964
both,transaction,40.3655
both,transaction,33.6078
both,transaction,38.1019
both,transaction,42.0600
both,transaction,24.5723
both,transaction,43.6869
both,transaction,38.1499
both,transaction,38.9445
both,transaction,27.3995
both,transaction,41.5366
both,transaction,12.2360
both,transaction,23.5687
both,transaction,40.0582
both,transaction,50.4669
both,transaction,32.2216
both,transaction,36.2372
both,transaction,21.0912
both,transaction,18.3631
both,transaction,35.9010
both,transaction,39.5498
both,transaction,38.5500
both,transaction,31.4382
both,transaction,31.0272
both,transaction,41.8603
both,transaction,29.2040
both,transaction,33.7696
both,transaction,38.6779
both,transaction,36.6512
both,transaction,43.4854
both,transaction,31.8453
both,transaction,32.0904
both,transaction,31.5919
both,transaction,40.2328
both,transaction,34.4728
both,transaction,40.8141
both,transaction,67.6573
both,transaction,51.1292
both,transaction,30.4434
both,transaction,37.7967
both,transaction,24.8272
both,transaction,16.2213
both,transaction,28.2390
both,transaction,29.9596
both,transaction,39.5517
both,transaction,42.2156
both,transaction,41.0626
both,transaction,29.5400
both,transaction,31.3055
both,transaction,37.3884
both,transaction,40.9574
both,transaction,35.8681
both,transaction,38.4048
both,transaction,44.3951
both,transaction,28.2105
both,transaction,30.6766
both,transaction,26.8754
both,transaction,43.9553
both,transaction,27.5943
both,transaction,33.6421
both,transaction,39.4700
both,transaction,42.8022
both,transaction,37.0266
both,transaction,45.1816
both,transaction,25.6748
both,transaction,37.8245
both,transaction,49.6377
both,transaction,27.8676
both,transaction,39.7196
both,transaction,28.7381
both,transaction,26.4250
both,transaction,33.7988
both,transaction,39.3642
both,transaction,41.5725
both,transaction,52.7982
both,transaction,47.8814
both,transaction,28.2773
both,transaction,34.7448
both,transaction,19.3013
both,transaction,31.6198
both,transaction,33.9148
both,transaction,31.8228
both,transaction,34.4812
both,transaction,28.4352
both,transaction,30.1519
both,transaction,39.8107
both,transaction,40.4932
both,transaction,34.1664
both,transaction,31.2205
both,transaction,34.9527
both,transaction,31.6886
both,transaction,24.7139
both,transaction,20.8047
both,transaction,103.9000
both,transaction,33.3815
both,transaction,33.1576
both,transaction,31.6243
both,transaction,37.2810
both,transaction,41.9125
both,transaction,41.4764
both,transaction,26.2204
both,transaction,34.0624
both,transaction,38.4617
both,transaction,32.8829
both,transaction,34.5345
both,transaction,21.2402
both,transaction,43.0744
both,transaction,41.6392
both,transaction,34.0746
both,transaction,41.6366
both,transaction,33.8929
both,transaction,35.3743
both,transaction,30.0518
both,transaction,38.1048
both,transaction,58.5944
both,transaction,40.4356
both,transaction,26.6427
both,transaction,25.3354
both,transaction,35.7761
both,transaction,43.0730
both,transaction,43.4009
both,transaction,33.6952
both,transaction,39.7498
both,transaction,30.5475
both,transaction,31.6052
both,transaction,39.9209
both,transaction,36.8641
both,transaction,25.5104
both,transaction,37.3146
both,transaction,28.4283
both,transaction,31.4315
both,transaction,37.4762
both,transaction,36.8149
both,transaction,35.1138
both,transaction,36.7288
both,transaction,48.8897
both,transaction,64.5196
both,transaction,35.8617
both,transaction,36.6700
both,transaction,41.4284
both,transaction,22.6800
both,transaction,27.6968
both,transaction,34.1657
both,transaction,29.6594
both,transaction,37.0626
both,transaction,30.2451
both,transaction,19.1810
both,transaction,29.8504
both,transaction,30.3371
both,transaction,33.1063
both,transaction,37.4057
both,transaction,32.0226
both,transaction,16.5251
both,transaction,23.9663
both,transaction,16.3025
both,transaction,19.1503
both,transaction,17.6040
both,transaction,19.3049
both,transaction,21.2866
both,transaction,17.7551
both,transaction,27.1749
both,transaction,36.6367
both,transaction,31.5022
both,transaction,31.4372
both,transaction,33.5819
both,transaction,34.8998
both,transaction,40.6866
both,transaction,36.3327
both,transaction,49.6649
both,transaction,46.6939
both,transaction,37.8578
both,transaction,40.8618
both,transaction,42.0786
both,transaction,25.5789
both,transaction,28.8049
both,transaction,41.7586
both,transaction,36.4594
both,transaction,44.2476
both,transaction,50.8103
both,transaction,19.2140
both,transaction,24.4087
both,transaction,48.7573
both,transaction,37.7313
both,transaction,42.2064
both,transaction,43.8486
both,transaction,47.4276
both,transaction,29.9405
both,transaction,35.3630
both,transaction,39.6701
both,transaction,38.9972
both,transaction,30.8630
both,transaction,32.2242
both,transaction,40.4174
both,transaction,112.5008
both,transaction,35.4315
both,transaction,36.8072
both,transaction,43.4533
both,transaction,25.0936
both,transaction,26.7958
both,transaction,44.1628
both,transaction,18.3260
both,transaction,28.3806
both,transaction,35.3419
both,transaction,50.1930
both,transaction,37.2031
both,transaction,32.3612
both,transaction,43.4644
both,transaction,36.2010
both,transaction,37.0858
both,transaction,37.4829
both,transaction,12.7029
both,transaction,37.2444
both,transaction,48.4657
both,transaction,32.6545
both,transaction,35.3995
both,transaction,26.1460
both,transaction,20.4437
both,transaction,31.9310
both,transaction,23.2930
both,transaction,41.7883
both,transaction,47.5458
both,transaction,31.1301
both,transaction,33.0178
both,transaction,27.8142
both,transaction,32.7492
both,transaction,28.9100
both,transaction,43.9951
both,transaction,33.7276
both,transaction,34.0398
both,transaction,31.8796
both,transaction,39.3290
both,transaction,35.0333
both,transaction,26.1980
both,transaction,29.4175
both,transaction,45.0192
both,transaction,50.9646
both,transaction,57.4251
both,transaction,66.2468
both,transaction,48.6493
both,transaction,27.0913
both,transaction,29.1313
both,transaction,44.0953
both,transaction,38.5369
both,transaction,39.9376
both,transaction,44.4545
both,transaction,40.3129
both,transaction,36.9625
both,transaction,26.5798
both,transaction,41.3903
both,transaction,39.2218
both,transaction,35.0856
both,transaction,35.2186
both,transaction,31.8875
both,transaction,30.0698
both,transaction,28.2542
both,transaction,30.1702
both,transaction,37.7192
both,transaction,40.3532
both,transaction,25.6041
both,transaction,31.8793
both,transaction,40.5346
both,transaction,36.7217
both,transaction,28.8005
both,transaction,46.0699
both,transaction,45.5606
both,transaction,40.6562
both,transaction,20.1941
both,transaction,32.8284
both,transaction,31.4231
both,transaction,23.4443
both,transaction,23.9783
both,transaction,34.6275
both,transaction,54.6745
both,transaction,53.8050
both,transaction,41.2581
both,transaction,50.6895
both,transaction,42.2170
both,transaction,45.3977
both,transaction,30.0160
both,transaction,30.8780
both,transaction,38.3938
both,transaction,34.0376
both,transaction,48.4455
both,transaction,24.5496
both,transaction,32.0214
both,transaction,34.3696
both,transaction,34.7634
both,transaction,31.6611
both,transaction,43.0220
both,transaction,27.6165
both,transaction,27.5299
both,transaction,25.0176
both,transaction,15.3972
both,transaction,95.6296
both,transaction,41.2565
both,transaction,47.6560
both,transaction,49.0696
both,transaction,39.5463
both,transaction,46.2122
both,transaction,24.9672
both,transaction,26.0067
both,transaction,48.4648
both,transaction,47.6116
both,transaction,37.5944
both,transaction,38.4713
both,transaction,23.9731
both,transaction,36.6270
both,transaction,26.6588
both,transaction,37.7978
both,transaction,33.7077
both,transaction,40.2253
both,transaction,41.7471
both,transaction,34.0255
both,transaction,43.9679
both,transaction,33.0909
both,transaction,30.7622
both,transaction,28.2069
both,transaction,36.6252
both,transaction,40.9513
both,transaction,43.3635
both,transaction,42.7471
both,transaction,34.0647
both,transaction,29.2507
both,transaction,27.4485
both,transaction,34.9565
both,transaction,37.2093
both,transaction,33.5751
both,transaction,48.3918
both,transaction,35.7851
both,transaction,34.5579
both,transaction,57.2943
both,transaction,35.6440
both,transaction,57.0700
both,transaction,36.3064
both,transaction,41.3454
both,transaction,42.0527
both,transaction,38.7183
both,transaction,42.2868
both,transaction,26.8030
both,transaction,27.2306
both,transaction,40.3135
both,transaction,32.6937
both,transaction,47.8761
both,transaction,31.3139
both,transaction,36.4990
both,transaction,40.1552
both,transaction,32.7446
both,transaction,41.2754
both,transaction,37.3351
both,transaction,36.5897
both,transaction,30.9394
both,transaction,30.7553
both,transaction,23.5398
both,transaction,32.2278
both,transaction,36.7798
both,transaction,39.5556
both,transaction,45.3244
both,transaction,50.0177
both,transaction,41.6731
both,transaction,46.6069
both,transaction,51.3597
both,transaction,86.8323
both,transaction,40.4725
both,transaction,27.2920
both,transaction,21.8442
both,transaction,39.7987
both,transaction,38.0853
both,transaction,38.8716
both,transaction,53.2447
both,transaction,35.4833
both,transaction,46.0583
both,transaction,40.0401
both,transaction,39.2302
both,transaction,36.2930
both,transaction,36.5860
both,transaction,29.1521
both,transaction,37.6089
both,transaction,30.9650
both,transaction,34.8361
both,transaction,31.7438
both,transaction,33.8036
both,transaction,29.3385
both,transaction,27.4110
both,transaction,28.0431
both,transaction,35.5118
both,transaction,24.3869
both,transaction,30.9670
both,transaction,26.3382
both,transaction,20.0619
both,transaction,10.2664
both,transaction,12.8918
both,transaction,6.1867
both,transaction,6.0169
both,transaction,94.8991
both,transaction,33.4473
both,transaction,43.9162
both,transaction,47.5228
both,transaction,32.1674
both,transaction,43.3099
both,transaction,29.2474
both,transaction,29.3448
both,transaction,39.9166
both,transaction,35.6702
both,transaction,27.0871
both,transaction,10.1334
both,transaction,41.4422
both,transaction,37.5929
both,transaction,45.0447
both,transaction,20.4994
both,transaction,29.4320
both,transaction,31.7614
both,transaction,32.8910
both,transaction,35.2376
both,transaction,48.0617
both,transaction,44.5643
both,transaction,35.7054
both,transaction,38.0750
both,transaction,43.6828
both,transaction,39.0975
both,transaction,49.8324
both,transaction,28.8261
both,transaction,29.3067
both,transaction,32.6100
both,transaction,36.3977
both,transaction,29.0694
both,transaction,33.9908
both,transaction,41.3600
both,transaction,39.3185
both,transaction,32.4293
both,transaction,31.9480
both,transaction,33.3109
both,transaction,35.6848
both,transaction,46.0728
both,transaction,37.2158
both,transaction,47.7601
both,transaction,52.5970
both,transaction,64.6351
both,transaction,46.8686
both,transaction,39.1210
both,transaction,60.1444
both,transaction,24.5877
both,transaction,28.7549
both,transaction,16.8295
both,transaction,33.4177
both,transaction,26.6190
both,transaction,23.8777
both,transaction,34.5205
both,transaction,30.7995
both,transaction,36.0274
both,transaction,36.6309
both,transaction,35.0265
both,transaction,34.4527
both,transaction,34.8870
both,transaction,34.2641
both,transaction,25.2943
both,transaction,26.6450
both,transaction,23.7652
both,transaction,32.4831
both,transaction,37.2356
both,transaction,17.6145
both,transaction,34.1695
both,transaction,29.7559
both,transaction,42.0707
both,transaction,37.0426
both,transaction,36.3324
both,transaction,48.8242
both,transaction,33.3028
both,transaction,46.9273
both,transaction,47.2824
both,transaction,38.5488
both,transaction,25.4141
both,transaction,27.4199
both,transaction,23.3032
both,transaction,25.6822
both,transaction,31.3467
both,transaction,52.1418
both,transaction,46.4632
both,transaction,38.4711
both,transaction,26.1514
both,transaction,33.0117
both,transaction,30.4496
both,transaction,29.9593
both,transaction,39.9518
both,transaction,24.1669
both,transaction,34.4888
both,transaction,39.2202
both,transaction,24.0858
both,transaction,34.9798
both,transaction,31.7713
both,transaction,32.3702
both,transaction,30.0426
both,transaction,31.0766
both,transaction,25.1183
both,transaction,93.1722
both,transaction,31.3357
both,transaction,39.1012
both,transaction,33.4646
both,transaction,40.1405
both,transaction,38.6893
both,transaction,46.1702
both,transaction,26.3685
both,transaction,34.3711
both,transaction,38.6514
both,transaction,33.2546
both,transaction,32.9268
both,transaction,38.8625
both,transaction,24.5782
both,transaction,50.2781
both,transaction,45.4633
both,transaction,39.7671
both,transaction,40.8127
both,transaction,32.8451
both,transaction,32.6655
both,transaction,40.4914
both,transaction,29.6578
both,transaction,21.7561
both,transaction,19.4046
both,transaction,30.8752
both,transaction,24.3981
both,transaction,39.4233
both,transaction,43.4381
both,transaction,38.8954
both,transaction,23.4860
both,transaction,34.8756
both,transaction,29.2164
both,transaction,26.4417
both,transaction,35.5399
both,transaction,37.8069
both,transaction,33.2833
both,transaction,42.1200
both,transaction,42.6606
both,transaction,32.2235
both,transaction,40.1928
both,transaction,41.5808
both,transaction,48.5123
both,transaction,42.4259
both,transaction,70.5423
both,transaction,52.5529
both,transaction,32.4692
both,transaction,28.6888
both,transaction,27.8135
both,transaction,28.0679
both,transaction,32.1547
both,transaction,30.0593
both,transaction,34.3183
both,transaction,31.4830
both,transaction,29.2191
both,transaction,28.8969
both,transaction,29.0492
both,transaction,39.7855
both,transaction,30.8283
both,transaction,32.0589
both,transaction,28.3776
both,transaction,38.2637
both,transaction,27.4137
both,transaction,30.8840
both,transaction,29.2638
both,transaction,43.9583
both,transaction,38.1322
both,transaction,40.4740
both,transaction,38.1931
both,transaction,36.5036
both,transaction,38.8866
both,transaction,31.5419
both,transaction,32.7234
both,transaction,54.2115
both,transaction,19.7300
both,transaction,11.5603
both,transaction,35.5868
both,transaction,22.4697
both,transaction,40.0896
both,transaction,24.1126
both,transaction,28.8698
both,transaction,42.2129
both,transaction,50.9292
both,transaction,52.7805
both,transaction,43.3736
both,transaction,31.0492
both,transaction,44.1645
both,transaction,31.5723
both,transaction,37.6031
both,transaction,32.4456
both,transaction,39.2477
both,transaction,28.8374
both,transaction,42.8665
both,transaction,37.0582
both,transaction,42.0567
both,transaction,36.5895
both,transaction,35.4518
both,transaction,36.8585
both,transaction,42.5519
both,transaction,25.0037
both,transaction,36.3273
both,transaction,102.5767
both,transaction,26.9002
both,transaction,46.3186
both,transaction,35.5187
both,transaction,33.0249
both,transaction,23.7077
both,transaction,37.2293
both,transaction,31.9842
both,transaction,32.4054
both,transaction,35.3259
both,transaction,35.5738
both,transaction,35.7989
both,transaction,29.9748
both,transaction,28.8062
both,transaction,32.1788
both,transaction,37.2947
both,transaction,23.4958
both,transaction,46.4408
both,transaction,24.2310
both,transaction,35.2641
both,transaction,50.7815
both,transaction,37.9609
both,transaction,54.3716
both,transaction,37.8622
both,transaction,41.9983
both,transaction,23.7723
both,transaction,39.9466
both,transaction,24.4850
both,transaction,37.7285
both,transaction,42.9205
both,transaction,38.6322
both,transaction,33.5420
both,transaction,31.7904
both,transaction,41.9347
both,transaction,42.7406
both,transaction,39.5759
both,transaction,40.3898
both,transaction,28.8996
both,transaction,21.2145
both,transaction,34.9591
both,transaction,39.5559
both,transaction,47.3487
both,transaction,36.5487
both,transaction,9.6433
both,transaction,24.9942
both,transaction,13.8770
both,transaction,13.4626
both,transaction,46.5891
both,transaction,22.2110
both,transaction,30.0262
both,transaction,36.3626
both,transaction,27.7498
both,transaction,32.7151
both,transaction,30.8473
both,transaction,50.2266
both,transaction,38.0197
both,transaction,41.3909
both,transaction,39.9467
both,transaction,39.9750
both,transaction,42.5439
both,transaction,36.0005
both,transaction,37.0907
both,transaction,34.1053
both,transaction,32.2290
both,transaction,21.9849
both,transaction,35.5834
both,transaction,51.1988
both,transaction,41.4698
both,transaction,40.1418
both,transaction,38.1670
both,transaction,46.3837
both,transaction,49.1537
both,transaction,108.8680
both,transaction,85.3609
both,transaction,18.4479
both,transaction,31.6216
both,transaction,36.6325
both,transaction,44.2930
both,transaction,47.5811
both,transaction,35.9082
both,transaction,36.3775
both,transaction,40.5421
both,transaction,27.2981
both,transaction,32.3921
both,transaction,34.1812
both,transaction,28.6074
both,transaction,34.3266
both,transaction,38.6712
both,transaction,27.7223
both,transaction,39.6890
both,transaction,39.3205
both,transaction,24.6743
both,transaction,36.9998
both,transaction,29.6792
both,transaction,34.8950
both,transaction,32.6597
both,transaction,29.9875
both,transaction,32.8844
both,transaction,12.9854
both,transaction,11.0394
both,transaction,100.8862
both,transaction,34.8693
both,transaction,40.7059
both,transaction,44.2764
both,transaction,30.6129
both,transaction,30.9291
both,transaction,41.5107
both,transaction,45.6703
both,transaction,35.8516
both,transaction,48.6336
both,transaction,34.8993
both,transaction,26.5039
both,transaction,43.6278
both,transaction,37.2984
both,transaction,42.9638
both,transaction,36.7872
both,transaction,30.7562
both,transaction,40.1241
both,transaction,34.6035
both,transaction,31.4983
both,transaction,38.9360
both,transaction,30.5052
both,transaction,26.4691
both,transaction,16.1070
both,transaction,21.6622
both,transaction,37.5993
both,transaction,37.5816
both,transaction,37.5973
both,transaction,36.0458
both,transaction,37.4510
both,transaction,30.8100
both,transaction,30.5498
both,transaction,26.8091
both,transaction,30.5879
both,transaction,34.8174
both,transaction,24.9302
both,transaction,35.8380
both,transaction,32.3030
both,transaction,37.1036
both,transaction,33.9735
both,transaction,42.7062
both,transaction,35.4825
both,transaction,38.7155
both,transaction,41.2536
both,transaction,60.1308
both,transaction,30.0452
both,transaction,46.2078
both,transaction,20.5053
both,transaction,16.1590
both,transaction,27.3925
both,transaction,26.4373
both,transaction,27.9034
both,transaction,26.7443
both,transaction,33.9432
both,transaction,48.4803
both,transaction,40.4883
both,transaction,20.8346
both,transaction,41.0028
both,transaction,29.1101
both,transaction,27.8507
both,transaction,29.1545
both,transaction,34.0075
both,transaction,35.2930
both,transaction,33.0380
both,transaction,62.1156
both,transaction,33.9763
both,transaction,43.2129
both,transaction,29.2875
both,transaction,33.0279
both,transaction,32.1994
both,transaction,30.1143
both,transaction,53.2322
both,transaction,49.9845
both,transaction,37.6642
both,transaction,40.4122
both,transaction,42.3940
both,transaction,41.2787
both,transaction,32.1607
both,transaction,22.2388
both,transaction,32.4807
both,transaction,35.1029
both,transaction,37.2166
both,transaction,23.5895
both,transaction,42.8662
both,transaction,39.7579
both,transaction,43.1752
both,transaction,42.1657
both,transaction,47.8407
both,transaction,24.9784
both,transaction,36.4546
both,transaction,35.1326
both,transaction,43.3760
both,transaction,42.5769
both,transaction,36.9364
both,transaction,20.5416
both,transaction,24.3162
both,transaction,31.4663
both,transaction,26.4269
both,transaction,31.8668
both,transaction,33.7638
both,transaction,107.9096
both,transaction,34.0214
both,transaction,48.0415
both,transaction,45.9351
both,transaction,43.1467
both,transaction,38.7646
both,transaction,26.4195
both,transaction,37.7160
both,transaction,34.2642
both,transaction,48.1559
both,transaction,28.1814
both,transaction,21.0887
both,transaction,20.0922
both,transaction,34.4100
both,transaction,33.8237
both,transaction,44.0224
both,transaction,27.4113
both,transaction,29.9042
both,transaction,39.0600
both,transaction,45.9681
both,transaction,43.2080
both,transaction,38.5921
both,transaction,31.1726
both,transaction,32.7135
both,transaction,34.0711
both,transaction,37.6580
both,transaction,41.8088
both,transaction,26.3028
both,transaction,36.8448
both,transaction,35.6854
both,transaction,29.8551
both,transaction,32.5496
both,transaction,55.9324
both,transaction,23.4321
both,transaction,26.9960
both,transaction,44.6296
both,transaction,39.7680
both,transaction,28.0737
both,transaction,51.3065
both,transaction,28.2336
both,transaction,40.7777
both,transaction,45.0380
both,transaction,61.7223
both,transaction,49.2934
both,transaction,41.8781
both,transaction,29.4900
both,transaction,28.4192
both,transaction,31.4980
both,transaction,27.4904
both,transaction,28.0734
both,transaction,57.5554
both,transaction,37.6543
both,transaction,37.1148
both,transaction,35.0233
both,transaction,34.5207
both,transaction,41.7380
both,transaction,26.9678
both,transaction,28.3051
both,transaction,34.2915
both,transaction,13.7190
both,transaction,33.0443
both,transaction,27.3591
both,transaction,28.2451
both,transaction,36.1566
both,transaction,32.7117
both,transaction,28.2537
both,transaction,55.2756
both,transaction,35.3453
both,transaction,39.7113
both,transaction,20.0390
both,transaction,44.0860
both,transaction,51.5136
both,transaction,28.7136
both,transaction,38.5896
both,transaction,40.3785
both,transaction,29.6335
both,transaction,28.7439
both,transaction,25.6186
both,transaction,27.8070
both,transaction,31.8502
both,transaction,35.5798
both,transaction,29.5614
both,transaction,38.6841
both,transaction,41.6085
both,transaction,51.0801
both,transaction,34.8687
both,transaction,37.7040
both,transaction,40.4089
both,transaction,47.5849
both,transaction,28.1036
both,transaction,18.3844
both,transaction,39.3514
both,transaction,48.4742
both,transaction,34.8602
both,transaction,33.9139
both,transaction,28.3952
both,transaction,30.5584
both,transaction,36.7617
both,transaction,22.0319
both,transaction,24.4164
both,transaction,114.3881
both,transaction,38.2392
both,transaction,41.4229
both,transaction,43.3033
both,transaction,31.7711
both,transaction,29.9485
both,transaction,34.3349
both,transaction,32.1032
both,transaction,37.0279
both,transaction,30.6681
both,transaction,22.4538
both,transaction,38.5235
both,transaction,36.4373
both,transaction,37.8165
both,transaction,39.1698
both,transaction,41.8708
both,transaction,30.1107
both,transaction,42.8426
both,transaction,39.5707
both,transaction,36.0702
both,transaction,40.3359
both,transaction,33.9677
both,transaction,37.6411
both,transaction,13.3053
both,transaction,21.7677
both,transaction,44.1961
both,transaction,22.1734
both,transaction,32.9699
both,transaction,45.7630
both,transaction,34.0754
both,transaction,41.7174
both,transaction,36.8598
both,transaction,29.0614
both,transaction,40.7959
both,transaction,43.5426
both,transaction,43.8773
both,transaction,32.5478
both,transaction,32.8627
both,transaction,23.2321
both,transaction,37.5815
both,transaction,29.9017
both,transaction,41.2521
both,transaction,41.9146
both,transaction,26.3779
both,transaction,37.0160
both,transaction,27.6959
both,transaction,42.3023
both,transaction,25.9588
both,transaction,36.2765
both,transaction,62.4203
both,transaction,33.6012
both,transaction,43.5204
both,transaction,38.6863
both,transaction,36.6233
both,transaction,40.4281
both,transaction,36.8495
both,transaction,28.7138
both,transaction,34.7252
both,transaction,34.4040
both,transaction,48.2764
both,transaction,31.8437
both,transaction,64.8702
both,transaction,43.7923
both,transaction,32.9552
both,transaction,30.4426
both,transaction,36.4151
both,transaction,33.2163
both,transaction,44.6891
both,transaction,51.5006
both,transaction,28.4492
both,transaction,17.3799
both,transaction,31.3750
both,transaction,47.8516
both,transaction,35.5069
both,transaction,36.9707
both,transaction,27.8490
both,transaction,36.0425
both,transaction,29.6302
both,transaction,42.6340
both,transaction,54.5616
both,transaction,44.6556
both,transaction,50.5105
both,transaction,38.6420
both,transaction,36.5752
both,transaction,26.1194
both,transaction,37.0895
both,transaction,31.7911
both,transaction,26.8826
both,transaction,30.5343
both,transaction,38.6960
both,transaction,35.6995
both,transaction,38.0496
both,transaction,30.9589
both,transaction,31.7256
both,transaction,28.5159
both,transaction,30.8915
both,transaction,20.7395
both,transaction,25.3060
both,transaction,22.5747
both,transaction,15.6286
alone,query,2.8569
alone,query,2.0382
alone,query,1.0482
alone,query,1.5631
alone,query,2.3029
alone,query,1.7651
alone,query,1.0183
alone,query,1.3891
alone,query,2.5071
alone,query,3.0277
alone,query,1.8626
alone,query,4.5388
alone,query,11.9613
alone,query,1.9405
alone,query,1.8863
alone,query,2.6300
alone,query,2.1807
alone,query,1.9687
alone,query,1.3218
alone,query,2.9881
alone,query,4.6972
alone,query,3.2252
alone,query,2.2031
alone,query,1.8181
alone,query,3.7617
alone,query,1.5476
alone,query,5.3601
alone,query,3.5111
alone,query,2.7477
alone,query,5.3639
alone,query,2.2845
alone,query,0.7479
alone,query,1.5801
alone,query,2.1129
alone,query,1.8062
alone,query,3.2569
alone,query,0.5410
alone,query,4.4677
alone,query,5.1330
alone,query,1.5197
alone,query,1.7442
alone,query,2.1121
alone,query,8.4907
alone,query,2.9371
alone,query,1.2413
alone,query,2.9100
alone,query,1.5454
alone,query,1.4587
alone,query,1.8235
alone,query,3.9222
alone,query,2.7949
alone,query,3.2346
alone,query,5.1529
alone,query,3.6095
alone,query,2.0678
alone,query,2.7048
alone,query,2.3822
alone,query,1.7298
alone,query,1.4204
alone,query,2.3483
alone,query,1.7610
alone,query,1.8651
alone,query,2.6927
alone,query,5.9168
alone,query,1.8972
alone,query,3.0297
alone,query,2.4831
alone,query,2.7054
alone,query,1.4735
alone,query,3.5747
alone,query,2.0658
alone,query,1.8308
alone,query,2.5156
alone,query,1.7892
alone,query,1.6663
alone,query,2.5834
alone,query,3.4045
alone,query,1.6330
alone,query,1.5912
alone,query,3.0321
alone,query,2.6020
alone,query,1.9706
alone,query,2.8274
alone,query,2.3905
alone,query,2.5679
alone,query,2.0675
alone,query,2.4063
alone,query,1.4239
alone,query,3.0497
alone,query,2.2289
alone,query,1.9262
alone,query,1.9814
alone,query,2.1635
alone,query,2.0013
alone,query,2.8185
alone,query,1.6422
alone,query,2.0029
alone,query,1.5131
alone,query,0.9169
alone,query,1.8026
alone,query,2.0950
alone,query,1.4057
alone,query,1.5072
alone,query,1.6830
alone,query,1.4560
alone,query,2.1234
alone,query,1.3792
alone,query,2.3918
alone,query,1.0589
alone,query,1.0996
alone,query,2.2314
alone,query,3.2502
alone,query,2.2424
alone,query,1.3644
alone,query,5.9927
alone,query,1.8205
alone,query,2.5291
alone,query,2.2531
alone,query,1.3213
alone,query,1.4978
alone,query,1.9887
alone,query,2.5429
alone,query,5.0460
alone,query,2.1589
alone,query,3.3214
alone,query,2.7896
alone,query,2.8806
alone,query,1.9609
alone,query,5.2282
alone,query,3.1112
alone,query,3.2772
alone,query,3.0654
alone,query,3.1365
alone,query,3.8434
alone,query,3.0633
alone,query,2.4935
alone,query,3.8687
alone,query,2.0205
alone,query,2.1852
alone,query,5.4832
alone,query,3.4865
alone,query,2.0801
alone,query,1.2278
alone,query,5.4187
alone,query,4.0537
alone,query,3.6452
alone,query,3.5920
alone,query,2.1784
alone,query,3.8693
alone,query,3.1609
alone,query,1.8844
alone,query,5.3488
alone,query,2.1629
alone,query,2.2217
alone,query,5.6065
alone,query,4.2224
alone,query,1.9605
alone,query,1.9573
alone,query,2.4785
alone,query,1.9817
alone,query,4.4356
alone,query,1.9220
alone,query,1.5194
alone,query,4.5660
alone,query,2.5628
alone,query,2.0878
alone,query,1.8888
alone,query,1.8445
alone,query,1.7171
alone,query,3.7685
alone,query,2.1138
alone,query,2.1897
alone,query,3.2756
alone,query,2.8363
alone,query,1.6321
alone,query,3.6602
alone,query,2.7601
alone,query,3.5804
alone,query,1.0377
alone,query,1.9456
alone,query,1.9601
alone,query,0.9221
alone,query,7.3338
alone,query,3.0418
alone,query,3.3898
alone,query,1.1092
alone,query,1.3199
alone,query,1.7291
alone,query,3.2888
alone,query,3.8145
alone,query,3.4077
alone,query,1.9876
alone,query,1.2803
alone,query,2.4064
alone,query,1.3936
alone,query,2.1897
alone,query,1.4143
alone,query,1.2526
alone,query,15.2743
alone,query,3.5245
alone,query,4.5440
alone,query,2.5000
alone,query,3.4789
alone,query,1.8497
alone,query,1.2860
alone,query,2.0440
alone,query,4.5466
alone,query,1.3653
alone,query,3.1231
alone,query,1.5604
alone,query,2.9606
alone,query,1.3637
alone,query,1.5519
alone,query,2.3607
alone,query,2.6594
alone,query,2.2880
alone,query,2.3193
alone,query,2.2641
alone,query,1.9465
alone,query,2.9697
alone,query,3.2292
alone,query,2.9986
alone,query,3.8402
alone,query,2.4692
alone,query,1.8899
alone,query,1.7878
alone,query,1.9153
alone,query,1.9569
alone,query,3.7087
alone,query,2.0286
alone,query,2.1258
alone,query,1.9467
alone,query,2.1565
alone,query,5.5222
alone,query,4.0482
alone,query,3.9779
alone,query,2.6993
alone,query,1.3097
alone,query,2.5357
alone,query,3.1857
alone,query,6.7679
alone,query,7.0625
alone,query,2.4346
alone,query,5.8285
alone,query,3.8374
alone,query,1.2238
alone,query,2.7700
alone,query,3.3540
alone,query,1.7465
alone,query,1.8587
alone,query,3.5223
alone,query,3.7914
alone,query,2.7930
alone,query,3.6065
alone,query,2.7877
alone,query,3.1150
alone,query,4.7424
alone,query,1.6716
alone,query,3.6481
alone,query,1.6885
alone,query,3.5996
alone,query,1.9072
alone,query,3.0463
alone,query,6.1579
alone,query,4.0263
alone,query,3.1053
alone,query,3.1926
alone,query,1.8753
alone,query,2.0129
alone,query,3.0566
alone,query,4.1504
alone,query,6.7363
alone,query,3.8038
alone,query,2.0851
alone,query,1.5969
alone,query,2.2165
alone,query,3.0410
alone,query,6.4156
alone,query,2.9299
alone,query,2.4589
alone,query,1.6520
alone,query,4.9711
alone,query,1.5991
alone,query,3.8373
alone,query,3.8000
alone,query,2.0663
alone,query,1.8733
alone,query,1.7777
alone,query,2.5408
alone,query,1.1748
alone,query,1.6809
alone,query,1.6793
alone,query,1.6868
alone,query,1.7447
alone,query,3.1529
alone,query,1.1475
alone,query,1.7968
alone,query,1.8480
alone,query,0.9387
alone,query,0.6876
alone,query,3.2517
alone,query,1.5711
alone,query,3.0758
alone,query,2.7508
alone,query,3.5176
alone,query,1.6610
alone,query,2.9238
alone,query,3.1694
alone,query,2.2915
alone,query,2.4896
alone,query,6.9258
alone,query,2.4259
alone,query,2.1183
alone,query,3.2249
alone,query,2.4201
alone,query,2.9429
alone,query,2.0774
alone,query,2.9632
alone,query,2.3704
alone,query,1.8560
alone,query,4.4007
alone,query,1.2185
alone,query,4.3097
alone,query,2.2474
alone,query,1.8339
alone,query,1.2736
alone,query,5.0175
alone,query,2.0746
alone,query,3.0488
alone,query,3.0580
alone,query,1.7698
alone,query,7.2152
alone,query,5.2171
alone,query,3.0329
alone,query,3.4014
alone,query,3.5253
alone,query,1.7293
alone,query,5.4398
alone,query,6.3845
alone,query,1.4137
alone,query,1.3605
alone,query,5.3832
alone,query,1.8579
alone,query,1.8469
alone,query,3.4218
alone,query,3.1174
alone,query,2.7621
alone,query,4.8855
alone,query,1.1438
alone,query,3.6468
alone,query,3.3256
alone,query,2.5252
alone,query,1.9878
alone,query,1.3967
alone,query,4.9583
alone,query,2.7933
alone,query,1.4589
alone,query,1.2708
alone,query,3.5893
alone,query,2.2148
alone,query,1.1460
alone,query,1.8598
alone,query,1.2510
alone,query,1.6075
alone,query,2.0053
alone,query,1.9331
alone,query,2.6455
alone,query,3.0348
alone,query,5.2172
alone,query,2.4916
alone,query,2.2849
alone,query,2.1065
alone,query,4.0919
alone,query,4.0422
alone,query,2.7088
alone,query,2.7134
alone,query,1.8089
alone,query,2.3543
alone,query,1.0994
alone,query,1.4833
alone,query,2.9779
alone,query,1.2486
alone,query,2.2675
alone,query,2.6869
alone,query,6.8754
alone,query,1.7252
alone,query,1.5781
alone,query,2.2024
alone,query,1.2851
alone,query,2.1755
alone,query,2.7899
alone,query,2.0163
alone,query,2.2094
alone,query,1.9659
alone,query,1.4756
alone,query,1.6825
alone,query,0.9061
alone,query,2.1440
alone,query,2.0792
alone,query,1.2737
alone,query,2.3845
alone,query,1.1026
alone,query,3.2524
alone,query,2.1082
alone,query,2.0734
alone,query,1.9477
alone,query,2.2101
alone,query,4.9465
alone,query,1.8273
alone,query,1.1188
alone,query,1.2669
alone,query,1.4578
alone,query,1.7114
alone,query,1.8253
alone,query,1.2621
alone,query,2.7899
alone,query,2.5600
alone,query,4.5162
alone,query,4.0994
alone,query,2.8790
alone,query,1.8676
alone,query,2.2505
alone,query,2.7205
alone,query,0.5546
alone,query,2.2448
alone,query,3.3917
alone,query,2.7673
alone,query,1.6634
alone,query,2.5398
alone,query,1.7307
alone,query,2.2782
alone,query,3.1979
alone,query,1.4363
alone,query,1.0123
alone,query,1.9379
alone,query,2.1368
alone,query,2.3765
alone,query,9.8043
alone,query,4.7751
alone,query,2.3925
alone,query,3.2407
alone,query,2.0075
alone,query,3.8872
alone,query,1.5739
alone,query,7.9447
alone,query,2.5705
alone,query,3.8480
alone,query,2.2051
alone,query,10.6393
alone,query,1.6769
alone,query,1.6159
alone,query,2.2667
alone,query,2.1152
alone,query,3.4728
alone,query,2.7076
alone,query,2.5055
alone,query,3.0529
alone,query,3.5419
alone,query,3.7290
alone,query,1.8547
alone,query,1.9689
alone,query,1.9633
alone,query,2.5477
alone,query,4.9923
alone,query,9.1773
alone,query,2.7420
alone,query,3.4403
alone,query,1.9381
alone,query,2.1970
alone,query,1.6731
alone,query,2.9784
alone,query,2.3655
alone,query,2.3132
alone,query,2.6177
alone,query,3.0434
alone,query,1.8747
alone,query,3.3588
alone,query,2.6090
alone,query,4.8282
alone,query,1.8313
alone,query,1.8120
alone,query,3.1600
alone,query,1.5232
alone,query,3.7370
alone,query,1.5927
alone,query,1.2322
alone,query,1.9967
alone,query,4.3731
alone,query,4.5067
alone,query,1.9091
alone,query,2.6616
alone,query,2.9557
alone,query,1.7506
alone,query,2.3891
alone,query,1.3300
alone,query,1.6838
alone,query,3.1201
alone,query,0.4757
alone,query,0.8572
alone,query,1.7115
alone,query,4.1008
alone,query,2.4030
alone,query,3.0071
alone,query,1.9694
alone,query,1.5342
alone,query,2.1850
alone,query,2.1548
alone,query,1.2306
alone,query,1.7532
alone,query,4.2657
alone,query,3.7821
alone,query,1.5818
alone,query,2.0668
alone,query,1.8726
alone,query,1.9521
alone,query,4.7278
alone,query,2.8168
alone,query,3.6956
alone,query,3.5693
alone,query,2.7135
alone,query,2.6565
alone,query,2.1731
alone,query,1.4260
alone,query,2.3436
alone,query,1.9877
alone,query,1.6167
alone,query,2.6612
alone,query,2.0432
alone,query,2.4872
alone,query,2.6402
alone,query,8.4332
alone,query,2.7723
alone,query,1.5809
alone,query,3.7997
alone,query,1.9955
alone,query,0.8922
alone,query,0.7280
alone,query,1.0380
alone,query,1.3417
alone,query,0.7772
alone,query,2.6097
alone,query,1.1025
alone,query,1.0120
alone,query,3.2972
alone,query,1.0722
alone,query,1.5811
alone,query,1.7244
alone,query,3.2244
alone,query,2.0628
alone,query,1.8162
alone,query,5.8563
alone,query,5.0975
alone,query,5.1206
alone,query,2.5445
alone,query,2.2289
alone,query,3.6204
alone,query,1.5541
alone,query,2.4425
alone,query,2.7669
alone,query,2.9002
alone,query,1.5863
alone,query,2.1411
alone,query,2.8294
alone,query,2.1047
alone,query,1.6933
alone,query,1.2578
alone,query,2.8291
alone,query,1.7086
alone,query,3.9194
alone,query,1.7710
alone,query,1.6104
alone,query,3.0549
alone,query,1.8855
alone,query,1.6447
alone,query,2.8639
alone,query,1.2003
alone,query,2.0577
alone,query,3.0151
alone,query,4.5232
alone,query,3.3646
alone,query,2.4745
alone,query,3.7538
alone,query,3.0809
alone,query,2.2182
alone,query,1.7111
alone,query,2.0542
alone,query,1.8795
alone,query,1.8834
alone,query,1.2689
alone,query,3.1637
alone,query,1.6745
alone,query,2.1545
alone,query,1.7339
alone,query,0.5333
alone,query,1.2182
alone,query,3.7395
alone,query,0.4960
alone,query,1.2431
alone,query,1.8285
alone,query,1.2857
alone,query,3.8049
alone,query,1.9911
alone,query,2.5367
alone,query,3.2130
alone,query,1.6538
alone,query,2.5866
alone,query,5.1109
alone,query,2.4340
alone,query,3.0802
alone,query,2.1845
alone,query,2.4597
alone,query,2.7950
alone,query,1.5422
alone,query,1.9444
alone,query,1.5348
alone,query,2.4693
alone,query,3.2284
alone,query,3.5390
alone,query,2.7810
alone,query,2.0017
alone,query,2.9569
alone,query,3.2708
alone,query,1.3817
alone,query,2.4904
alone,query,2.4019
alone,query,3.0099
alone,query,4.2572
alone,query,1.8632
alone,query,3.6397
alone,query,2.4001
alone,query,3.5299
alone,query,3.9918
alone,query,1.3398
alone,query,3.2183
alone,query,2.3326
alone,query,3.7118
alone,query,3.0835
alone,query,2.1632
alone,query,2.7025
alone,query,7.7460
alone,query,2.4742
alone,query,1.7855
alone,query,3.2296
alone,query,3.0455
alone,query,5.9994
alone,query,2.4128
alone,query,2.3437
alone,query,8.0482
alone,query,2.2184
alone,query,0.9714
alone,query,3.5473
alone,query,2.2192
alone,query,1.8762
alone,query,1.1959
alone,query,3.6768
alone,query,1.6125
alone,query,1.5068
alone,query,2.4861
alone,query,2.2733
alone,query,14.1268
alone,query,6.8211
alone,query,2.0930
alone,query,3.1978
alone,query,0.8423
alone,query,1.7022
alone,query,1.8952
alone,query,1.8984
alone,query,2.4336
alone,query,2.7941
alone,query,2.8812
alone,query,3.0705
alone,query,1.6079
alone,query,0.8827
alone,query,2.1881
alone,query,1.5583
alone,query,2.3335
alone,query,1.6939
alone,query,1.0527
alone,query,2.0562
alone,query,1.1509
alone,query,2.2850
alone,query,2.3688
alone,query,2.1965
alone,query,3.9044
alone,query,2.2667
alone,query,1.6255
alone,query,0.4715
alone,query,2.9601
alone,query,4.3534
alone,query,2.4972
alone,query,3.0861
alone,query,4.2457
alone,query,1.7288
alone,query,1.4997
alone,query,1.2258
alone,query,2.7583
alone,query,2.0613
alone,query,1.5826
alone,query,7.0842
alone,query,2.2838
alone,query,4.0088
alone,query,2.2809
alone,query,2.3988
alone,query,4.6854
alone,query,0.9233
alone,query,1.2974
alone,query,2.4260
alone,query,2.3557
alone,query,1.9780
alone,query,2.0904
alone,query,4.4205
alone,query,4.3375
alone,query,3.7604
alone,query,3.7324
alone,query,4.1550
alone,query,1.8584
alone,query,2.2556
alone,query,3.3660
alone,query,2.4661
alone,query,4.8148
alone,query,2.8617
alone,query,5.9316
alone,query,3.1749
alone,query,2.9906
alone,query,0.8653
alone,query,2.1777
alone,query,1.0958
alone,query,4.1270
alone,query,2.3337
alone,query,4.1087
alone,query,1.9604
alone,query,3.9555
alone,query,4.0529
alone,query,3.2703
alone,query,2.8069
alone,query,3.7814
alone,query,4.2365
alone,query,1.1640
alone,query,1.7858
alone,query,4.1053
alone,query,1.5567
alone,query,1.7280
alone,query,1.4910
alone,query,2.4133
alone,query,1.2768
alone,query,4.7351
alone,query,2.6160
alone,query,6.0176
alone,query,2.4862
alone,query,3.5766
alone,query,2.1517
alone,query,1.9146
alone,query,2.7802
alone,query,2.2017
alone,query,3.4005
alone,query,5.0510
alone,query,1.7071
alone,query,1.5636
alone,query,4.8859
alone,query,2.4640
alone,query,1.9378
alone,query,2.1354
alone,query,3.2599
alone,query,1.8492
alone,query,1.3676
alone,query,3.1374
alone,query,2.9647
alone,query,3.8727
alone,query,2.1055
alone,query,1.8548
alone,query,1.9920
alone,query,2.0356
alone,query,2.5646
alone,query,2.1693
alone,query,2.8562
alone,query,1.8310
alone,query,2.2290
alone,query,1.5117
alone,query,6.1016
alone,query,3.0754
alone,query,2.0204
alone,query,3.9229
alone,query,2.1907
alone,query,1.8622
alone,query,1.3323
alone,query,2.0131
alone,query,4.3503
alone,query,2.4082
alone,query,2.0462
alone,query,2.1492
alone,query,1.4078
alone,query,1.9049
alone,query,1.1247
alone,query,1.9875
alone,query,2.7923
alone,query,4.0006
alone,query,1.5052
alone,query,0.9446
alone,query,1.2000
alone,query,0.6587
alone,query,2.8518
alone,query,2.8893
alone,query,2.1649
alone,query,1.4138
alone,query,1.7082
alone,query,2.1135
alone,query,1.6337
alone,query,0.9865
alone,query,0.8801
alone,query,3.4719
alone,query,1.3984
alone,query,3.7389
alone,query,2.0527
alone,query,2.5505
alone,query,3.2930
alone,query,2.5049
alone,query,2.4713
alone,query,1.6153
alone,query,2.6315
alone,query,1.6617
alone,query,3.2621
alone,query,1.8833
alone,query,2.2085
alone,query,2.5267
alone,query,1.9136
alone,query,3.0714
alone,query,2.4149
alone,query,2.3204
alone,query,1.4470
alone,query,1.2013
alone,query,3.2710
alone,query,3.5219
alone,query,3.2159
alone,query,3.1679
alone,query,2.0216
alone,query,5.6029
alone,query,2.7796
alone,query,2.7397
alone,query,2.5941
alone,query,3.5141
alone,query,3.4685
alone,query,2.1722
alone,query,1.9411
alone,query,2.7546
alone,query,1.2657
alone,query,3.0721
alone,query,1.4411
alone,query,3.1827
alone,query,2.0844
alone,query,5.5176
alone,query,2.4923
alone,query,1.7850
alone,query,4.0109
alone,query,2.5661
alone,query,1.6860
alone,query,1.3919
alone,query,5.0710
alone,query,1.7497
alone,query,1.0801
alone,query,1.5755
alone,query,1.1934
alone,query,8.5780
alone,query,1.7873
alone,query,4.7541
alone,query,3.2779
alone,query,1.7193
alone,query,2.8298
alone,query,3.2323
alone,query,2.6311
alone,query,4.6307
alone,query,2.4685
alone,query,2.0732
alone,query,3.2745
alone,query,2.9771
alone,query,1.5080
alone,query,5.0695
alone,query,1.6110
alone,query,3.0785
alone,query,3.4766
alone,query,2.7574
alone,query,2.9560
alone,query,1.8894
alone,query,1.5587
alone,query,1.9011
alone,query,3.6516
alone,query,3.1243
alone,query,2.6100
alone,query,2.4062
alone,query,3.2017
alone,query,1.9180
alone,query,2.0720
alone,query,2.5008
alone,query,1.9347
alone,query,2.2458
alone,query,5.4942
alone,query,1.9237
alone,query,2.2583
alone,query,1.7757
alone,query,1.2036
alone,query,1.1290
alone,query,2.7221
alone,query,2.5150
alone,query,1.5037
alone,query,2.1435
alone,query,2.7806
alone,query,2.5001
alone,query,3.1201
alone,query,1.5508
alone,query,1.8513
alone,query,3.3452
alone,query,1.2079
alone,query,1.7361
alone,query,2.2355
alone,query,2.0759
alone,query,2.3975
alone,query,2.9349
alone,query,3.3125
alone,query,5.8032
alone,query,1.8951
alone,query,1.8904
alone,query,3.4365
alone,query,3.7425
alone,query,2.2168
alone,query,1.5126
alone,query,1.1697
alone,query,2.6311
alone,query,2.2467
alone,query,3.6585
alone,query,2.7142
alone,query,3.4738
alone,query,2.4901
alone,query,1.9406
alone,query,2.2677
alone,query,0.8917
alone,query,4.6879
alone,query,1.6992
alone,query,2.9880
alone,query,2.8258
alone,query,3.6839
alone,query,0.5873
alone,query,1.0475
alone,query,5.0715
alone,query,3.1989
alone,query,1.0987
alone,query,1.4719
alone,query,2.6629
alone,query,1.5925
alone,query,2.5488
alone,query,1.7849
alone,query,3.4158
alone,query,1.9915
alone,query,3.7660
alone,query,2.1920
alone,query,2.7528
alone,query,1.7027
alone,query,1.5458
alone,query,3.8836
alone,query,1.4572
alone,query,3.0344
alone,query,1.7387
alone,query,2.1145
alone,query,1.9145
alone,query,2.0649
alone,query,5.6265
alone,query,1.2014
alone,query,1.3544
alone,query,4.6353
alone,query,5.2678
alone,query,7.3067
alone,query,3.2913
alone,query,2.4441
alone,query,2.6024
alone,query,2.8968
alone,query,3.1143
alone,query,5.1854
alone,query,2.2312
alone,query,4.1495
alone,query,1.1558
alone,query,1.1193
alone,query,0.8625
alone,query,2.1094
alone,query,3.7968
alone,query,1.3885
alone,query,1.9387
alone,query,2.6049
alone,query,2.6046
alone,query,2.6124
alone,query,3.2668
alone,query,2.1065
alone,query,2.7910
alone,query,2.9293
alone,query,1.9497
alone,query,2.0550
alone,query,5.8960
alone,query,2.5496
alone,query,1.3785
alone,query,3.0795
alone,query,3.8978
alone,query,1.8701
alone,query,0.7027
alone,query,3.5898
alone,query,2.2998
alone,query,2.2878
alone,query,2.1758
alone,query,2.1222
alone,query,1.4325
alone,query,1.7151
alone,query,31.8702
alone,query,1.5419
alone,query,2.4164
alone,query,2.9660
alone,query,2.1351
alone,query,3.2022
alone,query,2.0343
alone,query,3.5215
alone,query,2.2161
alone,query,3.9941
alone,query,2.7133
alone,query,2.1863
alone,query,2.0800
alone,query,2.2932
alone,query,2.7343
alone,query,1.2990
alone,query,1.1093
alone,query,1.4410
alone,query,2.5049
alone,query,2.4564
alone,query,3.1898
alone,query,4.4409
alone,query,2.2466
alone,query,3.2285
alone,query,2.6276
alone,query,2.3404
alone,query,3.6176
alone,query,8.1384
alone,query,3.0927
alone,query,4.3147
alone,query,2.1897
alone,query,3.4182
alone,query,3.5300
alone,query,2.7689
alone,query,2.6549
alone,query,5.1517
alone,query,3.6860
alone,query,3.2016
alone,query,2.0887
alone,query,2.9572
alone,query,3.7500
alone,query,2.0995
alone,query,4.3917
alone,query,1.7254
alone,query,3.2291
alone,query,2.9710
alone,query,2.0950
alone,query,4.6116
alone,query,4.0995
alone,query,3.1450
alone,query,1.8400
alone,query,2.7129
alone,query,0.7183
alone,query,1.7074
alone,query,2.3831
alone,query,3.9131
alone,query,1.8039
alone,query,4.5575
alone,query,1.4808
alone,query,2.8098
alone,query,3.1645
alone,query,1.2383
alone,query,2.3443
alone,query,1.1100
alone,query,0.8734
alone,query,2.7598
alone,query,5.2003
alone,query,2.2662
alone,query,1.8714
alone,query,1.6935
alone,query,3.6155
alone,query,1.4530
alone,query,1.2866
alone,query,2.2201
alone,query,0.9656
alone,query,3.2442
alone,query,5.4052
alone,query,1.8166
alone,query,3.5268
alone,query,3.2430
alone,query,0.6833
alone,query,2.1608
alone,query,1.4945
alone,query,3.1161
alone,query,3.4529
alone,query,6.0530
alone,query,1.9469
alone,query,2.8875
alone,query,1.9499
alone,query,1.7205
alone,query,1.8038
alone,query,1.9984
alone,query,3.0527
alone,query,2.3260
alone,query,0.7313
alone,query,1.3782
alone,query,1.4352
alone,query,1.8806
alone,query,1.0961
alone,query,3.2787
alone,query,2.0855
alone,query,3.3793
alone,query,2.5886
alone,query,1.8527
alone,query,6.4119
alone,query,6.9725
alone,query,3.0484
alone,query,2.5298
alone,query,1.7313
alone,query,1.9112
alone,query,0.8551
alone,query,3.5750
alone,query,1.5043
alone,query,2.2803
alone,query,3.2209
alone,query,3.3014
alone,query,1.9724
alone,query,2.2387
alone,query,2.5852
alone,query,7.5247
alone,query,3.2907
alone,query,2.7359
alone,query,2.3848
alone,query,4.0149
alone,query,3.2505
alone,query,0.9129
alone,query,1.8302
alone,query,2.0949
alone,query,3.7523
alone,query,2.6236
alone,query,2.6646
alone,query,8.4608
alone,query,1.9259
alone,query,2.3583
alone,query,2.2469
alone,query,4.6589
alone,query,1.1922
alone,query,6.4579
alone,query,2.0669
alone,query,2.4561
alone,query,2.4325
alone,query,4.8934
alone,query,3.7003
alone,query,6.3830
alone,query,7.7976
alone,query,2.6431
alone,query,2.6345
alone,query,1.5825
alone,query,4.6074
alone,query,2.0715
alone,query,2.6457
alone,query,1.4328
alone,query,1.6400
alone,query,3.3017
alone,query,9.8492
alone,query,1.8416
alone,query,0.6396
alone,query,3.2367
alone,query,3.2537
alone,query,2.6460
alone,query,1.3441
alone,query,1.0858
alone,query,2.3240
alone,query,1.8211
alone,query,3.9837
alone,query,1.2818
alone,query,2.4754
alone,query,2.9758
alone,query,3.0061
alone,query,3.5940
alone,query,2.5484
alone,query,1.8534
alone,query,2.1458
alone,query,2.3866
alone,query,2.8573
alone,query,2.3041
alone,query,1.8407
alone,query,2.7920
alone,query,1.1522
alone,query,2.4896
alone,query,2.6425
alone,query,3.4732
alone,query,2.3938
alone,query,1.5294
alone,query,2.7493
alone,query,2.0014
alone,query,1.6621
alone,query,2.5951
alone,query,1.8114
alone,query,2.0550
alone,query,1.2419
alone,query,1.2193
alone,query,1.6940
alone,query,3.3001
alone,query,2.0167
alone,query,3.2564
alone,query,1.8816
alone,query,3.0416
alone,query,2.0662
alone,query,1.6325
alone,query,2.2169
alone,query,2.1531
alone,query,1.6742
alone,query,3.5825
alone,query,2.2140
alone,query,3.3605
alone,query,1.5634
alone,query,4.4334
alone,query,3.7518
alone,query,1.5659
alone,query,1.7987
alone,query,3.5618
alone,query,2.4917
alone,query,1.9785
alone,query,2.0838
alone,query,2.0255
alone,query,1.0706
alone,query,1.7765
alone,query,2.3098
alone,query,1.0522
alone,query,2.0817
alone,query,2.6450
alone,query,3.3608
alone,query,1.1994
alone,query,2.2337
alone,query,2.8216
alone,query,2.0632
alone,query,4.2385
alone,query,0.8369
alone,query,1.8943
alone,query,5.9153
alone,query,3.5905
alone,query,2.5140
alone,query,1.8108
alone,query,1.9775
alone,query,4.5117
alone,query,5.2045
alone,query,5.1844
alone,query,3.8778
alone,query,5.9542
alone,query,4.5548
alone,query,1.6686
alone,query,2.5721
alone,query,3.8717
alone,query,2.5836
alone,query,0.7806
alone,query,1.6700
alone,query,1.9023
alone,query,3.6493
alone,query,2.5028
alone,query,1.7812
alone,query,2.0555
alone,query,3.0047
alone,query,1.6599
alone,query,2.0162
alone,query,4.8589
alone,query,1.4146
alone,query,2.0578
alone,query,2.3561
alone,query,4.4609
alone,query,2.8779
alone,query,2.1601
alone,query,1.2093
alone,query,1.7283
alone,query,3.0615
alone,query,1.5054
alone,query,1.8155
alone,query,1.7630
alone,query,1.8838
alone,query,2.4729
alone,query,1.9802
alone,query,3.1114
alone,query,2.6840
alone,query,2.5599
alone,query,2.0616
alone,query,3.2511
alone,query,3.4863
alone,query,2.4216
alone,query,1.9871
alone,query,1.8367
alone,query,0.8255
alone,query,2.0818
alone,query,1.8633
alone,query,1.5728
alone,query,2.2655
alone,query,4.2104
alone,query,1.5189
alone,query,1.6553
alone,query,1.1327
alone,query,0.9428
alone,query,0.4905
alone,query,0.4664
alone,query,0.5835
alone,query,3.7610
alone,query,1.3513
alone,query,2.2121
alone,query,3.7048
alone,query,1.7143
alone,query,1.9008
alone,query,1.2520
alone,query,1.4506
alone,query,5.4573
alone,query,1.2512
alone,query,1.5904
alone,query,2.8258
alone,query,1.9910
alone,query,1.3654
alone,query,2.5662
alone,query,2.5929
alone,query,1.7755
alone,query,1.6890
alone,query,4.5024
alone,query,2.4363
alone,query,1.6160
alone,query,2.2587
alone,query,4.1570
alone,query,1.8357
alone,query,1.5040
alone,query,2.5263
alone,query,2.6651
alone,query,2.6453
alone,query,2.5727
alone,query,3.9740
alone,query,2.2086
alone,query,2.5802
alone,query,2.1947
alone,query,2.0118
alone,query,2.6980
alone,query,0.9813
alone,query,2.3472
alone,query,10.6132
alone,query,1.1510
alone,query,3.1752
alone,query,6.5483
alone,query,1.8822
alone,query,4.0464
alone,query,6.2332
alone,query,5.3785
alone,query,4.0975
alone,query,2.3556
alone,query,5.4303
alone,query,2.6374
alone,query,4.5058
alone,query,3.5276
alone,query,3.0389
alone,query,2.6233
alone,query,3.5493
alone,query,3.7968
alone,query,2.6289
alone,query,1.6412
alone,query,3.7627
alone,query,1.6944
alone,query,3.3951
alone,query,1.1508
alone,query,1.1047
alone,query,1.8584
alone,query,5.3880
alone,query,1.6114
alone,query,1.3625
alone,query,1.1941
alone,query,1.4746
alone,query,3.3899
alone,query,1.8970
alone,query,3.4963
alone,query,4.4498
alone,query,3.1800
alone,query,3.8725
alone,query,3.1940
alone,query,2.8615
alone,query,4.2573
alone,query,3.2020
alone,query,3.9541
alone,query,1.6745
alone,query,3.3044
alone,query,1.3489
alone,query,4.4583
alone,query,2.3568
alone,query,1.8602
alone,query,2.2022
alone,query,2.6016
alone,query,2.1624
alone,query,3.1513
alone,query,1.4438
alone,query,5.3140
alone,query,2.0725
alone,query,2.2496
alone,query,1.3413
alone,query,1.5897
alone,query,2.4923
alone,query,1.4897
alone,query,3.1184
alone,query,1.6605
alone,query,0.7010
alone,query,3.8815
alone,query,1.7276
alone,query,2.6268
alone,query,2.8227
alone,query,1.1900
alone,query,1.3612
alone,query,1.8247
alone,query,2.8426
alone,query,2.2766
alone,query,1.8675
alone,query,2.5304
alone,query,1.2125
alone,query,6.4888
alone,query,0.9788
alone,query,2.1977
alone,query,2.2515
alone,query,2.0284
alone,query,1.7942
alone,query,2.9401
alone,query,2.0458
alone,query,2.0215
alone,query,2.4076
alone,query,2.4930
alone,query,6.3976
alone,query,2.4969
alone,query,3.5454
alone,query,1.8959
alone,query,1.0711
alone,query,1.9476
alone,query,1.0901
alone,query,0.9268
alone,query,2.1969
alone,query,3.0590
alone,query,0.7552
alone,query,2.7317
alone,query,2.1281
alone,query,3.0402
alone,query,2.5956
alone,query,2.2763
alone,query,5.0513
alone,query,1.9155
alone,query,3.0271
alone,query,1.4885
alone,query,2.9669
alone,query,2.0603
alone,query,2.4055
alone,query,4.2493
alone,query,2.3433
alone,query,2.1816
alone,query,2.5115
alone,query,1.4018
alone,query,2.3538
alone,query,4.4369
alone,query,3.3735
alone,query,2.3507
alone,query,0.5591
alone,query,0.7391
alone,query,2.8148
alone,query,3.2848
alone,query,1.8523
alone,query,2.4050
alone,query,1.5120
alone,query,2.9852
alone,query,1.5882
alone,query,1.8173
alone,query,3.7708
alone,query,1.2209
alone,query,1.9125
alone,query,1.7827
alone,query,1.1306
alone,query,2.2706
alone,query,2.0679
alone,query,2.2613
alone,query,3.7652
alone,query,2.3053
alone,query,2.6327
alone,query,3.3917
alone,query,2.9970
alone,query,2.8075
alone,query,1.8873
alone,query,1.1484
alone,query,2.3519
alone,query,1.9479
alone,query,1.8146
alone,query,5.0926
alone,query,2.1022
alone,query,1.7236
alone,query,1.8178
alone,query,2.5942
alone,query,1.5939
alone,query,3.1576
alone,query,4.9869
alone,query,1.8885
alone,query,1.7185
alone,query,4.0547
alone,query,1.5861
alone,query,1.7703
alone,query,2.6739
alone,query,2.0467
alone,query,1.2771
alone,query,2.3613
alone,query,2.1776
alone,query,2.3171
alone,query,1.4257
alone,query,1.3583
alone,query,2.5784
alone,query,5.7554
alone,query,1.8101
alone,query,1.6758
alone,query,2.0465
alone,query,5.4047
alone,query,2.8666
alone,query,4.2679
alone,query,1.7844
alone,query,2.3749
alone,query,4.1888
alone,query,3.0826
alone,query,2.7853
alone,query,2.5489
alone,query,2.1070
alone,query,1.7069
alone,query,1.7526
alone,query,3.0511
alone,query,3.5937
alone,query,1.7839
alone,query,2.2563
alone,query,1.8820
alone,query,3.0805
alone,query,2.2096
alone,query,3.4652
alone,query,1.8614
alone,query,2.8436
alone,query,3.3981
alone,query,5.9526
alone,query,4.3679
alone,query,3.2454
alone,query,2.7366
alone,query,2.4816
alone,query,3.4141
alone,query,1.4589
alone,query,2.3685
alone,query,1.6988
alone,query,1.9255
alone,query,2.2306
alone,query,4.2334
alone,query,3.0986
alone,query,2.5126
alone,query,3.1873
alone,query,10.5939
alone,query,1.8693
alone,query,1.6621
alone,query,2.8904
alone,query,2.7301
alone,query,2.2910
alone,query,2.0456
alone,query,1.4946
alone,query,3.3805
alone,query,1.6188
alone,query,2.8205
alone,query,1.7943
alone,query,1.7843
alone,query,3.3935
alone,query,3.7048
alone,query,2.9180
alone,query,3.1294
alone,query,1.5238
alone,query,3.4836
alone,query,2.2996
alone,query,4.4477
alone,query,4.0094
alone,query,3.7281
alone,query,1.7721
alone,query,1.7095
alone,query,1.7993
alone,query,2.2181
alone,query,2.9190
alone,query,3.3472
alone,query,1.3954
alone,query,2.5172
alone,query,11.5682
alone,query,4.0805
alone,query,2.3626
alone,query,2.5155
alone,query,3.4953
alone,query,2.2904
alone,query,6.0645
alone,query,2.9515
alone,query,2.5194
alone,query,2.3513
alone,query,1.8925
alone,query,1.8835
alone,query,1.7526
alone,query,1.6861
alone,query,2.6032
alone,query,1.2657
alone,query,1.5374
alone,query,2.2713
alone,query,1.9470
alone,query,1.7896
alone,query,2.4670
alone,query,2.5293
alone,query,3.2965
alone,query,2.5563
alone,query,2.1773
alone,query,1.6484
alone,query,1.3110
alone,query,6.2763
alone,query,2.4889
alone,query,2.2431
alone,query,4.0749
alone,query,2.8402
alone,query,1.3393
alone,query,3.1775
alone,query,0.5850
alone,query,1.9921
alone,query,7.9162
alone,query,2.9989
alone,query,1.9300
alone,query,3.4503
alone,query,2.1588
alone,query,0.9158
alone,query,1.6255
alone,query,4.1432
alone,query,3.4925
alone,query,9.5120
alone,query,2.3953
alone,query,2.1516
alone,query,4.3604
alone,query,1.7229
alone,query,3.3667
alone,query,3.4381
alone,query,2.5589
alone,query,3.2292
alone,query,3.3301
alone,query,2.7970
alone,query,2.5032
alone,query,3.0427
alone,query,2.2698
alone,query,1.4532
alone,query,1.4726
alone,query,1.7943
alone,query,3.2700
alone,query,2.2643
alone,query,1.1902
alone,query,3.5052
alone,query,1.8866
alone,query,1.7891
alone,query,2.6082
alone,query,3.5933
alone,query,4.1767
alone,query,4.1061
alone,query,2.3360
alone,query,1.0492
alone,query,2.5854
alone,query,2.8351
alone,query,1.7041
alone,query,3.7753
alone,query,1.3922
alone,query,4.8935
alone,query,1.1983
alone,query,1.1310
alone,query,2.0571
alone,query,2.1145
alone,query,1.5268
alone,query,3.4654
alone,query,4.2348
alone,query,2.8480
alone,query,2.1393
alone,query,2.9645
alone,query,3.9011
alone,query,2.2168
alone,query,2.6193
alone,query,1.0122
alone,query,5.7133
alone,query,1.6946
alone,query,2.7391
alone,query,1.8022
alone,query,1.4739
alone,query,3.2903
alone,query,1.5177
alone,query,1.3652
alone,query,6.3320
alone,query,1.5786
alone,query,3.3085
alone,query,1.6355
alone,query,6.5777
alone,query,1.7850
alone,query,1.0996
alone,query,2.1770
alone,query,1.7801
alone,query,1.1363
alone,query,1.0142
alone,query,1.6771
alone,query,2.6038
alone,query,0.8364
alone,query,1.5477
alone,query,1.4832
alone,query,1.6419
alone,query,1.7467
alone,query,1.2943
alone,query,2.9735
alone,query,5.0562
alone,query,2.7485
alone,query,2.5726
alone,query,6.8242
alone,query,1.9480
alone,query,2.5926
alone,query,3.4824
alone,query,1.3105
alone,query,1.5323
alone,query,2.2595
alone,query,2.1158
alone,query,1.9019
alone,query,1.4187
alone,query,3.9199
alone,query,2.6459
alone,query,3.6220
alone,query,1.9683
alone,query,1.8888
alone,query,4.7502
alone,query,2.6361
alone,query,2.0842
alone,query,2.0503
alone,query,3.4045
alone,query,4.1297
alone,query,0.9970
alone,query,2.4337
alone,query,4.3718
alone,query,2.1883
alone,query,1.7673
alone,query,4.3912
alone,query,2.3454
alone,query,3.0049
alone,query,5.4427
alone,query,4.2918
alone,query,2.5537
alone,query,1.0199
alone,query,2.8225
alone,query,1.6346
alone,query,2.4673
alone,query,5.7467
alone,query,1.9788
alone,query,2.4941
alone,query,2.0197
alone,query,3.4936
alone,query,4.5677
alone,query,3.0262
alone,query,0.9695
alone,query,4.9524
alone,query,2.5151
alone,query,2.4676
alone,query,2.7056
alone,query,1.6665
alone,query,3.1872
alone,query,1.5129
alone,query,7.0689
alone,query,1.1382
alone,query,2.4643
alone,query,1.5719
alone,query,1.5364
alone,query,1.3574
alone,query,1.4946
alone,query,3.9946
alone,query,2.2320
alone,query,4.7205
alone,query,3.6573
alone,query,1.9467
alone,query,2.6867
alone,query,2.6890
alone,query,1.6641
alone,query,1.6987
alone,query,2.1275
alone,query,2.1493
alone,query,3.1418
alone,query,1.8322
alone,query,1.5652
alone,query,2.5411
alone,query,2.1212
alone,query,3.2594
alone,query,2.4262
alone,query,1.4150
alone,query,3.4885
alone,query,2.9324
alone,query,3.1768
alone,query,5.5808
alone,query,5.8243
alone,query,1.2775
alone,query,2.8210
alone,query,2.3626
alone,query,2.3896
alone,query,2.1392
alone,query,2.9860
alone,query,1.6302
alone,query,1.6914
alone,query,1.6380
alone,query,1.9675
alone,query,0.6558
alone,query,1.0365
alone,query,0.7673
alone,query,0.7946
alone,query,2.2376
alone,query,1.8014
alone,query,3.1861
alone,query,2.0071
alone,query,1.6230
alone,query,1.9855
alone,query,2.0896
alone,query,3.0541
alone,query,2.6024
alone,query,1.3249
alone,query,3.8302
alone,query,3.0243
alone,query,1.7282
alone,query,2.0337
alone,query,2.4783
alone,query,1.8328
alone,query,3.3602
alone,query,3.8741
alone,query,1.8490
alone,query,1.7570
alone,query,2.3003
alone,query,2.6262
alone,query,4.3474
alone,query,1.7311
alone,query,1.9608
alone,query,2.4380
alone,query,3.2702
alone,query,2.6914
alone,query,3.8388
alone,query,1.9205
alone,query,1.0465
alone,query,1.7747
alone,query,2.3875
alone,query,2.1969
alone,query,2.9571
alone,query,2.0041
alone,query,2.9715
alone,query,1.8048
alone,query,3.3101
alone,query,2.8290
alone,query,2.9047
alone,query,1.8674
alone,query,3.3436
alone,query,2.7503
alone,query,2.0122
alone,query,1.8720
alone,query,5.8206
alone,query,2.6729
alone,query,4.0699
alone,query,2.8333
alone,query,3.8552
alone,query,4.0684
alone,query,3.8523
alone,query,2.9072
alone,query,2.2958
alone,query,3.3604
alone,query,2.4742
alone,query,2.2283
alone,query,1.5214
alone,query,0.9105
alone,query,3.7188
alone,query,2.2896
alone,query,1.9308
alone,query,4.7668
alone,query,6.8643
alone,query,2.9386
alone,query,1.2604
alone,query,3.3006
alone,query,1.5958
alone,query,1.9595
alone,query,1.6515
alone,query,1.8472
alone,query,2.9849
alone,query,5.5876
alone,query,1.9694
alone,query,2.5685
alone,query,3.7830
alone,query,2.2584
alone,query,3.0130
alone,query,2.4202
alone,query,2.4095
alone,query,1.6550
alone,query,1.4106
alone,query,2.5195
alone,query,2.6970
alone,query,1.6926
alone,query,1.8689
alone,query,2.2580
alone,query,2.7738
alone,query,2.3617
alone,query,2.9961
alone,query,3.4140
alone,query,1.8928
alone,query,1.8107
alone,query,1.5009
alone,query,1.9385
alone,query,2.7170
alone,query,1.4075
alone,query,1.5593
alone,query,1.6325
alone,query,2.9135
alone,query,2.7223
alone,query,3.8868
alone,query,1.5669
alone,query,1.4065
alone,query,1.2761
alone,query,6.0912
alone,query,2.0905
alone,query,3.1494
alone,query,2.4278
alone,query,2.5571
alone,query,2.2795
alone,query,2.2085
alone,query,4.1806
alone,query,3.6088
alone,query,2.3773
alone,query,4.0356
alone,query,2.9172
alone,query,2.1661
alone,query,1.6593
alone,query,2.7258
alone,query,3.3268
alone,query,3.4008
alone,query,3.6499
alone,query,5.5413
alone,query,2.0047
alone,query,3.0716
alone,query,2.0632
alone,query,2.3560
alone,query,1.7973
alone,query,2.6004
alone,query,3.7799
alone,query,3.5496
alone,query,3.8308
alone,query,3.5040
alone,query,2.7619
alone,query,1.8694
alone,query,1.7307
alone,query,1.5456
alone,query,2.3917
alone,query,2.7120
alone,query,3.5765
alone,query,1.4972
alone,query,1.2691
alone,query,1.6398
alone,query,2.8817
alone,query,5.7821
alone,query,3.4676
alone,query,2.3029
alone,query,2.4629
alone,query,1.8554
alone,query,3.0946
alone,query,2.5785
alone,query,1.9469
alone,query,2.1811
alone,query,5.5474
alone,query,1.1177
alone,query,1.4567
alone,query,1.1256
alone,query,4.2832
alone,query,1.8283
alone,query,2.2813
alone,query,2.4102
alone,query,1.9515
alone,query,1.4597
alone,query,1.1263
alone,query,1.2136
alone,query,2.9377
alone,query,2.1190
alone,query,1.9788
alone,query,3.3089
alone,query,2.0982
alone,query,3.3373
alone,query,3.2087
alone,query,1.7022
alone,query,3.3905
alone,query,2.9549
alone,query,2.2502
alone,query,1.7553
alone,query,1.1998
alone,query,2.8551
alone,query,1.8754
alone,query,3.9137
alone,query,1.9412
alone,query,2.8294
alone,query,3.1111
alone,query,2.6175
alone,query,2.6315
alone,query,2.2514
alone,query,2.5684
alone,query,2.3459
alone,query,2.3372
alone,query,1.8986
alone,query,1.0580
alone,query,2.4076
alone,query,1.0120
alone,query,2.6986
alone,query,2.4107
alone,query,2.6159
alone,query,0.9748
alone,transaction,31.1149
alone,transaction,15.1006
alone,transaction,15.0340
alone,transaction,23.1286
alone,transaction,19.1223
alone,transaction,13.4429
alone,transaction,13.4019
alone,transaction,16.2364
alone,transaction,27.1577
alone,transaction,26.3561
alone,transaction,21.0860
alone,transaction,23.3574
alone,transaction,30.1386
alone,transaction,23.7468
alone,transaction,23.3387
alone,transaction,21.7576
alone,transaction,22.3158
alone,transaction,20.1133
alone,transaction,24.2437
alone,transaction,24.9472
alone,transaction,25.0134
alone,transaction,24.2689
alone,transaction,29.9680
alone,transaction,24.7893
alone,transaction,28.0238
alone,transaction,20.9192
alone,transaction,21.2610
alone,transaction,33.4527
alone,transaction,25.0452
alone,transaction,29.3657
alone,transaction,21.9771
alone,transaction,26.0606
alone,transaction,16.1028
alone,transaction,26.3836
alone,transaction,14.5791
alone,transaction,28.3143
alone,transaction,23.1690
alone,transaction,28.0625
alone,transaction,29.0971
alone,transaction,37.3857
alone,transaction,29.6028
alone,transaction,30.1582
alone,transaction,26.1334
alone,transaction,24.5873
alone,transaction,19.7665
alone,transaction,22.9435
alone,transaction,20.3841
alone,transaction,36.2163
alone,transaction,22.4117
alone,transaction,24.3175
alone,transaction,31.2068
alone,transaction,32.3264
alone,transaction,23.9088
alone,transaction,24.4989
alone,transaction,21.9321
alone,transaction,28.5909
alone,transaction,23.3487
alone,transaction,26.0475
alone,transaction,24.8342
alone,transaction,27.1644
alone,transaction,27.9328
alone,transaction,16.2410
alone,transaction,30.7259
alone,transaction,21.9496
alone,transaction,17.8488
alone,transaction,19.9141
alone,transaction,18.8168
alone,transaction,26.1160
alone,transaction,18.7791
alone,transaction,23.6565
alone,transaction,30.9579
alone,transaction,25.6755
alone,transaction,29.2482
alone,transaction,25.9001
alone,transaction,23.4901
alone,transaction,23.5693
alone,transaction,25.5179
alone,transaction,23.3689
alone,transaction,27.0739
alone,transaction,21.5765
alone,transaction,20.2167
alone,transaction,23.7732
alone,transaction,22.5797
alone,transaction,22.6592
alone,transaction,16.9132
alone,transaction,17.2299
alone,transaction,21.3588
alone,transaction,23.7454
alone,transaction,40.0939
alone,transaction,22.0673
alone,transaction,19.3916
alone,transaction,24.5663
alone,transaction,16.6633
alone,transaction,26.9803
alone,transaction,21.3791
alone,transaction,23.0946
alone,transaction,23.8235
alone,transaction,19.7659
alone,transaction,29.2605
alone,transaction,13.1509
alone,transaction,29.8563
alone,transaction,12.1722
alone,transaction,16.4661
alone,transaction,13.3896
alone,transaction,16.8372
alone,transaction,15.3319
alone,transaction,9.8636
alone,transaction,14.4232
alone,transaction,15.0937
alone,transaction,17.2598
alone,transaction,20.7614
alone,transaction,20.6064
alone,transaction,52.0636
alone,transaction,18.9670
alone,transaction,31.3703
alone,transaction,23.7205
alone,transaction,18.5499
alone,transaction,24.0297
alone,transaction,20.4475
alone,transaction,21.3517
alone,transaction,23.8043
alone,transaction,27.4104
alone,transaction,25.0280
alone,transaction,22.7421
alone,transaction,24.8461
alone,transaction,28.1407
alone,transaction,25.8345
alone,transaction,21.1262
alone,transaction,19.3486
alone,transaction,26.5802
alone,transaction,24.1763
alone,transaction,22.5141
alone,transaction,25.3340
alone,transaction,27.9062
alone,transaction,23.0378
alone,transaction,21.6667
alone,transaction,27.2571
alone,transaction,32.6849
alone,transaction,31.7603
alone,transaction,40.8506
alone,transaction,30.5046
alone,transaction,29.0526
alone,transaction,21.7058
alone,transaction,29.9267
alone,transaction,20.8689
alone,transaction,29.1882
alone,transaction,18.2623
alone,transaction,35.1703
alone,transaction,23.9307
alone,transaction,22.5528
alone,transaction,24.0779
alone,transaction,26.9996
alone,transaction,30.4955
alone,transaction,22.7557
alone,transaction,24.4306
alone,transaction,24.1377
alone,transaction,25.8734
alone,transaction,22.5836
alone,transaction,16.2962
alone,transaction,24.9011
alone,transaction,20.2087
alone,transaction,27.1317
alone,transaction,17.1592
alone,transaction,48.3765
alone,transaction,23.9955
alone,transaction,25.2984
alone,transaction,17.4358
alone,transaction,17.6341
alone,transaction,23.3655
alone,transaction,21.4883
alone,transaction,31.5477
alone,transaction,27.6269
alone,transaction,26.4439
alone,transaction,24.2342
alone,transaction,26.1025
alone,transaction,22.6041
alone,transaction,30.2037
alone,transaction,22.4983
alone,transaction,22.8527
alone,transaction,23.6033
alone,transaction,18.4472
alone,transaction,18.7223
alone,transaction,28.0904
alone,transaction,17.0987
alone,transaction,25.9106
alone,transaction,15.2575
alone,transaction,15.3823
alone,transaction,19.2796
alone,transaction,21.5254
alone,transaction,37.8488
alone,transaction,22.2621
alone,transaction,18.8624
alone,transaction,21.4110
alone,transaction,20.2956
alone,transaction,28.6816
alone,transaction,21.3065
alone,transaction,21.9602
alone,transaction,25.4796
alone,transaction,36.0832
alone,transaction,21.6756
alone,transaction,35.1796
alone,transaction,19.1071
alone,transaction,25.7501
alone,transaction,28.4584
alone,transaction,15.3203
alone,transaction,16.4029
alone,transaction,23.1464
alone,transaction,17.9968
alone,transaction,29.0398
alone,transaction,14.1155
alone,transaction,25.6181
alone,transaction,19.2614
alone,transaction,16.8014
alone,transaction,30.3458
alone,transaction,25.0850
alone,transaction,23.9173
alone,transaction,23.5634
alone,transaction,34.5491
alone,transaction,25.0888
alone,transaction,32.3994
alone,transaction,28.1018
alone,transaction,26.6404
alone,transaction,26.8934
alone,transaction,24.0981
alone,transaction,21.0933
alone,transaction,34.6115
alone,transaction,16.6087
alone,transaction,22.0858
alone,transaction,31.2110
alone,transaction,23.2525
alone,transaction,27.5513
alone,transaction,25.2694
alone,transaction,22.4892
alone,transaction,31.7606
alone,transaction,39.8783
alone,transaction,34.2583
alone,transaction,34.8355
alone,transaction,25.3705
alone,transaction,33.5209
alone,transaction,27.8663
alone,transaction,26.6537
alone,transaction,25.1697
alone,transaction,19.6316
alone,transaction,34.1831
alone,transaction,27.7485
alone,transaction,20.8206
alone,transaction,23.4385
alone,transaction,23.1342
alone,transaction,25.6047
alone,transaction,30.0758
alone,transaction,30.7079
alone,transaction,24.1250
alone,transaction,29.9438
alone,transaction,25.9914
alone,transaction,26.0485
alone,transaction,17.5959
alone,transaction,21.4674
alone,transaction,19.5589
alone,transaction,26.8404
alone,transaction,33.1244
alone,transaction,25.1679
alone,transaction,19.0588
alone,transaction,19.8680
alone,transaction,29.0338
alone,transaction,28.0680
alone,transaction,30.0790
alone,transaction,20.5515
alone,transaction,26.6295
alone,transaction,30.8554
alone,transaction,24.5848
alone,transaction,24.8288
alone,transaction,32.6251
alone,transaction,23.9294
alone,transaction,23.7949
alone,transaction,26.5471
alone,transaction,25.1829
alone,transaction,22.9705
alone,transaction,20.6363
alone,transaction,20.6675
alone,transaction,23.5351
alone,transaction,21.1052
alone,transaction,25.6753
alone,transaction,15.6995
alone,transaction,40.4039
alone,transaction,27.2257
alone,transaction,20.6216
alone,transaction,20.1803
alone,transaction,20.2327
alone,transaction,26.7049
alone,transaction,20.2223
alone,transaction,22.3520
alone,transaction,21.0337
alone,transaction,15.8606
alone,transaction,13.6777
alone,transaction,14.2370
alone,transaction,22.1285
alone,transaction,14.0518
alone,transaction,12.6649
alone,transaction,14.5886
alone,transaction,7.8802
alone,transaction,30.6388
alone,transaction,18.4890
alone,transaction,27.1012
alone,transaction,24.6289
alone,transaction,72.6836
alone,transaction,24.8347
alone,transaction,26.6980
alone,transaction,18.6729
alone,transaction,30.9666
alone,transaction,16.1259
alone,transaction,35.5224
alone,transaction,26.8049
alone,transaction,25.3036
alone,transaction,26.9028
alone,transaction,21.6075
alone,transaction,26.1062
alone,transaction,29.3178
alone,transaction,23.9288
alone,transaction,18.8505
alone,transaction,25.4644
alone,transaction,32.2223
alone,transaction,18.5003
alone,transaction,24.1477
alone,transaction,25.1883
alone,transaction,20.5364
alone,transaction,18.6856
alone,transaction,24.2008
alone,transaction,22.9522
alone,transaction,26.0391
alone,transaction,27.6689
alone,transaction,22.4881
alone,transaction,41.4024
alone,transaction,33.2764
alone,transaction,30.0130
alone,transaction,34.1184
alone,transaction,38.4082
alone,transaction,28.3779
alone,transaction,25.0249
alone,transaction,25.3091
alone,transaction,24.3665
alone,transaction,19.1077
alone,transaction,40.3165
alone,transaction,24.7806
alone,transaction,20.1095
alone,transaction,26.6848
alone,transaction,22.8296
alone,transaction,38.8870
alone,transaction,24.5605
alone,transaction,22.0728
alone,transaction,25.7797
alone,transaction,28.8809
alone,transaction,25.8685
alone,transaction,19.7104
alone,transaction,20.0149
alone,transaction,31.1264
alone,transaction,22.7284
alone,transaction,14.9308
alone,transaction,14.8872
alone,transaction,17.0314
alone,transaction,28.6994
alone,transaction,16.1947
alone,transaction,16.5459
alone,transaction,19.4428
alone,transaction,14.5256
alone,transaction,21.4772
alone,transaction,17.9534
alone,transaction,30.6983
alone,transaction,26.5715
alone,transaction,30.8036
alone,transaction,28.2403
alone,transaction,18.7570
alone,transaction,13.6714
alone,transaction,30.4038
alone,transaction,23.9165
alone,transaction,32.4303
alone,transaction,21.9000
alone,transaction,23.8099
alone,transaction,18.7609
alone,transaction,20.1653
alone,transaction,18.6289
alone,transaction,23.8430
alone,transaction,16.0450
alone,transaction,18.4849
alone,transaction,21.2308
alone,transaction,30.2607
alone,transaction,37.5239
alone,transaction,22.4691
alone,transaction,20.4548
alone,transaction,19.8172
alone,transaction,29.0783
alone,transaction,18.5982
alone,transaction,25.0113
alone,transaction,20.6817
alone,transaction,17.2664
alone,transaction,10.8662
alone,transaction,13.0411
alone,transaction,19.3285
alone,transaction,16.0954
alone,transaction,17.6548
alone,transaction,9.4770
alone,transaction,30.8264
alone,transaction,12.5229
alone,transaction,19.9214
alone,transaction,21.4302
alone,transaction,18.6746
alone,transaction,15.4191
alone,transaction,15.9129
alone,transaction,22.2357
alone,transaction,24.7638
alone,transaction,15.5196
alone,transaction,16.0187
alone,transaction,15.6217
alone,transaction,21.9427
alone,transaction,20.1935
alone,transaction,30.7185
alone,transaction,24.2851
alone,transaction,15.7166
alone,transaction,21.9344
alone,transaction,22.4583
alone,transaction,27.0456
alone,transaction,26.3318
alone,transaction,24.7278
alone,transaction,21.9527
alone,transaction,15.4321
alone,transaction,22.5888
alone,transaction,25.9424
alone,transaction,22.9435
alone,transaction,19.0434
alone,transaction,24.9504
alone,transaction,29.9902
alone,transaction,19.8856
alone,transaction,26.1891
alone,transaction,23.9801
alone,transaction,13.2576
alone,transaction,27.1452
alone,transaction,30.2111
alone,transaction,22.5345
alone,transaction,34.1428
alone,transaction,37.8192
alone,transaction,28.2184
alone,transaction,35.2653
alone,transaction,27.7167
alone,transaction,23.3777
alone,transaction,19.8800
alone,transaction,24.7022
alone,transaction,22.6537
alone,transaction,24.3176
alone,transaction,21.0525
alone,transaction,31.5508
alone,transaction,24.5289
alone,transaction,29.4999
alone,transaction,39.1420
alone,transaction,24.0354
alone,transaction,28.9755
alone,transaction,20.8691
alone,transaction,23.2270
alone,transaction,26.3580
alone,transaction,29.3102
alone,transaction,58.3881
alone,transaction,22.8899
alone,transaction,22.0907
alone,transaction,16.2204
alone,transaction,18.3174
alone,transaction,13.8041
alone,transaction,29.0928
alone,transaction,21.2387
alone,transaction,22.9109
alone,transaction,23.0313
alone,transaction,19.1272
alone,transaction,19.4742
alone,transaction,27.0242
alone,transaction,26.1860
alone,transaction,23.2839
alone,transaction,17.0821
alone,transaction,29.1086
alone,transaction,27.9333
alone,transaction,25.8384
alone,transaction,26.8234
alone,transaction,30.1339
alone,transaction,24.1694
alone,transaction,20.2750
alone,transaction,22.2435
alone,transaction,22.4718
alone,transaction,20.2904
alone,transaction,24.8799
alone,transaction,24.0280
alone,transaction,19.2462
alone,transaction,27.0425
alone,transaction,18.9914
alone,transaction,33.0117
alone,transaction,27.1849
alone,transaction,27.4103
alone,transaction,18.8401
alone,transaction,25.8976
alone,transaction,19.1418
alone,transaction,20.7756
alone,transaction,20.2893
alone,transaction,17.4753
alone,transaction,16.6976
alone,transaction,14.8692
alone,transaction,31.5839
alone,transaction,20.4436
alone,transaction,26.6308
alone,transaction,25.3380
alone,transaction,19.4967
alone,transaction,17.0149
alone,transaction,30.4845
alone,transaction,19.0794
alone,transaction,21.8083
alone,transaction,30.4321
alone,transaction,20.7452
alone,transaction,18.7865
alone,transaction,20.2622
alone,transaction,23.2129
alone,transaction,24.4567
alone,transaction,25.8411
alone,transaction,18.6794
alone,transaction,25.9883
alone,transaction,28.1979
alone,transaction,31.7177
alone,transaction,31.8567
alone,transaction,19.9278
alone,transaction,17.0877
alone,transaction,30.1681
alone,transaction,19.9771
alone,transaction,23.1385
alone,transaction,26.1368
alone,transaction,20.7571
alone,transaction,31.0028
alone,transaction,27.2655
alone,transaction,32.6738
alone,transaction,27.6464
alone,transaction,20.2132
alone,transaction,23.4589
alone,transaction,37.9965
alone,transaction,8.9209
alone,transaction,6.3193
alone,transaction,7.1853
alone,transaction,8.6024
alone,transaction,7.9949
alone,transaction,6.9052
alone,transaction,5.1553
alone,transaction,24.2678
alone,transaction,26.6050
alone,transaction,19.0361
alone,transaction,27.1173
alone,transaction,19.7070
alone,transaction,22.5996
alone,transaction,30.2224
alone,transaction,18.5009
alone,transaction,36.8086
alone,transaction,34.8552
alone,transaction,25.2332
alone,transaction,20.6566
alone,transaction,23.7987
alone,transaction,37.9401
alone,transaction,24.0095
alone,transaction,25.0868
alone,transaction,28.0874
alone,transaction,26.5294
alone,transaction,22.3884
alone,transaction,18.8729
alone,transaction,17.1184
alone,transaction,20.6261
alone,transaction,24.9936
alone,transaction,20.6864
alone,transaction,15.5070
alone,transaction,21.5229
alone,transaction,27.4914
alone,transaction,19.2529
alone,transaction,22.2997
alone,transaction,17.0162
alone,transaction,15.7971
alone,transaction,19.3549
alone,transaction,18.3399
alone,transaction,25.6751
alone,transaction,22.8963
alone,transaction,29.0694
alone,transaction,22.3130
alone,transaction,18.5014
alone,transaction,27.8045
alone,transaction,26.5075
alone,transaction,22.5136
alone,transaction,31.2259
alone,transaction,17.1795
alone,transaction,21.7904
alone,transaction,12.8370
alone,transaction,21.3794
alone,transaction,24.1103
alone,transaction,29.7411
alone,transaction,21.3697
alone,transaction,23.9744
alone,transaction,25.8279
alone,transaction,25.5430
alone,transaction,17.8228
alone,transaction,26.0129
alone,transaction,15.0319
alone,transaction,18.9645
alone,transaction,19.9651
alone,transaction,23.9331
alone,transaction,31.4828
alone,transaction,17.9471
alone,transaction,20.6978
alone,transaction,23.0412
alone,transaction,24.3344
alone,transaction,16.5296
alone,transaction,21.9842
alone,transaction,19.3529
alone,transaction,24.5566
alone,transaction,54.9214
alone,transaction,54.3256
alone,transaction,23.2635
alone,transaction,22.0569
alone,transaction,13.6247
alone,transaction,25.4145
alone,transaction,25.6157
alone,transaction,27.4709
alone,transaction,30.1310
alone,transaction,25.8146
alone,transaction,23.2142
alone,transaction,25.5270
alone,transaction,27.4912
alone,transaction,24.2179
alone,transaction,21.0540
alone,transaction,24.0508
alone,transaction,20.8692
alone,transaction,24.1316
alone,transaction,25.1446
alone,transaction,29.4430
alone,transaction,26.8096
alone,transaction,22.3643
alone,transaction,28.8170
alone,transaction,29.0356
alone,transaction,22.1612
alone,transaction,26.2916
alone,transaction,40.9645
alone,transaction,22.8388
alone,transaction,26.6756
alone,transaction,28.2253
alone,transaction,26.9545
alone,transaction,27.7062
alone,transaction,20.8982
alone,transaction,27.2473
alone,transaction,35.9879
alone,transaction,23.0746
alone,transaction,23.1418
alone,transaction,24.5203
alone,transaction,31.4099
alone,transaction,27.3523
alone,transaction,29.5215
alone,transaction,29.6560
alone,transaction,21.0335
alone,transaction,17.8637
alone,transaction,18.1277
alone,transaction,23.9376
alone,transaction,18.4149
alone,transaction,21.0211
alone,transaction,20.3383
alone,transaction,21.0272
alone,transaction,28.4360
alone,transaction,24.8472
alone,transaction,20.8852
alone,transaction,21.8262
alone,transaction,14.9021
alone,transaction,17.5211
alone,transaction,18.5273
alone,transaction,19.0346
alone,transaction,32.7862
alone,transaction,25.8730
alone,transaction,34.6730
alone,transaction,24.1110
alone,transaction,17.1906
alone,transaction,12.6941
alone,transaction,17.3925
alone,transaction,20.7144
alone,transaction,19.5810
alone,transaction,14.3711
alone,transaction,12.9188
alone,transaction,19.5032
alone,transaction,18.0148
alone,transaction,19.4119
alone,transaction,21.8375
alone,transaction,22.9244
alone,transaction,17.3947
alone,transaction,22.4661
alone,transaction,17.9300
alone,transaction,20.0501
alone,transaction,27.9942
alone,transaction,35.9779
alone,transaction,19.5747
alone,transaction,26.0115
alone,transaction,23.8193
alone,transaction,22.4598
alone,transaction,22.9425
alone,transaction,18.0527
alone,transaction,22.4510
alone,transaction,19.1324
alone,transaction,22.4305
alone,transaction,35.0856
alone,transaction,15.0609
alone,transaction,29.4067
alone,transaction,40.2714
alone,transaction,14.5862
alone,transaction,19.2587
alone,transaction,17.3173
alone,transaction,15.1069
alone,transaction,22.9537
alone,transaction,32.2745
alone,transaction,27.3356
alone,transaction,35.9575
alone,transaction,66.7987
alone,transaction,28.8042
alone,transaction,25.1936
alone,transaction,25.4993
alone,transaction,24.9824
alone,transaction,30.6004
alone,transaction,19.8259
alone,transaction,24.4555
alone,transaction,20.6276
alone,transaction,29.0454
alone,transaction,23.3065
alone,transaction,21.7332
alone,transaction,24.3395
alone,transaction,22.5685
alone,transaction,20.5293
alone,transaction,21.5827
alone,transaction,19.9178
alone,transaction,21.1325
alone,transaction,24.0928
alone,transaction,26.4909
alone,transaction,22.9797
alone,transaction,24.4670
alone,transaction,29.4609
alone,transaction,18.5962
alone,transaction,32.8541
alone,transaction,40.0510
alone,transaction,38.0896
alone,transaction,20.6328
alone,transaction,17.2813
alone,transaction,24.3417
alone,transaction,21.4686
alone,transaction,17.1791
alone,transaction,31.2632
alone,transaction,33.1264
alone,transaction,18.0312
alone,transaction,24.1069
alone,transaction,37.8003
alone,transaction,34.0581
alone,transaction,20.2549
alone,transaction,29.9752
alone,transaction,25.0722
alone,transaction,22.7954
alone,transaction,21.6473
alone,transaction,30.2120
alone,transaction,30.7931
alone,transaction,27.1698
alone,transaction,21.5033
alone,transaction,18.0487
alone,transaction,28.5404
alone,transaction,24.6785
alone,transaction,24.8337
alone,transaction,18.3322
alone,transaction,24.8027
alone,transaction,19.8484
alone,transaction,18.6157
alone,transaction,21.7142
alone,transaction,31.8544
alone,transaction,27.6052
alone,transaction,25.8940
alone,transaction,18.1155
alone,transaction,24.8471
alone,transaction,24.2011
alone,transaction,25.6286
alone,transaction,24.0784
alone,transaction,33.3929
alone,transaction,22.4573
alone,transaction,22.8719
alone,transaction,22.3190
alone,transaction,28.4395
alone,transaction,22.1697
alone,transaction,28.1383
alone,transaction,24.1617
alone,transaction,20.9291
alone,transaction,40.7938
alone,transaction,22.3279
alone,transaction,24.3349
alone,transaction,23.6929
alone,transaction,28.3673
alone,transaction,19.9981
alone,transaction,23.3239
alone,transaction,22.7279
alone,transaction,15.9182
alone,transaction,13.0711
alone,transaction,15.1897
alone,transaction,18.4339
alone,transaction,18.0851
alone,transaction,15.9479
alone,transaction,16.4071
alone,transaction,6.9971
alone,transaction,6.1274
alone,transaction,27.8735
alone,transaction,38.0587
alone,transaction,25.6279
alone,transaction,20.2875
alone,transaction,15.4560
alone,transaction,19.4785
alone,transaction,27.9405
alone,transaction,26.0162
alone,transaction,24.1747
alone,transaction,30.6125
alone,transaction,15.6548
alone,transaction,20.9879
alone,transaction,26.8757
alone,transaction,26.0119
alone,transaction,24.0136
alone,transaction,29.0225
alone,transaction,28.1068
alone,transaction,23.2331
alone,transaction,31.4992
alone,transaction,25.7458
alone,transaction,25.0816
alone,transaction,29.6884
alone,transaction,25.4824
alone,transaction,27.3472
alone,transaction,24.7281
alone,transaction,25.9846
alone,transaction,23.9886
alone,transaction,18.2049
alone,transaction,18.6238
alone,transaction,9.9719
alone,transaction,31.9680
alone,transaction,27.1061
alone,transaction,29.6381
alone,transaction,41.2376
alone,transaction,29.5749
alone,transaction,33.6582
alone,transaction,29.8537
alone,transaction,23.3100
alone,transaction,31.4412
alone,transaction,20.7612
alone,transaction,25.7191
alone,transaction,27.8642
alone,transaction,19.0915
alone,transaction,36.3006
alone,transaction,24.3470
alone,transaction,24.6404
alone,transaction,26.2972
alone,transaction,23.4155
alone,transaction,28.4484
alone,transaction,25.9012
alone,transaction,26.4863
alone,transaction,24.0087
alone,transaction,28.1579
alone,transaction,22.5021
alone,transaction,22.8572
alone,transaction,17.9983
alone,transaction,21.9315
alone,transaction,22.5590
alone,transaction,18.4543
alone,transaction,22.8721
alone,transaction,17.0169
alone,transaction,20.1790
alone,transaction,19.4433
alone,transaction,24.1771
alone,transaction,23.0519
alone,transaction,18.8475
alone,transaction,15.9561
alone,transaction,31.8100
alone,transaction,22.5518
alone,transaction,27.8346
alone,transaction,28.2533
alone,transaction,25.3719
alone,transaction,28.7033
alone,transaction,23.6778
alone,transaction,20.7456
alone,transaction,29.2033
alone,transaction,23.1173
alone,transaction,24.0278
alone,transaction,21.6728
alone,transaction,16.6929
alone,transaction,27.6638
alone,transaction,17.8771
alone,transaction,32.5223
alone,transaction,18.7681
alone,transaction,23.8151
alone,transaction,37.0108
alone,transaction,30.1320
alone,transaction,17.5801
alone,transaction,22.0132
alone,transaction,24.7945
alone,transaction,22.4393
alone,transaction,21.5210
alone,transaction,23.8046
alone,transaction,20.8445
alone,transaction,20.1372
alone,transaction,31.5575
alone,transaction,15.6070
alone,transaction,13.1967
alone,transaction,13.7477
alone,transaction,8.4385
alone,transaction,31.7190
alone,transaction,16.7228
alone,transaction,17.8838
alone,transaction,26.7280
alone,transaction,73.6939
alone,transaction,19.9663
alone,transaction,18.9765
alone,transaction,15.0632
alone,transaction,15.7996
alone,transaction,23.2027
alone,transaction,17.5920
alone,transaction,18.9167
alone,transaction,30.2251
alone,transaction,23.8416
alone,transaction,28.2981
alone,transaction,22.1583
alone,transaction,30.9071
alone,transaction,26.7327
alone,transaction,24.8316
alone,transaction,26.1510
alone,transaction,20.9582
alone,transaction,25.5353
alone,transaction,28.3708
alone,transaction,20.8820
alone,transaction,21.5375
alone,transaction,22.0187
alone,transaction,17.9519
alone,transaction,26.3362
alone,transaction,21.4955
alone,transaction,24.9834
alone,transaction,27.4212
alone,transaction,25.8610
alone,transaction,22.9255
alone,transaction,18.2931
alone,transaction,34.4011
alone,transaction,27.8836
alone,transaction,40.6441
alone,transaction,25.9862
alone,transaction,26.2048
alone,transaction,13.8377
alone,transaction,19.2169
alone,transaction,24.4116
alone,transaction,22.6757
alone,transaction,26.9368
alone,transaction,17.7269
alone,transaction,34.9433
alone,transaction,21.6454
alone,transaction,18.6390
alone,transaction,30.3409
alone,transaction,33.6833
alone,transaction,23.3442
alone,transaction,26.6490
alone,transaction,26.1585
alone,transaction,29.2491
alone,transaction,25.9595
alone,transaction,24.2694
alone,transaction,20.9161
alone,transaction,15.6136
alone,transaction,20.1005
alone,transaction,21.5124
alone,transaction,23.1002
alone,transaction,14.3968
alone,transaction,21.5028
alone,transaction,30.4521
alone,transaction,22.5227
alone,transaction,17.3965
alone,transaction,36.0646
alone,transaction,22.2560
alone,transaction,34.5611
alone,transaction,28.5465
alone,transaction,24.3374
alone,transaction,16.0010
alone,transaction,25.2567
alone,transaction,22.8364
alone,transaction,27.1353
alone,transaction,25.7478
alone,transaction,34.5652
alone,transaction,21.2273
alone,transaction,17.3486
alone,transaction,15.7844
alone,transaction,15.7734
alone,transaction,27.8129
alone,transaction,21.4386
alone,transaction,22.1274
alone,transaction,17.8617
alone,transaction,22.2651
alone,transaction,29.5927
alone,transaction,34.9292
alone,transaction,24.8050
alone,transaction,23.9149
alone,transaction,18.6636
alone,transaction,26.5040
alone,transaction,16.5943
alone,transaction,24.7617
alone,transaction,20.5298
alone,transaction,21.7134
alone,transaction,38.7295
alone,transaction,23.2278
alone,transaction,19.4113
alone,transaction,11.7524
alone,transaction,32.6241
alone,transaction,17.1792
alone,transaction,17.4280
alone,transaction,23.1333
alone,transaction,20.4115
alone,transaction,12.4798
alone,transaction,20.8727
alone,transaction,55.4117
alone,transaction,18.7435
alone,transaction,16.7683
alone,transaction,22.1523
alone,transaction,20.8513
alone,transaction,33.1606
alone,transaction,20.4456
alone,transaction,24.8640
alone,transaction,19.2687
alone,transaction,25.4271
alone,transaction,26.8494
alone,transaction,23.2131
alone,transaction,20.1944
alone,transaction,18.1449
alone,transaction,23.3543
alone,transaction,25.0224
alone,transaction,23.6657
alone,transaction,20.0720
alone,transaction,19.8374
alone,transaction,29.3907
alone,transaction,24.2981
alone,transaction,21.9650
alone,transaction,23.0395
alone,transaction,21.7748
alone,transaction,24.2590
alone,transaction,33.8555
alone,transaction,28.3364
alone,transaction,41.3917
alone,transaction,29.9085
alone,transaction,28.6597
alone,transaction,36.3454
alone,transaction,24.7026
alone,transaction,22.6867
alone,transaction,18.2646
alone,transaction,21.1125
alone,transaction,22.4731
alone,transaction,30.4825
alone,transaction,25.8211
alone,transaction,31.3215
alone,transaction,21.0791
alone,transaction,21.6244
alone,transaction,22.9561
alone,transaction,24.0717
alone,transaction,24.8118
alone,transaction,25.0990
alone,transaction,26.8430
alone,transaction,29.3545
alone,transaction,27.6074
alone,transaction,29.4777
alone,transaction,23.4231
alone,transaction,16.2593
alone,transaction,23.2786
alone,transaction,14.4043
alone,transaction,18.3157
alone,transaction,16.5862
alone,transaction,28.5434
alone,transaction,26.5599
alone,transaction,22.0501
alone,transaction,23.8583
alone,transaction,22.9533
alone,transaction,23.3842
alone,transaction,21.2625
alone,transaction,31.2225
alone,transaction,23.9221
alone,transaction,19.6764
alone,transaction,22.8387
alone,transaction,25.5196
alone,transaction,29.6412
alone,transaction,21.7046
alone,transaction,23.9012
alone,transaction,34.5771
alone,transaction,18.7974
alone,transaction,20.9397
alone,transaction,23.2686
alone,transaction,27.5125
alone,transaction,20.0340
alone,transaction,21.5903
alone,transaction,19.2799
alone,transaction,17.8542
alone,transaction,22.4398
alone,transaction,10.5533
alone,transaction,37.8849
alone,transaction,22.6679
alone,transaction,21.3976
alone,transaction,20.0399
alone,transaction,22.9478
alone,transaction,22.2640
alone,transaction,21.0660
alone,transaction,25.3424
alone,transaction,22.3389
alone,transaction,16.2773
alone,transaction,12.6076
alone,transaction,29.2750
alone,transaction,29.9377
alone,transaction,11.9929
alone,transaction,18.9351
alone,transaction,20.0853
alone,transaction,12.9194
alone,transaction,18.7119
alone,transaction,14.5972
alone,transaction,10.8418
alone,transaction,26.6811
alone,transaction,22.9937
alone,transaction,23.9421
alone,transaction,30.6543
alone,transaction,24.5962
alone,transaction,19.0492
alone,transaction,27.9487
alone,transaction,23.1386
alone,transaction,22.7150
alone,transaction,18.4493
alone,transaction,28.6208
alone,transaction,23.4284
alone,transaction,13.6184
alone,transaction,33.7285
alone,transaction,29.1475
alone,transaction,21.5449
alone,transaction,29.8644
alone,transaction,26.6684
alone,transaction,29.8281
alone,transaction,28.2610
alone,transaction,23.8507
alone,transaction,27.8748
alone,transaction,25.8153
alone,transaction,27.0363
alone,transaction,21.8495
alone,transaction,15.1066
alone,transaction,27.0028
alone,transaction,31.2527
alone,transaction,20.9068
alone,transaction,35.1212
alone,transaction,46.8942
alone,transaction,22.6991
alone,transaction,24.5027
alone,transaction,30.3523
alone,transaction,24.7286
alone,transaction,13.3704
alone,transaction,28.9384
alone,transaction,28.9273
alone,transaction,35.1560
alone,transaction,24.0419
alone,transaction,23.0015
alone,transaction,21.2570
alone,transaction,35.8506
alone,transaction,31.1753
alone,transaction,24.2954
alone,transaction,24.1426
alone,transaction,25.6616
alone,transaction,22.5490
alone,transaction,39.1241
alone,transaction,15.9051
alone,transaction,22.0207
alone,transaction,25.2390
alone,transaction,18.1229
alone,transaction,35.2918
alone,transaction,25.1718
alone,transaction,18.0985
alone,transaction,22.2722
alone,transaction,17.1949
alone,transaction,18.6934
alone,transaction,17.1784
alone,transaction,16.2685
alone,transaction,30.6871
alone,transaction,19.8925
alone,transaction,12.8302
alone,transaction,17.0152
alone,transaction,24.4139
alone,transaction,24.1472
alone,transaction,26.9614
alone,transaction,28.3854
alone,transaction,27.5343
alone,transaction,22.4732
alone,transaction,23.2612
alone,transaction,16.1288
alone,transaction,20.5337
alone,transaction,20.8723
alone,transaction,30.6592
alone,transaction,21.7671
alone,transaction,16.4417
alone,transaction,19.4047
alone,transaction,27.8002
alone,transaction,36.4110
alone,transaction,26.7606
alone,transaction,19.6992
alone,transaction,19.9763
alone,transaction,19.8594
alone,transaction,29.7400
alone,transaction,22.9174
alone,transaction,24.5564
alone,transaction,11.9094
alone,transaction,17.0025
alone,transaction,14.7187
alone,transaction,13.6318
alone,transaction,31.9923
alone,transaction,16.5667
alone,transaction,20.0251
alone,transaction,26.1984
alone,transaction,71.9608
alone,transaction,18.8609
alone,transaction,23.4021
alone,transaction,20.5201
alone,transaction,21.7041
alone,transaction,19.0604
alone,transaction,22.3057
alone,transaction,29.6626
alone,transaction,24.4729
alone,transaction,18.0546
alone,transaction,26.9456
alone,transaction,32.1890
alone,transaction,23.0822
alone,transaction,30.7246
alone,transaction,28.0915
alone,transaction,26.0005
alone,transaction,25.2068
alone,transaction,27.8790
alone,transaction,30.8380
alone,transaction,18.2717
alone,transaction,19.4337
alone,transaction,21.6100
alone,transaction,16.8287
alone,transaction,26.7566
alone,transaction,23.9556
alone,transaction,28.5482
alone,transaction,23.4344
alone,transaction,24.2020
alone,transaction,44.2229
alone,transaction,32.6068
alone,transaction,40.9820
alone,transaction,22.1372
alone,transaction,22.9857
alone,transaction,31.9410
alone,transaction,24.0382
alone,transaction,21.4294
alone,transaction,21.7609
alone,transaction,28.5809
alone,transaction,36.7911
alone,transaction,21.4122
alone,transaction,25.5856
alone,transaction,37.2849
alone,transaction,27.9447
alone,transaction,20.8001
alone,transaction,23.6300
alone,transaction,24.8328
alone,transaction,24.2933
alone,transaction,25.7634
alone,transaction,79.6268
alone,transaction,26.6753
alone,transaction,19.3904
alone,transaction,17.8227
alone,transaction,13.4361
alone,transaction,18.8122
alone,transaction,22.8854
alone,transaction,21.4721
alone,transaction,22.3845
alone,transaction,28.2498
alone,transaction,29.2543
alone,transaction,31.3167
alone,transaction,28.5230
alone,transaction,23.9015
alone,transaction,28.3355
alone,transaction,27.0519
alone,transaction,21.1888
alone,transaction,21.5561
alone,transaction,22.8434
alone,transaction,24.7922
alone,transaction,21.4751
alone,transaction,21.6788
alone,transaction,18.2241
alone,transaction,20.7440
alone,transaction,24.5506
alone,transaction,20.9541
alone,transaction,38.3979
alone,transaction,25.4022
alone,transaction,30.2046
alone,transaction,34.2915
alone,transaction,24.5492
alone,transaction,19.7751
alone,transaction,23.0358
alone,transaction,28.5837
alone,transaction,19.7092
alone,transaction,22.8104
alone,transaction,24.3282
alone,transaction,18.0372
alone,transaction,12.8138
alone,transaction,14.1476
alone,transaction,25.8559
alone,transaction,13.6252
alone,transaction,13.8249
alone,transaction,15.8169
alone,transaction,7.7869
alone,transaction,6.1200
alone,transaction,4.1431
alone,transaction,4.3666
alone,transaction,32.4270
alone,transaction,17.1806
alone,transaction,19.8602
alone,transaction,26.1212
alone,transaction,17.9912
alone,transaction,14.8293
alone,transaction,20.9163
alone,transaction,28.8079
alone,transaction,29.6054
alone,transaction,19.1507
alone,transaction,16.5202
alone,transaction,17.7069
alone,transaction,16.5575
alone,transaction,31.5362
alone,transaction,32.0142
alone,transaction,22.5060
alone,transaction,23.8518
alone,transaction,25.0918
alone,transaction,29.1856
alone,transaction,25.4305
alone,transaction,26.9288
alone,transaction,25.6564
alone,transaction,21.1051
alone,transaction,21.4865
alone,transaction,22.5296
alone,transaction,28.9432
alone,transaction,20.3471
alone,transaction,24.5679
alone,transaction,21.6044
alone,transaction,27.2173
alone,transaction,26.7891
alone,transaction,25.6128
alone,transaction,26.5181
alone,transaction,21.3597
alone,transaction,30.4322
alone,transaction,28.7380
alone,transaction,28.8134
alone,transaction,36.7624
alone,transaction,29.1278
alone,transaction,26.2429
alone,transaction,31.4074
alone,transaction,21.6851
alone,transaction,17.5948
alone,transaction,29.3247
alone,transaction,20.8812
alone,transaction,36.0885
alone,transaction,33.5264
alone,transaction,36.0372
alone,transaction,27.6711
alone,transaction,29.1563
alone,transaction,22.9398
alone,transaction,26.6756
alone,transaction,27.9204
alone,transaction,30.4111
alone,transaction,25.5057
alone,transaction,28.0554
alone,transaction,19.7984
alone,transaction,22.3377
alone,transaction,23.2403
alone,transaction,19.5659
alone,transaction,28.3074
alone,transaction,22.2294
alone,transaction,19.1657
alone,transaction,19.9165
alone,transaction,17.2697
alone,transaction,13.8812
alone,transaction,22.8590
alone,transaction,20.1165
alone,transaction,32.6284
alone,transaction,23.3719
alone,transaction,28.4520
alone,transaction,28.0832
alone,transaction,19.9153
alone,transaction,26.6967
alone,transaction,33.6268
alone,transaction,24.3825
alone,transaction,26.7118
alone,transaction,24.6601
alone,transaction,23.8239
alone,transaction,20.6037
alone,transaction,18.6855
alone,transaction,23.1144
alone,transaction,24.6669
alone,transaction,17.6039
alone,transaction,19.4988
alone,transaction,20.6808
alone,transaction,38.9850
alone,transaction,25.0079
alone,transaction,20.3863
alone,transaction,22.6275
alone,transaction,21.0102
alone,transaction,23.1710
alone,transaction,18.6885
alone,transaction,25.1134
alone,transaction,19.3410
alone,transaction,37.5041
alone,transaction,17.5379
alone,transaction,18.2700
alone,transaction,11.3384
alone,transaction,14.3045
alone,transaction,29.3657
alone,transaction,16.2980
alone,transaction,16.9513
alone,transaction,22.7921
alone,transaction,22.0401
alone,transaction,13.2805
alone,transaction,16.6478
alone,transaction,25.9211
alone,transaction,28.8830
alone,transaction,22.1683
alone,transaction,18.5769
alone,transaction,18.1036
alone,transaction,18.5488
alone,transaction,18.5633
alone,transaction,26.7731
alone,transaction,23.8175
alone,transaction,22.2795
alone,transaction,28.8476
alone,transaction,29.4903
alone,transaction,25.6819
alone,transaction,26.2467
alone,transaction,27.5134
alone,transaction,25.6795
alone,transaction,32.8410
alone,transaction,27.0686
alone,transaction,31.9195
alone,transaction,23.9738
alone,transaction,18.3591
alone,transaction,18.0332
alone,transaction,16.4380
alone,transaction,15.7086
alone,transaction,24.5779
alone,transaction,26.8983
alone,transaction,24.3175
alone,transaction,20.6586
alone,transaction,16.9765
alone,transaction,45.3352
alone,transaction,33.4461
alone,transaction,40.3608
alone,transaction,27.9010
alone,transaction,16.8168
alone,transaction,21.9625
alone,transaction,17.2331
alone,transaction,20.5725
alone,transaction,20.2283
alone,transaction,25.7770
alone,transaction,20.4243
alone,transaction,33.0246
alone,transaction,26.7514
alone,transaction,22.2918
alone,transaction,29.2193
alone,transaction,25.3695
alone,transaction,30.8867
alone,transaction,22.9882
alone,transaction,24.3346
alone,transaction,30.5693
alone,transaction,21.7633
alone,transaction,26.0022
alone,transaction,23.4599
alone,transaction,21.7345
alone,transaction,32.6790
alone,transaction,18.1273
alone,transaction,20.4307
alone,transaction,19.1488
alone,transaction,26.5999
alone,transaction,21.3228
alone,transaction,18.8380
alone,transaction,18.1815
alone,transaction,19.3977
alone,transaction,17.6197
alone,transaction,17.3713
alone,transaction,33.8233
alone,transaction,23.1405
alone,transaction,28.3482
alone,transaction,24.0912
alone,transaction,20.9327
alone,transaction,28.5308
alone,transaction,23.4820
alone,transaction,20.9679
alone,transaction,26.1527
alone,transaction,22.3606
alone,transaction,21.8520
alone,transaction,22.7482
alone,transaction,19.3045
alone,transaction,27.4709
alone,transaction,17.9650
alone,transaction,19.9543
alone,transaction,19.7399
alone,transaction,22.3267
alone,transaction,37.4432
alone,transaction,26.4421
alone,transaction,27.2103
alone,transaction,21.1094
alone,transaction,18.3824
alone,transaction,27.1976
alone,transaction,17.0649
alone,transaction,24.0782
alone,transaction,21.7949
alone,transaction,20.3253
alone,transaction,16.1767
alone,transaction,28.8545
alone,transaction,19.9226
alone,transaction,26.7947
alone,transaction,21.6964
alone,transaction,19.2348
alone,transaction,17.4276
alone,transaction,22.1023
alone,transaction,25.4702
alone,transaction,23.8658
alone,transaction,23.0809
alone,transaction,18.3213
alone,transaction,22.2399
alone,transaction,19.7712
alone,transaction,39.7607
alone,transaction,23.4739
alone,transaction,24.1929
alone,transaction,26.4373
alone,transaction,33.5368
alone,transaction,27.5880
alone,transaction,27.0073
alone,transaction,21.8746
alone,transaction,21.9675
alone,transaction,30.0467
alone,transaction,26.9456
alone,transaction,28.5400
alone,transaction,20.2915
alone,transaction,24.1262
alone,transaction,25.1918
alone,transaction,21.4726
alone,transaction,24.8767
alone,transaction,24.7391
alone,transaction,25.2755
alone,transaction,24.8594
alone,transaction,27.0592
alone,transaction,26.8751
alone,transaction,30.1943
alone,transaction,41.9367
alone,transaction,31.6934
alone,transaction,28.5765
alone,transaction,19.5946
alone,transaction,22.1348
alone,transaction,21.2892
alone,transaction,21.0583
alone,transaction,33.2432
alone,transaction,29.4679
alone,transaction,30.2492
alone,transaction,29.2328
alone,transaction,25.8458
alone,transaction,33.6037
alone,transaction,26.7194
alone,transaction,23.4459
alone,transaction,21.7378
alone,transaction,29.4878
alone,transaction,24.0249
alone,transaction,23.4738
alone,transaction,25.6599
alone,transaction,26.3451
alone,transaction,20.7338
alone,transaction,26.3547
alone,transaction,15.4735
alone,transaction,15.2503
alone,transaction,29.0327
alone,transaction,22.0866
alone,transaction,21.3426
alone,transaction,22.4126
alone,transaction,22.1857
alone,transaction,27.1170
alone,transaction,26.9720
alone,transaction,28.8620
alone,transaction,29.8259
alone,transaction,19.9634
alone,transaction,24.9425
alone,transaction,21.5472
alone,transaction,20.3756
alone,transaction,24.6476
alone,transaction,34.3061
alone,transaction,24.4742
alone,transaction,16.8991
alone,transaction,18.9449
alone,transaction,28.1492
alone,transaction,23.4733
alone,transaction,22.7195
alone,transaction,18.6125
alone,transaction,22.9153
alone,transaction,23.3537
alone,transaction,37.7412
alone,transaction,21.2128
alone,transaction,26.2665
alone,transaction,19.5588
alone,transaction,22.7784
alone,transaction,22.2821
alone,transaction,21.4300
alone,transaction,24.0488
alone,transaction,19.5436
alone,transaction,16.6343
alone,transaction,13.1983
alone,transaction,20.1381
alone,transaction,20.4918
alone,transaction,14.1026
alone,transaction,18.2845
alone,transaction,30.1970
alone,transaction,20.7473
alone,transaction,24.6378
alone,transaction,27.4535
alone,transaction,16.8545
alone,transaction,12.7472
alone,transaction,20.8990
alone,transaction,47.6444
alone,transaction,22.0450
alone,transaction,21.8231
alone,transaction,19.6431
alone,transaction,19.5839
alone,transaction,40.0815
alone,transaction,18.9640
alone,transaction,24.7367
alone,transaction,23.7426
alone,transaction,26.3856
alone,transaction,17.2353
alone,transaction,26.6886
alone,transaction,20.2460
alone,transaction,16.2275
alone,transaction,16.0312
alone,transaction,23.8819
alone,transaction,40.6367
alone,transaction,33.9595
alone,transaction,21.4720
alone,transaction,24.5069
alone,transaction,26.0822
alone,transaction,22.8064
alone,transaction,27.8150
alone,transaction,29.7881
alone,transaction,25.3783
alone,transaction,22.7179
alone,transaction,26.2586
alone,transaction,29.1390
alone,transaction,27.1524
alone,transaction,37.6821
alone,transaction,32.9720
alone,transaction,20.6423
alone,transaction,18.2262
alone,transaction,37.4893
alone,transaction,22.7181
alone,transaction,26.9474
alone,transaction,16.8889
alone,transaction,35.4751
alone,transaction,25.1948
alone,transaction,28.0374
alone,transaction,24.6445
alone,transaction,30.8756
alone,transaction,22.3582
alone,transaction,28.3455
alone,transaction,23.0954
alone,transaction,16.8859
alone,transaction,27.0117
alone,transaction,28.8819
alone,transaction,34.0458
alone,transaction,23.6872
alone,transaction,24.4845
alone,transaction,17.6552
alone,transaction,16.9904
alone,transaction,24.0002
alone,transaction,30.0222
alone,transaction,22.0163
alone,transaction,20.7689
alone,transaction,25.1475
alone,transaction,21.3371
alone,transaction,17.5228
alone,transaction,31.0691
alone,transaction,19.8456
alone,transaction,28.1159
alone,transaction,24.8971
alone,transaction,25.8329
alone,transaction,17.4414
alone,transaction,27.8933
alone,transaction,23.1442
alone,transaction,36.8560
alone,transaction,18.8374
alone,transaction,22.7403
alone,transaction,20.4112
alone,transaction,24.1590
alone,transaction,18.7355
alone,transaction,31.9118
alone,transaction,13.6485
alone,transaction,25.1997
alone,transaction,22.0996
alone,transaction,42.4012
alone,transaction,26.2010
alone,transaction,22.5764
alone,transaction,23.7182
alone,transaction,28.0619
alone,transaction,20.4515
alone,transaction,19.3125
alone,transaction,19.3175
alone,transaction,21.3668
alone,transaction,16.2284
alone,transaction,13.5488
alone,transaction,19.5204
alone,transaction,20.2213
alone,transaction,12.8269
alone,transaction,15.2593
alone,transaction,30.3002
alone,transaction,42.6682
alone,transaction,24.9791
alone,transaction,70.8549
alone,transaction,29.9565
alone,transaction,18.1131
alone,transaction,16.5470
alone,transaction,21.1868
alone,transaction,23.8669
alone,transaction,15.9006
alone,transaction,29.7163
alone,transaction,24.7315
alone,transaction,32.7016
alone,transaction,24.0408
alone,transaction,25.8594
alone,transaction,28.6195
alone,transaction,29.6953
alone,transaction,25.4171
alone,transaction,21.4933
alone,transaction,31.0600
alone,transaction,22.9610
alone,transaction,22.8240
alone,transaction,21.8034
alone,transaction,23.2018
alone,transaction,26.9156
alone,transaction,24.8204
alone,transaction,21.4267
alone,transaction,29.9848
alone,transaction,25.5718
alone,transaction,23.8807
alone,transaction,36.5345
alone,transaction,27.4534
alone,transaction,19.8972
alone,transaction,39.5311
alone,transaction,30.5162
alone,transaction,22.8999
alone,transaction,10.1330
alone,transaction,27.0677
alone,transaction,22.3760
alone,transaction,22.9419
alone,transaction,25.1050
alone,transaction,21.9900
alone,transaction,32.4871
alone,transaction,28.8447
alone,transaction,24.9608
alone,transaction,23.8812
alone,transaction,27.4121
alone,transaction,20.3251
alone,transaction,28.3807
alone,transaction,24.4674
alone,transaction,21.6185
alone,transaction,29.4812
alone,transaction,29.0985
alone,transaction,24.2548
alone,transaction,19.8511
alone,transaction,27.8205
alone,transaction,20.0789
alone,transaction,18.9670
alone,transaction,13.7722
alone,transaction,18.6103
alone,transaction,30.5469
alone,transaction,16.6957
alone,transaction,23.4649
alone,transaction,22.5412
alone,transaction,19.3354
alone,transaction,22.2621
alone,transaction,28.8105
alone,transaction,20.4683
alone,transaction,30.7658
alone,transaction,17.9917
alone,transaction,21.8921
alone,transaction,23.8493
alone,transaction,28.1206
alone,transaction,27.6827
alone,transaction,34.5173
alone,transaction,18.2420
alone,transaction,22.5936
alone,transaction,25.2542
alone,transaction,27.0804
alone,transaction,22.6968
alone,transaction,18.9989
alone,transaction,20.5126
alone,transaction,21.1219
alone,transaction,25.1937
alone,transaction,40.7088
alone,transaction,26.5302
alone,transaction,19.4862
alone,transaction,21.2487
alone,transaction,29.1649
alone,transaction,21.5022
alone,transaction,28.7757
alone,transaction,22.3106
alone,transaction,16.8076
alone,transaction,14.3460
alone,transaction,22.7308
alone,transaction,14.5098
alone,transaction,8.7649
alone,transaction,14.7370
alone,transaction,14.2635
alone,transaction,9.2272
alone,transaction,35.1255
alone,transaction,24.4130
alone,transaction,23.8837
alone,transaction,24.2907
alone,transaction,16.8046
alone,transaction,18.8202
alone,transaction,19.5883
alone,transaction,16.3986
alone,transaction,21.9666
alone,transaction,12.7804
alone,transaction,31.9039
alone,transaction,29.9195
alone,transaction,17.8752
alone,transaction,24.7217
alone,transaction,21.8151
alone,transaction,26.2435
alone,transaction,20.3636
alone,transaction,30.6535
alone,transaction,26.1414
alone,transaction,22.8170
alone,transaction,18.1359
alone,transaction,25.5845
alone,transaction,32.2944
alone,transaction,17.3727
alone,transaction,26.8612
alone,transaction,33.0596
alone,transaction,22.7611
alone,transaction,25.4022
alone,transaction,26.2555
alone,transaction,18.4701
alone,transaction,17.2200
alone,transaction,24.2437
alone,transaction,20.8792
alone,transaction,25.5283
alone,transaction,26.9560
alone,transaction,19.4181
alone,transaction,21.0431
alone,transaction,27.1748
alone,transaction,35.1855
alone,transaction,29.5755
alone,transaction,24.2484
alone,transaction,30.0444
alone,transaction,22.6944
alone,transaction,18.0808
alone,transaction,17.7473
alone,transaction,37.3008
alone,transaction,30.7825
alone,transaction,22.5994
alone,transaction,25.9057
alone,transaction,24.6309
alone,transaction,30.8953
alone,transaction,32.4860
alone,transaction,26.3767
alone,transaction,25.1988
alone,transaction,21.8510
alone,transaction,27.8615
alone,transaction,24.5098
alone,transaction,23.0255
alone,transaction,21.3968
alone,transaction,14.0234
alone,transaction,26.5639
alone,transaction,21.2188
alone,transaction,13.8996
alone,transaction,14.6093
alone,transaction,24.9759
alone,transaction,19.3683
alone,transaction,23.4128
alone,transaction,25.9611
alone,transaction,18.7652
alone,transaction,17.5112
alone,transaction,18.1295
alone,transaction,25.6502
alone,transaction,20.0354
alone,transaction,28.2780
alone,transaction,25.4749
alone,transaction,26.0667
alone,transaction,24.9754
alone,transaction,24.0652
alone,transaction,24.2784
alone,transaction,23.2046
alone,transaction,19.2855
alone,transaction,18.5061
alone,transaction,21.2909
alone,transaction,24.5346
alone,transaction,22.3502
alone,transaction,17.0244
alone,transaction,21.1635
alone,transaction,20.1521
alone,transaction,19.5793
alone,transaction,23.9495
alone,transaction,37.5561
alone,transaction,27.9678
alone,transaction,21.5636
alone,transaction,17.2677
alone,transaction,18.2664
alone,transaction,25.0135
alone,transaction,17.3154
alone,transaction,20.2604
alone,transaction,24.3291
alone,transaction,18.1752
alone,transaction,28.2652
alone,transaction,20.7762
alone,transaction,23.4549
alone,transaction,23.8602
alone,transaction,18.5445
alone,transaction,13.3097
alone,transaction,25.1755
alone,transaction,23.9190
alone,transaction,23.9054
alone,transaction,20.0544
alone,transaction,22.0997
alone,transaction,20.4986
alone,transaction,19.2736
alone,transaction,34.1169
alone,transaction,27.6975
alone,transaction,19.5703
alone,transaction,23.8213
alone,transaction,31.9119
alone,transaction,24.7799
alone,transaction,25.5020
alone,transaction,25.8174
alone,transaction,23.0388
alone,transaction,24.6947
alone,transaction,30.7679
alone,transaction,26.4829
alone,transaction,24.6458
alone,transaction,30.4938
alone,transaction,18.8528
alone,transaction,20.2305
alone,transaction,19.3133
alone,transaction,28.3475
alone,transaction,32.7244
alone,transaction,25.8851
alone,transaction,30.7413
alone,transaction,41.5394
alone,transaction,30.7610
alone,transaction,35.6251
alone,transaction,27.6403
alone,transaction,14.0106
alone,transaction,34.0358
alone,transaction,23.8865
alone,transaction,21.9990
alone,transaction,25.9276
alone,transaction,21.3442
alone,transaction,38.4690
alone,transaction,24.2802
alone,transaction,27.4995
alone,transaction,27.0817
alone,transaction,27.2612
alone,transaction,25.9143
alone,transaction,29.5447
alone,transaction,24.1765
alone,transaction,26.7511
alone,transaction,23.2053
alone,transaction,21.5813
alone,transaction,23.4306
alone,transaction,17.2901
alone,transaction,23.9207
alone,transaction,23.3154
alone,transaction,41.7781
alone,transaction,27.7776
alone,transaction,19.9977
alone,transaction,20.3676
alone,transaction,20.7483
alone,transaction,16.8283
alone,transaction,12.4022
alone,transaction,14.5326
alone,transaction,26.1849
alone,transaction,27.0022
alone,transaction,24.9358
alone,transaction,22.9787
alone,transaction,29.9536
alone,transaction,20.6120
alone,transaction,25.9323
alone,transaction,28.7214
alone,transaction,26.9269
alone,transaction,24.9272
alone,transaction,20.2357
alone,transaction,20.2323
alone,transaction,15.5973
alone,transaction,21.4427
alone,transaction,23.6389
alone,transaction,22.6407
alone,transaction,28.9687
alone,transaction,18.9901
alone,transaction,31.7683
alone,transaction,30.0107
alone,transaction,23.3553
alone,transaction,22.1475
alone,transaction,18.0076
alone,transaction,28.7392
alone,transaction,18.2672
alone,transaction,24.2834
alone,transaction,22.6751
alone,transaction,20.2891
alone,transaction,11.5085
alone,transaction,16.1073
alone,transaction,20.7380
alone,transaction,11.9749
alone,transaction,10.3663
